    Checking rrrah-memory v0.1.0 (/Users/themoretheless/Documents/Sources/rrrah/crates/rrrah-memory)
   Compiling rrrah-dedup v0.1.0 (/Users/themoretheless/Documents/Sources/rrrah/crates/rrrah-dedup)
warning: docs for function which may panic missing `# Panics` section
   --> crates/rrrah-memory/src/lease_cache.rs:107:5
    |
107 |     pub fn remove(&mut self, key: &K) -> Option<V> {
    |     ^^^^^^^^^^^^^^^^^^^^^^^^^^^^^^^^^^^^^^^^^^^^^^
    |
note: first possible panic found here
   --> crates/rrrah-memory/src/lease_cache.rs:115:26
    |
115 |             .map(|value| Arc::try_unwrap(value).ok().expect("removed value has no lease"))
    |                          ^^^^^^^^^^^^^^^^^^^^^^^^^^^^^^^^^^^^^^^^^^^^^^^^^^^^^^^^^^^^^^^^
    = help: for further information visit https://rust-lang.github.io/rust-clippy/rust-1.98.0/index.html#missing_panics_doc
    = note: `-W clippy::missing-panics-doc` implied by `-W clippy::pedantic`
    = help: to override `-W clippy::pedantic` add `#[allow(clippy::missing_panics_doc)]`

warning: docs for function which may panic missing `# Panics` section
   --> crates/rrrah-memory/src/lease_cache.rs:117:5
    |
117 |     pub fn take_lru(&mut self) -> Option<(K, V)> {
    |     ^^^^^^^^^^^^^^^^^^^^^^^^^^^^^^^^^^^^^^^^^^^^
    |
note: first possible panic found here
   --> crates/rrrah-memory/src/lease_cache.rs:122:17
    |
122 |                 Arc::try_unwrap(value).ok().expect("unpinned victim has no lease"),
    |                 ^^^^^^^^^^^^^^^^^^^^^^^^^^^^^^^^^^^^^^^^^^^^^^^^^^^^^^^^^^^^^^^^^^
    = help: for further information visit https://rust-lang.github.io/rust-clippy/rust-1.98.0/index.html#missing_panics_doc

warning: docs for function which may panic missing `# Panics` section
   --> crates/rrrah-memory/src/lease_cache.rs:140:5
    |
140 |     pub fn insert(&mut self, key: K, value: V, weight: u64) -> Result<Vec<(K, V)>, V> {
    |     ^^^^^^^^^^^^^^^^^^^^^^^^^^^^^^^^^^^^^^^^^^^^^^^^^^^^^^^^^^^^^^^^^^^^^^^^^^^^^^^^^
    |
note: first possible panic found here
   --> crates/rrrah-memory/src/lease_cache.rs:150:24
    |
150 |               return Err(Arc::try_unwrap(value)
    |  ________________________^
151 | |                 .ok()
152 | |                 .expect("rejected value has no cache owner"));
    | |____________________________________________________________^
    = help: for further information visit https://rust-lang.github.io/rust-clippy/rust-1.98.0/index.html#missing_panics_doc

warning: docs for function returning `Result` missing `# Errors` section
   --> crates/rrrah-memory/src/lease_cache.rs:140:5
    |
140 |     pub fn insert(&mut self, key: K, value: V, weight: u64) -> Result<Vec<(K, V)>, V> {
    |     ^^^^^^^^^^^^^^^^^^^^^^^^^^^^^^^^^^^^^^^^^^^^^^^^^^^^^^^^^^^^^^^^^^^^^^^^^^^^^^^^^
    |
    = help: for further information visit https://rust-lang.github.io/rust-clippy/rust-1.98.0/index.html#missing_errors_doc
    = note: `-W clippy::missing-errors-doc` implied by `-W clippy::pedantic`
    = help: to override `-W clippy::pedantic` add `#[allow(clippy::missing_errors_doc)]`

warning: docs for function which may panic missing `# Panics` section
   --> crates/rrrah-memory/src/lease_cache.rs:165:5
    |
165 |     pub fn set_limits(&mut self, limits: CacheLimits) -> Option<Vec<(K, V)>> {
    |     ^^^^^^^^^^^^^^^^^^^^^^^^^^^^^^^^^^^^^^^^^^^^^^^^^^^^^^^^^^^^^^^^^^^^^^^^
    |
note: first possible panic found here
   --> crates/rrrah-memory/src/lease_cache.rs:173:25
    |
173 |                         Arc::try_unwrap(value).ok().expect("unpinned victim has no lease"),
    |                         ^^^^^^^^^^^^^^^^^^^^^^^^^^^^^^^^^^^^^^^^^^^^^^^^^^^^^^^^^^^^^^^^^^
    = help: for further information visit https://rust-lang.github.io/rust-clippy/rust-1.98.0/index.html#missing_panics_doc

warning: docs for function which may panic missing `# Panics` section
   --> crates/rrrah-memory/src/lease_cache.rs:182:5
    |
182 |     pub fn drain_expired(&mut self) -> Vec<(K, V)> {
    |     ^^^^^^^^^^^^^^^^^^^^^^^^^^^^^^^^^^^^^^^^^^^^^^
    |
note: first possible panic found here
   --> crates/rrrah-memory/src/lease_cache.rs:190:21
    |
190 |                     Arc::try_unwrap(value).ok().expect("expired victim has no lease"),
    |                     ^^^^^^^^^^^^^^^^^^^^^^^^^^^^^^^^^^^^^^^^^^^^^^^^^^^^^^^^^^^^^^^^^
    = help: for further information visit https://rust-lang.github.io/rust-clippy/rust-1.98.0/index.html#missing_panics_doc

warning: docs for function which may panic missing `# Panics` section
   --> crates/rrrah-memory/src/policy.rs:76:5
    |
 76 |     pub fn set_limits(&mut self, limits: CacheLimits) -> Option<Vec<(K, V)>> {
    |     ^^^^^^^^^^^^^^^^^^^^^^^^^^^^^^^^^^^^^^^^^^^^^^^^^^^^^^^^^^^^^^^^^^^^^^^^
    |
note: first possible panic found here
   --> crates/rrrah-memory/src/policy.rs:100:40
    |
100 |             victims.push((key.clone(), self.remove(&key).expect("planned victim exists")));
    |                                        ^^^^^^^^^^^^^^^^^^^^^^^^^^^^^^^^^^^^^^^^^^^^^^^^^
    = help: for further information visit https://rust-lang.github.io/rust-clippy/rust-1.98.0/index.html#missing_panics_doc

warning: docs for function returning `Result` missing `# Errors` section
   --> crates/rrrah-memory/src/lib.rs:235:5
    |
235 |     pub fn try_buffer<T: Copy>(mut self, length: usize, value: T) -> Result<MutableBuffer<T>, BufferError> {
    |     ^^^^^^^^^^^^^^^^^^^^^^^^^^^^^^^^^^^^^^^^^^^^^^^^^^^^^^^^^^^^^^^^^^^^^^^^^^^^^^^^^^^^^^^^^^^^^^^^^^^^^^
    |
    = help: for further information visit https://rust-lang.github.io/rust-clippy/rust-1.98.0/index.html#missing_errors_doc

warning: `rrrah-memory` (lib) generated 8 warnings
    Checking rrrah-core v0.1.0 (/Users/themoretheless/Documents/Sources/rrrah/crates/rrrah-core)
warning: long literal lacking separators
  --> crates/rrrah-core/src/develop/ahd.rs:50:16
   |
50 |         if t > 0.008856 {
   |                ^^^^^^^^ help: consider: `0.008_856`
   |
   = help: for further information visit https://rust-lang.github.io/rust-clippy/rust-1.98.0/index.html#unreadable_literal
   = note: `-W clippy::unreadable-literal` implied by `-W clippy::pedantic`
   = help: to override `-W clippy::pedantic` add `#[allow(clippy::unreadable_literal)]`

warning: long literal lacking separators
   --> crates/rrrah-core/src/raster.rs:198:36
    |
198 |                         (((value - 0.55991073) / 0.17883277).exp() + 0.28466892) / 12.0
    |                                    ^^^^^^^^^^ help: consider: `0.559_910_73`
    |
    = help: for further information visit https://rust-lang.github.io/rust-clippy/rust-1.98.0/index.html#unreadable_literal

warning: long literal lacking separators
   --> crates/rrrah-core/src/raster.rs:198:50
    |
198 |                         (((value - 0.55991073) / 0.17883277).exp() + 0.28466892) / 12.0
    |                                                  ^^^^^^^^^^ help: consider: `0.178_832_77`
    |
    = help: for further information visit https://rust-lang.github.io/rust-clippy/rust-1.98.0/index.html#unreadable_literal

warning: long literal lacking separators
   --> crates/rrrah-core/src/raster.rs:198:70
    |
198 |                         (((value - 0.55991073) / 0.17883277).exp() + 0.28466892) / 12.0
    |                                                                      ^^^^^^^^^^ help: consider: `0.284_668_92`
    |
    = help: for further information visit https://rust-lang.github.io/rust-clippy/rust-1.98.0/index.html#unreadable_literal

warning: long literal lacking separators
   --> crates/rrrah-core/src/raster.rs:219:18
    |
219 |                 [1.6604910021084345, -0.5876411387885495, -0.07284986331988488],
    |                  ^^^^^^^^^^^^^^^^^^ help: consider: `1.660_491_002_108_434_5`
    |
    = help: for further information visit https://rust-lang.github.io/rust-clippy/rust-1.98.0/index.html#unreadable_literal

warning: long literal lacking separators
   --> crates/rrrah-core/src/raster.rs:219:39
    |
219 |                 [1.6604910021084345, -0.5876411387885495, -0.07284986331988488],
    |                                       ^^^^^^^^^^^^^^^^^^ help: consider: `0.587_641_138_788_549_5`
    |
    = help: for further information visit https://rust-lang.github.io/rust-clippy/rust-1.98.0/index.html#unreadable_literal

warning: long literal lacking separators
   --> crates/rrrah-core/src/raster.rs:219:60
    |
219 |                 [1.6604910021084345, -0.5876411387885495, -0.07284986331988488],
    |                                                            ^^^^^^^^^^^^^^^^^^^ help: consider: `0.072_849_863_319_884_88`
    |
    = help: for further information visit https://rust-lang.github.io/rust-clippy/rust-1.98.0/index.html#unreadable_literal

warning: long literal lacking separators
   --> crates/rrrah-core/src/raster.rs:220:19
    |
220 |                 [-0.12455047452159074, 1.1328998971259603, -0.008349422604369477],
    |                   ^^^^^^^^^^^^^^^^^^^ help: consider: `0.124_550_474_521_590_74`
    |
    = help: for further information visit https://rust-lang.github.io/rust-clippy/rust-1.98.0/index.html#unreadable_literal

warning: long literal lacking separators
   --> crates/rrrah-core/src/raster.rs:220:40
    |
220 |                 [-0.12455047452159074, 1.1328998971259603, -0.008349422604369477],
    |                                        ^^^^^^^^^^^^^^^^^^ help: consider: `1.132_899_897_125_960_3`
    |
    = help: for further information visit https://rust-lang.github.io/rust-clippy/rust-1.98.0/index.html#unreadable_literal

warning: long literal lacking separators
   --> crates/rrrah-core/src/raster.rs:220:61
    |
220 |                 [-0.12455047452159074, 1.1328998971259603, -0.008349422604369477],
    |                                                             ^^^^^^^^^^^^^^^^^^^^ help: consider: `0.008_349_422_604_369_477`
    |
    = help: for further information visit https://rust-lang.github.io/rust-clippy/rust-1.98.0/index.html#unreadable_literal

warning: long literal lacking separators
   --> crates/rrrah-core/src/raster.rs:221:19
    |
221 |                 [-0.018150763354905303, -0.10057889800800739, 1.1187296613629127],
    |                   ^^^^^^^^^^^^^^^^^^^^ help: consider: `0.018_150_763_354_905_303`
    |
    = help: for further information visit https://rust-lang.github.io/rust-clippy/rust-1.98.0/index.html#unreadable_literal

warning: long literal lacking separators
   --> crates/rrrah-core/src/raster.rs:221:42
    |
221 |                 [-0.018150763354905303, -0.10057889800800739, 1.1187296613629127],
    |                                          ^^^^^^^^^^^^^^^^^^^ help: consider: `0.100_578_898_008_007_39`
    |
    = help: for further information visit https://rust-lang.github.io/rust-clippy/rust-1.98.0/index.html#unreadable_literal

warning: long literal lacking separators
   --> crates/rrrah-core/src/raster.rs:221:63
    |
221 |                 [-0.018150763354905303, -0.10057889800800739, 1.1187296613629127],
    |                                                               ^^^^^^^^^^^^^^^^^^ help: consider: `1.118_729_661_362_912_7`
    |
    = help: for further information visit https://rust-lang.github.io/rust-clippy/rust-1.98.0/index.html#unreadable_literal

warning: item in documentation is missing backticks
  --> crates/rrrah-core/src/develop/ahd.rs:11:35
   |
11 | //! 3. Convert both candidates to CIELab and measure, per pixel, how many of its 4 neighbours lie within the
   |                                   ^^^^^^
   |
   = help: for further information visit https://rust-lang.github.io/rust-clippy/rust-1.98.0/index.html#doc_markdown
   = note: `-W clippy::doc-markdown` implied by `-W clippy::pedantic`
   = help: to override `-W clippy::pedantic` add `#[allow(clippy::doc_markdown)]`
help: try
   |
11 - //! 3. Convert both candidates to CIELab and measure, per pixel, how many of its 4 neighbours lie within the
11 + //! 3. Convert both candidates to `CIELab` and measure, per pixel, how many of its 4 neighbours lie within the
   |

warning: item in documentation is missing backticks
  --> crates/rrrah-core/src/develop/ahd.rs:12:53
   |
12 | //!    adaptive luminance / chrominance tolerances (ε_L, ε_C from the paper) — the homogeneity.
   |                                                     ^^^
   |
   = help: for further information visit https://rust-lang.github.io/rust-clippy/rust-1.98.0/index.html#doc_markdown
help: try
   |
12 - //!    adaptive luminance / chrominance tolerances (ε_L, ε_C from the paper) — the homogeneity.
12 + //!    adaptive luminance / chrominance tolerances (`ε_L`, ε_C from the paper) — the homogeneity.
   |

warning: item in documentation is missing backticks
  --> crates/rrrah-core/src/develop/ahd.rs:12:58
   |
12 | //!    adaptive luminance / chrominance tolerances (ε_L, ε_C from the paper) — the homogeneity.
   |                                                          ^^^
   |
   = help: for further information visit https://rust-lang.github.io/rust-clippy/rust-1.98.0/index.html#doc_markdown
help: try
   |
12 - //!    adaptive luminance / chrominance tolerances (ε_L, ε_C from the paper) — the homogeneity.
12 + //!    adaptive luminance / chrominance tolerances (ε_L, `ε_C` from the paper) — the homogeneity.
   |

warning: item in documentation is missing backticks
  --> crates/rrrah-core/src/develop/ahd.rs:42:89
   |
42 | /// Linear camera RGB (treated as sRGB/D65 primaries for the homogeneity metric only) → CIELab.
   |                                                                                         ^^^^^^
   |
   = help: for further information visit https://rust-lang.github.io/rust-clippy/rust-1.98.0/index.html#doc_markdown
help: try
   |
42 - /// Linear camera RGB (treated as sRGB/D65 primaries for the homogeneity metric only) → CIELab.
42 + /// Linear camera RGB (treated as sRGB/D65 primaries for the homogeneity metric only) → `CIELab`.
   |

warning: adding items after statements is confusing, since items exist from the start of the scope
  --> crates/rrrah-core/src/develop/ahd.rs:49:5
   |
49 | /     fn f(t: f32) -> f32 {
50 | |         if t > 0.008856 {
51 | |             t.cbrt()
52 | |         } else {
...  |
55 | |     }
   | |_____^
   |
   = help: for further information visit https://rust-lang.github.io/rust-clippy/rust-1.98.0/index.html#items_after_statements
   = note: `-W clippy::items-after-statements` implied by `-W clippy::pedantic`
   = help: to override `-W clippy::pedantic` add `#[allow(clippy::items_after_statements)]`

warning: casting `usize` to `isize` may wrap around the value
  --> crates/rrrah-core/src/develop/ahd.rs:63:21
   |
63 |     let (ox, oy) = (x0 as isize - MARGIN as isize, y0 as isize - MARGIN as isize);
   |                     ^^^^^^^^^^^ help: if this is intentional, use `cast_signed()` instead: `x0.cast_signed()`
   |
   = help: for further information visit https://rust-lang.github.io/rust-clippy/rust-1.98.0/index.html#cast_possible_wrap
   = note: `-W clippy::cast-possible-wrap` implied by `-W clippy::pedantic`
   = help: to override `-W clippy::pedantic` add `#[allow(clippy::cast_possible_wrap)]`

warning: casting `usize` to `isize` may wrap around the value
  --> crates/rrrah-core/src/develop/ahd.rs:63:35
   |
63 |     let (ox, oy) = (x0 as isize - MARGIN as isize, y0 as isize - MARGIN as isize);
   |                                   ^^^^^^^^^^^^^^^ help: if this is intentional, use `cast_signed()` instead: `MARGIN.cast_signed()`
   |
   = help: for further information visit https://rust-lang.github.io/rust-clippy/rust-1.98.0/index.html#cast_possible_wrap

warning: casting `usize` to `isize` may wrap around the value
  --> crates/rrrah-core/src/develop/ahd.rs:63:52
   |
63 |     let (ox, oy) = (x0 as isize - MARGIN as isize, y0 as isize - MARGIN as isize);
   |                                                    ^^^^^^^^^^^ help: if this is intentional, use `cast_signed()` instead: `y0.cast_signed()`
   |
   = help: for further information visit https://rust-lang.github.io/rust-clippy/rust-1.98.0/index.html#cast_possible_wrap

warning: casting `usize` to `isize` may wrap around the value
  --> crates/rrrah-core/src/develop/ahd.rs:63:66
   |
63 |     let (ox, oy) = (x0 as isize - MARGIN as isize, y0 as isize - MARGIN as isize);
   |                                                                  ^^^^^^^^^^^^^^^ help: if this is intentional, use `cast_signed()` instead: `MARGIN.cast_signed()`
   |
   = help: for further information visit https://rust-lang.github.io/rust-clippy/rust-1.98.0/index.html#cast_possible_wrap

warning: casting `usize` to `isize` may wrap around the value
  --> crates/rrrah-core/src/develop/ahd.rs:68:42
   |
68 |             mos[y * bw + x] = m.get(ox + x as isize, oy + y as isize);
   |                                          ^^^^^^^^^^ help: if this is intentional, use `cast_signed()` instead: `x.cast_signed()`
   |
   = help: for further information visit https://rust-lang.github.io/rust-clippy/rust-1.98.0/index.html#cast_possible_wrap

warning: casting `usize` to `isize` may wrap around the value
  --> crates/rrrah-core/src/develop/ahd.rs:68:59
   |
68 |             mos[y * bw + x] = m.get(ox + x as isize, oy + y as isize);
   |                                                           ^^^^^^^^^^ help: if this is intentional, use `cast_signed()` instead: `y.cast_signed()`
   |
   = help: for further information visit https://rust-lang.github.io/rust-clippy/rust-1.98.0/index.html#cast_possible_wrap

warning: casting `usize` to `isize` may wrap around the value
  --> crates/rrrah-core/src/develop/ahd.rs:69:44
   |
69 |             col[y * bw + x] = m.color(ox + x as isize, oy + y as isize);
   |                                            ^^^^^^^^^^ help: if this is intentional, use `cast_signed()` instead: `x.cast_signed()`
   |
   = help: for further information visit https://rust-lang.github.io/rust-clippy/rust-1.98.0/index.html#cast_possible_wrap

warning: casting `usize` to `isize` may wrap around the value
  --> crates/rrrah-core/src/develop/ahd.rs:69:61
   |
69 |             col[y * bw + x] = m.color(ox + x as isize, oy + y as isize);
   |                                                             ^^^^^^^^^^ help: if this is intentional, use `cast_signed()` instead: `y.cast_signed()`
   |
   = help: for further information visit https://rust-lang.github.io/rust-clippy/rust-1.98.0/index.html#cast_possible_wrap

warning: casting `usize` to `isize` may wrap around the value
  --> crates/rrrah-core/src/develop/ahd.rs:73:20
   |
73 |         y.clamp(0, bh as isize - 1) as usize * bw + x.clamp(0, bw as isize - 1) as usize
   |                    ^^^^^^^^^^^ help: if this is intentional, use `cast_signed()` instead: `bh.cast_signed()`
   |
   = help: for further information visit https://rust-lang.github.io/rust-clippy/rust-1.98.0/index.html#cast_possible_wrap

warning: casting `usize` to `isize` may wrap around the value
  --> crates/rrrah-core/src/develop/ahd.rs:73:64
   |
73 |         y.clamp(0, bh as isize - 1) as usize * bw + x.clamp(0, bw as isize - 1) as usize
   |                                                                ^^^^^^^^^^^ help: if this is intentional, use `cast_signed()` instead: `bw.cast_signed()`
   |
   = help: for further information visit https://rust-lang.github.io/rust-clippy/rust-1.98.0/index.html#cast_possible_wrap

warning: casting `usize` to `isize` may wrap around the value
  --> crates/rrrah-core/src/develop/ahd.rs:78:17
   |
78 |     for y in 0..bh as isize {
   |                 ^^^^^^^^^^^ help: if this is intentional, use `cast_signed()` instead: `bh.cast_signed()`
   |
   = help: for further information visit https://rust-lang.github.io/rust-clippy/rust-1.98.0/index.html#cast_possible_wrap

warning: casting `usize` to `isize` may wrap around the value
  --> crates/rrrah-core/src/develop/ahd.rs:79:21
   |
79 |         for x in 0..bw as isize {
   |                     ^^^^^^^^^^^ help: if this is intentional, use `cast_signed()` instead: `bw.cast_signed()`
   |
   = help: for further information visit https://rust-lang.github.io/rust-clippy/rust-1.98.0/index.html#cast_possible_wrap

warning: casting `usize` to `isize` may wrap around the value
  --> crates/rrrah-core/src/develop/ahd.rs:98:21
   |
98 |         for y in 0..bh as isize {
   |                     ^^^^^^^^^^^ help: if this is intentional, use `cast_signed()` instead: `bh.cast_signed()`
   |
   = help: for further information visit https://rust-lang.github.io/rust-clippy/rust-1.98.0/index.html#cast_possible_wrap

warning: casting `usize` to `isize` may wrap around the value
  --> crates/rrrah-core/src/develop/ahd.rs:99:25
   |
99 |             for x in 0..bw as isize {
   |                         ^^^^^^^^^^^ help: if this is intentional, use `cast_signed()` instead: `bw.cast_signed()`
   |
   = help: for further information visit https://rust-lang.github.io/rust-clippy/rust-1.98.0/index.html#cast_possible_wrap

warning: casting `usize` to `isize` may wrap around the value
   --> crates/rrrah-core/src/develop/ahd.rs:131:17
    |
131 |     for y in 1..bh as isize - 1 {
    |                 ^^^^^^^^^^^ help: if this is intentional, use `cast_signed()` instead: `bh.cast_signed()`
    |
    = help: for further information visit https://rust-lang.github.io/rust-clippy/rust-1.98.0/index.html#cast_possible_wrap

warning: casting `usize` to `isize` may wrap around the value
   --> crates/rrrah-core/src/develop/ahd.rs:132:21
    |
132 |         for x in 1..bw as isize - 1 {
    |                     ^^^^^^^^^^^ help: if this is intentional, use `cast_signed()` instead: `bw.cast_signed()`
    |
    = help: for further information visit https://rust-lang.github.io/rust-clippy/rust-1.98.0/index.html#cast_possible_wrap

warning: casting `usize` to `isize` may wrap around the value
   --> crates/rrrah-core/src/develop/ahd.rs:162:32
    |
162 |                     let j = cl(x as isize + dx, y as isize + dy);
    |                                ^^^^^^^^^^ help: if this is intentional, use `cast_signed()` instead: `x.cast_signed()`
    |
    = help: for further information visit https://rust-lang.github.io/rust-clippy/rust-1.98.0/index.html#cast_possible_wrap

warning: casting `usize` to `isize` may wrap around the value
   --> crates/rrrah-core/src/develop/ahd.rs:162:49
    |
162 |                     let j = cl(x as isize + dx, y as isize + dy);
    |                                                 ^^^^^^^^^^ help: if this is intentional, use `cast_signed()` instead: `y.cast_signed()`
    |
    = help: for further information visit https://rust-lang.github.io/rust-clippy/rust-1.98.0/index.html#cast_possible_wrap

warning: `if` chain can be rewritten with `match`
   --> crates/rrrah-core/src/develop/ahd.rs:168:22
    |
168 |               out.push(if sh > sv {
    |  ______________________^
169 | |                 rh[i]
170 | |             } else if sv > sh {
171 | |                 rv[i]
...   |
178 | |             });
    | |_____________^ help: consider rewriting the `if` chain with `match`: `match sh.cmp(&sv) {...}`
    |
    = help: for further information visit https://rust-lang.github.io/rust-clippy/rust-1.98.0/index.html#comparison_chain
    = note: `-W clippy::comparison-chain` implied by `-W clippy::pedantic`
    = help: to override `-W clippy::pedantic` add `#[allow(clippy::comparison_chain)]`

warning: manual implementation of `midpoint` which can overflow
  --> crates/rrrah-core/src/develop/highlight.rs:87:15
   |
87 |     let fx = ((x as f32 + 0.5) / 2.0 - 0.5).clamp(0.0, (cw - 1) as f32);
   |               ^^^^^^^^^^^^^^^^^^^^^^ help: use `f32::midpoint` instead: `f32::midpoint(x as f32, 0.5)`
   |
   = help: for further information visit https://rust-lang.github.io/rust-clippy/rust-1.98.0/index.html#manual_midpoint
   = note: `-W clippy::manual-midpoint` implied by `-W clippy::pedantic`
   = help: to override `-W clippy::pedantic` add `#[allow(clippy::manual_midpoint)]`

warning: manual implementation of `midpoint` which can overflow
  --> crates/rrrah-core/src/develop/highlight.rs:88:15
   |
88 |     let fy = ((y as f32 + 0.5) / 2.0 - 0.5).clamp(0.0, (ch - 1) as f32);
   |               ^^^^^^^^^^^^^^^^^^^^^^ help: use `f32::midpoint` instead: `f32::midpoint(y as f32, 0.5)`
   |
   = help: for further information visit https://rust-lang.github.io/rust-clippy/rust-1.98.0/index.html#manual_midpoint

warning: needless use of `for_each`
   --> crates/rrrah-core/src/develop/opcodes.rs:323:13
    |
323 |             planes.iter().for_each(|p| f64s(&mut o, p));
    |             ^^^^^^^^^^^^^^^^^^^^^^^^^^^^^^^^^^^^^^^^^^^^ help: try: `for p in planes.iter() { f64s(&mut o, p); }`
    |
    = help: for further information visit https://rust-lang.github.io/rust-clippy/rust-1.98.0/index.html#needless_for_each
    = note: `-W clippy::needless-for-each` implied by `-W clippy::pedantic`
    = help: to override `-W clippy::pedantic` add `#[allow(clippy::needless_for_each)]`

warning: needless use of `for_each`
   --> crates/rrrah-core/src/develop/opcodes.rs:329:13
    |
329 |             planes.iter().for_each(|p| f64s(&mut o, p));
    |             ^^^^^^^^^^^^^^^^^^^^^^^^^^^^^^^^^^^^^^^^^^^^ help: try: `for p in planes.iter() { f64s(&mut o, p); }`
    |
    = help: for further information visit https://rust-lang.github.io/rust-clippy/rust-1.98.0/index.html#needless_for_each

warning: needless use of `for_each`
   --> crates/rrrah-core/src/develop/opcodes.rs:351:13
    |
351 |             points.iter().for_each(|&(r, c)| u32s(&mut o, &[r, c]));
    |             ^^^^^^^^^^^^^^^^^^^^^^^^^^^^^^^^^^^^^^^^^^^^^^^^^^^^^^^^ help: try: `for &(r, c) in points.iter() { u32s(&mut o, &[r, c]); }`
    |
    = help: for further information visit https://rust-lang.github.io/rust-clippy/rust-1.98.0/index.html#needless_for_each

warning: needless use of `for_each`
   --> crates/rrrah-core/src/develop/opcodes.rs:352:13
    |
352 |             rects.iter().for_each(|r| u32s(&mut o, r));
    |             ^^^^^^^^^^^^^^^^^^^^^^^^^^^^^^^^^^^^^^^^^^^ help: try: `for r in rects.iter() { u32s(&mut o, r); }`
    |
    = help: for further information visit https://rust-lang.github.io/rust-clippy/rust-1.98.0/index.html#needless_for_each

warning: needless use of `for_each`
   --> crates/rrrah-core/src/develop/opcodes.rs:367:13
    |
367 |             table.iter().for_each(|v| o.extend_from_slice(&v.to_be_bytes()));
    |             ^^^^^^^^^^^^^^^^^^^^^^^^^^^^^^^^^^^^^^^^^^^^^^^^^^^^^^^^^^^^^^^^^ help: try: `for v in table.iter() { o.extend_from_slice(&v.to_be_bytes()); }`
    |
    = help: for further information visit https://rust-lang.github.io/rust-clippy/rust-1.98.0/index.html#needless_for_each

warning: casting `usize` to `isize` may wrap around the value
   --> crates/rrrah-core/src/develop/opcodes.rs:717:20
    |
717 |         Some(c) => c.width.max(c.height) as isize,
    |                    ^^^^^^^^^^^^^^^^^^^^^^^^^^^^^^ help: if this is intentional, use `cast_signed()` instead: `c.width.max(c.height).cast_signed()`
    |
    = help: for further information visit https://rust-lang.github.io/rust-clippy/rust-1.98.0/index.html#cast_possible_wrap

warning: casting `usize` to `isize` may wrap around the value
   --> crates/rrrah-core/src/develop/opcodes.rs:738:33
    |
738 |                 let (nx, ny) = (x as isize + dx, y as isize + dy);
    |                                 ^^^^^^^^^^ help: if this is intentional, use `cast_signed()` instead: `x.cast_signed()`
    |
    = help: for further information visit https://rust-lang.github.io/rust-clippy/rust-1.98.0/index.html#cast_possible_wrap

warning: casting `usize` to `isize` may wrap around the value
   --> crates/rrrah-core/src/develop/opcodes.rs:738:50
    |
738 |                 let (nx, ny) = (x as isize + dx, y as isize + dy);
    |                                                  ^^^^^^^^^^ help: if this is intentional, use `cast_signed()` instead: `y.cast_signed()`
    |
    = help: for further information visit https://rust-lang.github.io/rust-clippy/rust-1.98.0/index.html#cast_possible_wrap

warning: casting `usize` to `isize` may wrap around the value
   --> crates/rrrah-core/src/develop/opcodes.rs:739:46
    |
739 |                 if nx < 0 || ny < 0 || nx >= w as isize || ny >= h as isize {
    |                                              ^^^^^^^^^^ help: if this is intentional, use `cast_signed()` instead: `w.cast_signed()`
    |
    = help: for further information visit https://rust-lang.github.io/rust-clippy/rust-1.98.0/index.html#cast_possible_wrap

warning: casting `usize` to `isize` may wrap around the value
   --> crates/rrrah-core/src/develop/opcodes.rs:739:66
    |
739 |                 if nx < 0 || ny < 0 || nx >= w as isize || ny >= h as isize {
    |                                                                  ^^^^^^^^^^ help: if this is intentional, use `cast_signed()` instead: `h.cast_signed()`
    |
    = help: for further information visit https://rust-lang.github.io/rust-clippy/rust-1.98.0/index.html#cast_possible_wrap

warning: casting `usize` to `isize` may wrap around the value
  --> crates/rrrah-core/src/develop/xtrans.rs:38:30
   |
38 |                 x.rem_euclid(pw as isize) as usize,
   |                              ^^^^^^^^^^^ help: if this is intentional, use `cast_signed()` instead: `pw.cast_signed()`
   |
   = help: for further information visit https://rust-lang.github.io/rust-clippy/rust-1.98.0/index.html#cast_possible_wrap

warning: casting `usize` to `isize` may wrap around the value
  --> crates/rrrah-core/src/develop/xtrans.rs:39:30
   |
39 |                 y.rem_euclid(ph as isize) as usize,
   |                              ^^^^^^^^^^^ help: if this is intentional, use `cast_signed()` instead: `ph.cast_signed()`
   |
   = help: for further information visit https://rust-lang.github.io/rust-clippy/rust-1.98.0/index.html#cast_possible_wrap

warning: casting `usize` to `isize` may wrap around the value
  --> crates/rrrah-core/src/develop/xtrans.rs:44:22
   |
44 |         for py in 0..ph as isize {
   |                      ^^^^^^^^^^^ help: if this is intentional, use `cast_signed()` instead: `ph.cast_signed()`
   |
   = help: for further information visit https://rust-lang.github.io/rust-clippy/rust-1.98.0/index.html#cast_possible_wrap

warning: casting `usize` to `isize` may wrap around the value
  --> crates/rrrah-core/src/develop/xtrans.rs:45:26
   |
45 |             for px in 0..pw as isize {
   |                          ^^^^^^^^^^^ help: if this is intentional, use `cast_signed()` instead: `pw.cast_signed()`
   |
   = help: for further information visit https://rust-lang.github.io/rust-clippy/rust-1.98.0/index.html#cast_possible_wrap

warning: redundant closure
  --> crates/rrrah-core/src/develop/xtrans.rs:86:29
   |
86 |     sorted.sort_unstable_by(|a, b| a.total_cmp(b));
   |                             ^^^^^^^^^^^^^^^^^^^^^ help: replace the closure with the method itself: `f32::total_cmp`
   |
   = help: for further information visit https://rust-lang.github.io/rust-clippy/rust-1.98.0/index.html#redundant_closure_for_method_calls
   = note: `-W clippy::redundant-closure-for-method-calls` implied by `-W clippy::pedantic`
   = help: to override `-W clippy::pedantic` add `#[allow(clippy::redundant_closure_for_method_calls)]`

warning: casting `usize` to `isize` may wrap around the value
   --> crates/rrrah-core/src/develop/xtrans.rs:105:18
    |
105 |         let yi = y as isize;
    |                  ^^^^^^^^^^ help: if this is intentional, use `cast_signed()` instead: `y.cast_signed()`
    |
    = help: for further information visit https://rust-lang.github.io/rust-clippy/rust-1.98.0/index.html#cast_possible_wrap

warning: casting `usize` to `isize` may wrap around the value
   --> crates/rrrah-core/src/develop/xtrans.rs:125:50
    |
125 |                         .map(|&(dx, dy)| m.data[(i as isize + dy * w as isize + dx) as usize]),
    |                                                  ^^^^^^^^^^ help: if this is intentional, use `cast_signed()` instead: `i.cast_signed()`
    |
    = help: for further information visit https://rust-lang.github.io/rust-clippy/rust-1.98.0/index.html#cast_possible_wrap

warning: casting `usize` to `isize` may wrap around the value
   --> crates/rrrah-core/src/develop/xtrans.rs:125:68
    |
125 |                         .map(|&(dx, dy)| m.data[(i as isize + dy * w as isize + dx) as usize]),
    |                                                                    ^^^^^^^^^^ help: if this is intentional, use `cast_signed()` instead: `w.cast_signed()`
    |
    = help: for further information visit https://rust-lang.github.io/rust-clippy/rust-1.98.0/index.html#cast_possible_wrap

warning: casting `usize` to `isize` may wrap around the value
   --> crates/rrrah-core/src/develop/xtrans.rs:130:21
    |
130 |             let x = x as isize;
    |                     ^^^^^^^^^^ help: if this is intentional, use `cast_signed()` instead: `x.cast_signed()`
    |
    = help: for further information visit https://rust-lang.github.io/rust-clippy/rust-1.98.0/index.html#cast_possible_wrap

warning: casting `usize` to `isize` may wrap around the value
   --> crates/rrrah-core/src/develop/xtrans.rs:169:18
    |
169 |         let yi = y as isize;
    |                  ^^^^^^^^^^ help: if this is intentional, use `cast_signed()` instead: `y.cast_signed()`
    |
    = help: for further information visit https://rust-lang.github.io/rust-clippy/rust-1.98.0/index.html#cast_possible_wrap

warning: casting `usize` to `isize` may wrap around the value
   --> crates/rrrah-core/src/develop/xtrans.rs:184:34
    |
184 |                         let j = (i as isize + dy * w as isize + dx) as usize;
    |                                  ^^^^^^^^^^ help: if this is intentional, use `cast_signed()` instead: `i.cast_signed()`
    |
    = help: for further information visit https://rust-lang.github.io/rust-clippy/rust-1.98.0/index.html#cast_possible_wrap

warning: casting `usize` to `isize` may wrap around the value
   --> crates/rrrah-core/src/develop/xtrans.rs:184:52
    |
184 |                         let j = (i as isize + dy * w as isize + dx) as usize;
    |                                                    ^^^^^^^^^^ help: if this is intentional, use `cast_signed()` instead: `w.cast_signed()`
    |
    = help: for further information visit https://rust-lang.github.io/rust-clippy/rust-1.98.0/index.html#cast_possible_wrap

warning: casting `usize` to `isize` may wrap around the value
   --> crates/rrrah-core/src/develop/xtrans.rs:195:21
    |
195 |             let x = x as isize;
    |                     ^^^^^^^^^^ help: if this is intentional, use `cast_signed()` instead: `x.cast_signed()`
    |
    = help: for further information visit https://rust-lang.github.io/rust-clippy/rust-1.98.0/index.html#cast_possible_wrap

warning: casting `usize` to `isize` may wrap around the value
  --> crates/rrrah-core/src/develop/mod.rs:88:23
   |
88 |     let period = 2 * (n as isize - 1);
   |                       ^^^^^^^^^^ help: if this is intentional, use `cast_signed()` instead: `n.cast_signed()`
   |
   = help: for further information visit https://rust-lang.github.io/rust-clippy/rust-1.98.0/index.html#cast_possible_wrap

warning: casting `usize` to `isize` may wrap around the value
  --> crates/rrrah-core/src/develop/mod.rs:90:13
   |
90 |     if j >= n as isize {
   |             ^^^^^^^^^^ help: if this is intentional, use `cast_signed()` instead: `n.cast_signed()`
   |
   = help: for further information visit https://rust-lang.github.io/rust-clippy/rust-1.98.0/index.html#cast_possible_wrap

warning: this `if` statement can be collapsed
   --> crates/rrrah-core/src/develop/mod.rs:192:9
    |
192 | /         if let Opcode::FixBadPixelsList { points, rects, .. } = op {
193 | |             if points.iter().any(|(y, x)| *y >= md.height || *x >= md.width)
194 | |                 || rects
195 | |                     .iter()
...   |
200 | |         }
    | |_________^
    |
    = help: for further information visit https://rust-lang.github.io/rust-clippy/rust-1.98.0/index.html#collapsible_if
    = note: `-W clippy::collapsible-if` implied by `-W clippy::all`
    = help: to override `-W clippy::all` add `#[allow(clippy::collapsible_if)]`
help: collapse nested if block
    |
192 ~         if let Opcode::FixBadPixelsList { points, rects, .. } = op
193 ~             && (points.iter().any(|(y, x)| *y >= md.height || *x >= md.width)
194 |                 || rects
195 |                     .iter()
196 ~                     .any(|r| r[0] >= r[2] || r[1] >= r[3] || r[2] > md.height || r[3] > md.width))
197 |             {
198 |                 return Err(DevelopError::Invalid("bad-pixel area outside sensor"));
199 ~             }
    |

warning: this `if` statement can be collapsed
   --> crates/rrrah-core/src/develop/mod.rs:203:9
    |
203 | /         if let Opcode::GainMap { area, .. } = op {
204 | |             if area.bottom > md.height || area.right > md.width {
205 | |                 return Err(DevelopError::Invalid("gain-map area outside sensor"));
206 | |             }
207 | |         }
    | |_________^
    |
    = help: for further information visit https://rust-lang.github.io/rust-clippy/rust-1.98.0/index.html#collapsible_if
help: collapse nested if block
    |
203 ~         if let Opcode::GainMap { area, .. } = op
204 ~             && (area.bottom > md.height || area.right > md.width) {
205 |                 return Err(DevelopError::Invalid("gain-map area outside sensor"));
206 ~             }
    |

warning: casting `usize` to `isize` may wrap around the value
   --> crates/rrrah-core/src/develop/mod.rs:270:38
    |
270 |                     let sx = reflect(x as isize + dx, w);
    |                                      ^^^^^^^^^^ help: if this is intentional, use `cast_signed()` instead: `x.cast_signed()`
    |
    = help: for further information visit https://rust-lang.github.io/rust-clippy/rust-1.98.0/index.html#cast_possible_wrap

warning: casting `usize` to `isize` may wrap around the value
   --> crates/rrrah-core/src/develop/mod.rs:271:38
    |
271 |                     let sy = reflect(y as isize + dy, h);
    |                                      ^^^^^^^^^^ help: if this is intentional, use `cast_signed()` instead: `y.cast_signed()`
    |
    = help: for further information visit https://rust-lang.github.io/rust-clippy/rust-1.98.0/index.html#cast_possible_wrap

warning: casting `usize` to `u32` may truncate the value on targets with 64-bit wide pointers
  --> crates/rrrah-core/src/frame.rs:97:23
   |
97 |             *output = code as u32;
   |                       ^^^^^^^^^^^
   |
   = help: if this is intentional allow the lint with `#[allow(clippy::cast_possible_truncation)]` ...
   = help: for further information visit https://rust-lang.github.io/rust-clippy/rust-1.98.0/index.html#cast_possible_truncation
   = note: `-W clippy::cast-possible-truncation` implied by `-W clippy::pedantic`
   = help: to override `-W clippy::pedantic` add `#[allow(clippy::cast_possible_truncation)]`
help: ... or use `try_from` and handle the error accordingly
   |
97 -             *output = code as u32;
97 +             *output = u32::try_from(code);
   |

warning: this function has too many lines (102/100)
   --> crates/rrrah-core/src/raster.rs:131:5
    |
131 | /     fn hdr_to_linear_srgb(
132 | |         &self,
133 | |         reference_white_nits: f32,
134 | |         hlg: Option<(f32, f32)>,
135 | |         budget: Option<&rrrah_memory::MemoryBudget>,
136 | |         cancel: impl Fn() -> bool,
137 | |     ) -> Result<Self, RasterError> {
    | |__________________________________^
    |
    = help: for further information visit https://rust-lang.github.io/rust-clippy/rust-1.98.0/index.html#too_many_lines
    = note: `-W clippy::too-many-lines` implied by `-W clippy::pedantic`
    = help: to override `-W clippy::pedantic` add `#[allow(clippy::too_many_lines)]`

warning: this `if` statement can be collapsed
   --> crates/rrrah-core/src/raster.rs:144:9
    |
144 | /         if let Some((peak, gamma)) = hlg {
145 | |             if !peak.is_finite()
146 | |                 || !(1.0..=10000.0).contains(&peak)
147 | |                 || !gamma.is_finite()
...   |
152 | |         }
    | |_________^
    |
    = help: for further information visit https://rust-lang.github.io/rust-clippy/rust-1.98.0/index.html#collapsible_if
help: collapse nested if block
    |
144 ~         if let Some((peak, gamma)) = hlg
145 ~             && (!peak.is_finite()
146 |                 || !(1.0..=10000.0).contains(&peak)
147 |                 || !gamma.is_finite()
148 ~                 || !(0.1..=4.0).contains(&gamma))
149 |             {
150 |                 return Err(RasterError::InvalidHlgDisplayPolicy);
151 ~             }
    |

warning: casting `f64` to `f32` may truncate the value
   --> crates/rrrah-core/src/raster.rs:223:29
    |
223 |                 output.push((row[0] * rgb[0] + row[1] * rgb[1] + row[2] * rgb[2]) as f32);
    |                             ^^^^^^^^^^^^^^^^^^^^^^^^^^^^^^^^^^^^^^^^^^^^^^^^^^^^^^^^^^^^
    |
    = help: if this is intentional allow the lint with `#[allow(clippy::cast_possible_truncation)]` ...
    = help: for further information visit https://rust-lang.github.io/rust-clippy/rust-1.98.0/index.html#cast_possible_truncation

warning: casting `f64` to `f32` may truncate the value
   --> crates/rrrah-core/src/raster.rs:225:25
    |
225 |             output.push(rgba[3] as f32);
    |                         ^^^^^^^^^^^^^^
    |
    = help: if this is intentional allow the lint with `#[allow(clippy::cast_possible_truncation)]` ...
    = help: for further information visit https://rust-lang.github.io/rust-clippy/rust-1.98.0/index.html#cast_possible_truncation

warning: this function has too many lines (132/100)
   --> crates/rrrah-core/src/raster.rs:412:5
    |
412 | /     pub fn to_linear_srgb_with_budget_and_cancel(
413 | |         &self,
414 | |         budget: Option<&rrrah_memory::MemoryBudget>,
415 | |         cancel: impl Fn() -> bool,
416 | |     ) -> Result<Self, RasterError> {
    | |__________________________________^
    |
    = help: for further information visit https://rust-lang.github.io/rust-clippy/rust-1.98.0/index.html#too_many_lines

warning: adding items after statements is confusing, since items exist from the start of the scope
  --> crates/rrrah-core/src/rgbe.rs:23:5
   |
23 | /     fn axis(coordinate: u32, phase: u32, size: u32) -> (u32, u32, f64) {
24 | |         let last = phase + (size - 1 - phase) / 2 * 2;
25 | |         let lower = (phase + coordinate.saturating_sub(phase) / 2 * 2).min(last);
26 | |         let upper = lower.saturating_add(2).min(last);
...  |
32 | |         (lower, upper, weight)
33 | |     }
   | |_____^
   |
   = help: for further information visit https://rust-lang.github.io/rust-clippy/rust-1.98.0/index.html#items_after_statements

warning: casts from `u32` to `f64` can be expressed infallibly using `From`
  --> crates/rrrah-core/src/rgbe.rs:30:15
   |
30 |             ((coordinate as f64 - lower as f64) / (upper - lower) as f64).clamp(0., 1.)
   |               ^^^^^^^^^^^^^^^^^
   |
   = help: an `as` cast can become silently lossy if the types change in the future
   = help: for further information visit https://rust-lang.github.io/rust-clippy/rust-1.98.0/index.html#cast_lossless
   = note: `-W clippy::cast-lossless` implied by `-W clippy::pedantic`
   = help: to override `-W clippy::pedantic` add `#[allow(clippy::cast_lossless)]`
help: use `f64::from` instead
   |
30 -             ((coordinate as f64 - lower as f64) / (upper - lower) as f64).clamp(0., 1.)
30 +             ((f64::from(coordinate) - lower as f64) / (upper - lower) as f64).clamp(0., 1.)
   |

warning: casts from `u32` to `f64` can be expressed infallibly using `From`
  --> crates/rrrah-core/src/rgbe.rs:30:35
   |
30 |             ((coordinate as f64 - lower as f64) / (upper - lower) as f64).clamp(0., 1.)
   |                                   ^^^^^^^^^^^^
   |
   = help: an `as` cast can become silently lossy if the types change in the future
   = help: for further information visit https://rust-lang.github.io/rust-clippy/rust-1.98.0/index.html#cast_lossless
help: use `f64::from` instead
   |
30 -             ((coordinate as f64 - lower as f64) / (upper - lower) as f64).clamp(0., 1.)
30 +             ((coordinate as f64 - f64::from(lower)) / (upper - lower) as f64).clamp(0., 1.)
   |

warning: casts from `u32` to `f64` can be expressed infallibly using `From`
  --> crates/rrrah-core/src/rgbe.rs:30:51
   |
30 |             ((coordinate as f64 - lower as f64) / (upper - lower) as f64).clamp(0., 1.)
   |                                                   ^^^^^^^^^^^^^^^^^^^^^^
   |
   = help: an `as` cast can become silently lossy if the types change in the future
   = help: for further information visit https://rust-lang.github.io/rust-clippy/rust-1.98.0/index.html#cast_lossless
help: use `f64::from` instead
   |
30 -             ((coordinate as f64 - lower as f64) / (upper - lower) as f64).clamp(0., 1.)
30 +             ((coordinate as f64 - lower as f64) / f64::from(upper - lower)).clamp(0., 1.)
   |

warning: casting `usize` to `u32` may truncate the value on targets with 64-bit wide pointers
  --> crates/rrrah-core/src/rgbe.rs:36:46
   |
36 |         let (x0, x1, tx) = axis(position[0], (phase % 2) as u32, dimensions[0]);
   |                                              ^^^^^^^^^^^^^^^^^^
   |
   = help: if this is intentional allow the lint with `#[allow(clippy::cast_possible_truncation)]` ...
   = help: for further information visit https://rust-lang.github.io/rust-clippy/rust-1.98.0/index.html#cast_possible_truncation
help: ... or use `try_from` and handle the error accordingly
   |
36 -         let (x0, x1, tx) = axis(position[0], (phase % 2) as u32, dimensions[0]);
36 +         let (x0, x1, tx) = axis(position[0], u32::try_from(phase % 2), dimensions[0]);
   |

warning: casting `usize` to `u32` may truncate the value on targets with 64-bit wide pointers
  --> crates/rrrah-core/src/rgbe.rs:37:46
   |
37 |         let (y0, y1, ty) = axis(position[1], (phase / 2) as u32, dimensions[1]);
   |                                              ^^^^^^^^^^^^^^^^^^
   |
   = help: if this is intentional allow the lint with `#[allow(clippy::cast_possible_truncation)]` ...
   = help: for further information visit https://rust-lang.github.io/rust-clippy/rust-1.98.0/index.html#cast_possible_truncation
help: ... or use `try_from` and handle the error accordingly
   |
37 -         let (y0, y1, ty) = axis(position[1], (phase / 2) as u32, dimensions[1]);
37 +         let (y0, y1, ty) = axis(position[1], u32::try_from(phase / 2), dimensions[1]);
   |

warning: docs for function which may panic missing `# Panics` section
   --> crates/rrrah-core/src/rgbe.rs:145:5
    |
145 |     pub fn new(metadata: &crate::RawMetadata) -> Result<Self, CalibrationError> {
    |     ^^^^^^^^^^^^^^^^^^^^^^^^^^^^^^^^^^^^^^^^^^^^^^^^^^^^^^^^^^^^^^^^^^^^^^^^^^^
    |
note: first possible panic found here
   --> crates/rrrah-core/src/rgbe.rs:159:13
    |
159 |             grid.values[..].try_into().unwrap()
    |             ^^^^^^^^^^^^^^^^^^^^^^^^^^^^^^^^^^^
    = help: for further information visit https://rust-lang.github.io/rust-clippy/rust-1.98.0/index.html#missing_panics_doc
    = note: `-W clippy::missing-panics-doc` implied by `-W clippy::pedantic`
    = help: to override `-W clippy::pedantic` add `#[allow(clippy::missing_panics_doc)]`

warning: docs for function which may panic missing `# Panics` section
   --> crates/rrrah-core/src/rgbe.rs:215:5
    |
215 | /     pub fn reconstruct_linear_rgb(
216 | |         &self,
217 | |         position: [u32; 2],
218 | |         sample: impl Fn(u32, u32) -> u16,
219 | |     ) -> Option<[f64; 3]> {
    | |_________________________^
    |
note: first possible panic found here
   --> crates/rrrah-core/src/rgbe.rs:221:23
    |
221 |             f64::from(self.normalize_site(x, y, sample(x, y)).unwrap())
    |                       ^^^^^^^^^^^^^^^^^^^^^^^^^^^^^^^^^^^^^^^^^^^^^^^^
    = help: for further information visit https://rust-lang.github.io/rust-clippy/rust-1.98.0/index.html#missing_panics_doc

warning: docs for function which may panic missing `# Panics` section
   --> crates/rrrah-core/src/rgbe.rs:235:5
    |
235 | /     pub fn normalize_managed(
236 | |         mosaic: &crate::DecodedMosaic,
237 | |         budget: &crate::MemoryBudget,
238 | |         cancelled: &dyn Fn() -> bool,
239 | |     ) -> Result<(Self, crate::PixelBuffer<f32>), CalibrationError> {
    | |__________________________________________________________________^
    |
note: first possible panic found here
   --> crates/rrrah-core/src/rgbe.rs:266:27
    |
266 |                 *result = calibration.normalize_site(x as u32, y as u32, *sample).unwrap();
    |                           ^^^^^^^^^^^^^^^^^^^^^^^^^^^^^^^^^^^^^^^^^^^^^^^^^^^^^^^^^^^^^^^^
    = help: for further information visit https://rust-lang.github.io/rust-clippy/rust-1.98.0/index.html#missing_panics_doc

warning: casting `usize` to `u32` may truncate the value on targets with 64-bit wide pointers
   --> crates/rrrah-core/src/rgbe.rs:266:54
    |
266 |                 *result = calibration.normalize_site(x as u32, y as u32, *sample).unwrap();
    |                                                      ^^^^^^^^
    |
    = help: if this is intentional allow the lint with `#[allow(clippy::cast_possible_truncation)]` ...
    = help: for further information visit https://rust-lang.github.io/rust-clippy/rust-1.98.0/index.html#cast_possible_truncation
help: ... or use `try_from` and handle the error accordingly
    |
266 -                 *result = calibration.normalize_site(x as u32, y as u32, *sample).unwrap();
266 +                 *result = calibration.normalize_site(u32::try_from(x), y as u32, *sample).unwrap();
    |

warning: casting `usize` to `u32` may truncate the value on targets with 64-bit wide pointers
   --> crates/rrrah-core/src/rgbe.rs:266:64
    |
266 |                 *result = calibration.normalize_site(x as u32, y as u32, *sample).unwrap();
    |                                                                ^^^^^^^^
    |
    = help: if this is intentional allow the lint with `#[allow(clippy::cast_possible_truncation)]` ...
    = help: for further information visit https://rust-lang.github.io/rust-clippy/rust-1.98.0/index.html#cast_possible_truncation
help: ... or use `try_from` and handle the error accordingly
    |
266 -                 *result = calibration.normalize_site(x as u32, y as u32, *sample).unwrap();
266 +                 *result = calibration.normalize_site(x as u32, u32::try_from(y), *sample).unwrap();
    |

warning: this function has too many lines (108/100)
  --> crates/rrrah-core/src/thumbnail.rs:23:1
   |
23 | / pub(crate) fn develop_with_cancel(
24 | |     mosaic: &DecodedMosaic,
25 | |     edge: u32,
26 | |     cancelled: &dyn Fn() -> bool,
27 | | ) -> Vec<u8> {
   | |____________^
   |
   = help: for further information visit https://rust-lang.github.io/rust-clippy/rust-1.98.0/index.html#too_many_lines

warning: casting `i64` to `usize` may truncate the value on targets with 32-bit wide pointers
  --> crates/rrrah-core/src/thumbnail.rs:71:17
   |
71 |         let x = x.clamp(0, i64::from(metadata.width) - 1) as usize;
   |                 ^^^^^^^^^^^^^^^^^^^^^^^^^^^^^^^^^^^^^^^^^^^^^^^^^^
   |
   = help: if this is intentional allow the lint with `#[allow(clippy::cast_possible_truncation)]` ...
   = help: for further information visit https://rust-lang.github.io/rust-clippy/rust-1.98.0/index.html#cast_possible_truncation
help: ... or use `try_from` and handle the error accordingly
   |
71 -         let x = x.clamp(0, i64::from(metadata.width) - 1) as usize;
71 +         let x = usize::try_from(x.clamp(0, i64::from(metadata.width) - 1));
   |

warning: casting `i64` to `usize` may lose the sign of the value
  --> crates/rrrah-core/src/thumbnail.rs:71:17
   |
71 |         let x = x.clamp(0, i64::from(metadata.width) - 1) as usize;
   |                 ^^^^^^^^^^^^^^^^^^^^^^^^^^^^^^^^^^^^^^^^^^^^^^^^^^
   |
   = help: for further information visit https://rust-lang.github.io/rust-clippy/rust-1.98.0/index.html#cast_sign_loss
   = note: `-W clippy::cast-sign-loss` implied by `-W clippy::pedantic`
   = help: to override `-W clippy::pedantic` add `#[allow(clippy::cast_sign_loss)]`

warning: casting `i64` to `usize` may truncate the value on targets with 32-bit wide pointers
  --> crates/rrrah-core/src/thumbnail.rs:72:17
   |
72 |         let y = y.clamp(0, i64::from(metadata.height) - 1) as usize;
   |                 ^^^^^^^^^^^^^^^^^^^^^^^^^^^^^^^^^^^^^^^^^^^^^^^^^^^
   |
   = help: if this is intentional allow the lint with `#[allow(clippy::cast_possible_truncation)]` ...
   = help: for further information visit https://rust-lang.github.io/rust-clippy/rust-1.98.0/index.html#cast_possible_truncation
help: ... or use `try_from` and handle the error accordingly
   |
72 -         let y = y.clamp(0, i64::from(metadata.height) - 1) as usize;
72 +         let y = usize::try_from(y.clamp(0, i64::from(metadata.height) - 1));
   |

warning: casting `i64` to `usize` may lose the sign of the value
  --> crates/rrrah-core/src/thumbnail.rs:72:17
   |
72 |         let y = y.clamp(0, i64::from(metadata.height) - 1) as usize;
   |                 ^^^^^^^^^^^^^^^^^^^^^^^^^^^^^^^^^^^^^^^^^^^^^^^^^^^
   |
   = help: for further information visit https://rust-lang.github.io/rust-clippy/rust-1.98.0/index.html#cast_sign_loss

warning: casting `i64` to `usize` may truncate the value on targets with 32-bit wide pointers
  --> crates/rrrah-core/src/thumbnail.rs:80:25
   |
80 |         let color = cfa[phase as usize] as usize;
   |                         ^^^^^^^^^^^^^^
   |
   = help: if this is intentional allow the lint with `#[allow(clippy::cast_possible_truncation)]` ...
   = help: for further information visit https://rust-lang.github.io/rust-clippy/rust-1.98.0/index.html#cast_possible_truncation
help: ... or use `try_from` and handle the error accordingly
   |
80 -         let color = cfa[phase as usize] as usize;
80 +         let color = cfa[usize::try_from(phase)] as usize;
   |

warning: casting `i64` to `usize` may lose the sign of the value
  --> crates/rrrah-core/src/thumbnail.rs:80:25
   |
80 |         let color = cfa[phase as usize] as usize;
   |                         ^^^^^^^^^^^^^^
   |
   = help: for further information visit https://rust-lang.github.io/rust-clippy/rust-1.98.0/index.html#cast_sign_loss

warning: casting `i64` to `usize` may truncate the value on targets with 32-bit wide pointers
  --> crates/rrrah-core/src/thumbnail.rs:81:37
   |
81 |         let gain = if color == 1 && phase as usize != first_green {
   |                                     ^^^^^^^^^^^^^^
   |
   = help: if this is intentional allow the lint with `#[allow(clippy::cast_possible_truncation)]` ...
   = help: for further information visit https://rust-lang.github.io/rust-clippy/rust-1.98.0/index.html#cast_possible_truncation
help: ... or use `try_from` and handle the error accordingly
   |
81 -         let gain = if color == 1 && phase as usize != first_green {
81 +         let gain = if color == 1 && usize::try_from(phase) != first_green {
   |

warning: casting `i64` to `usize` may lose the sign of the value
  --> crates/rrrah-core/src/thumbnail.rs:81:37
   |
81 |         let gain = if color == 1 && phase as usize != first_green {
   |                                     ^^^^^^^^^^^^^^
   |
   = help: for further information visit https://rust-lang.github.io/rust-clippy/rust-1.98.0/index.html#cast_sign_loss

warning: casting `u32` to `f32` may cause a loss of precision (`u32` is 32 bits wide, but `f32`'s mantissa is only 23 bits wide)
  --> crates/rrrah-core/src/thumbnail.rs:95:35
   |
95 |                 .map_display_uv([(x as f32 + 0.5) / out_w as f32, (y as f32 + 0.5) / out_h as f32]);
   |                                   ^^^^^^^^
   |
   = help: for further information visit https://rust-lang.github.io/rust-clippy/rust-1.98.0/index.html#cast_precision_loss
   = note: `-W clippy::cast-precision-loss` implied by `-W clippy::pedantic`
   = help: to override `-W clippy::pedantic` add `#[allow(clippy::cast_precision_loss)]`

warning: casting `u32` to `f32` may cause a loss of precision (`u32` is 32 bits wide, but `f32`'s mantissa is only 23 bits wide)
  --> crates/rrrah-core/src/thumbnail.rs:95:53
   |
95 |                 .map_display_uv([(x as f32 + 0.5) / out_w as f32, (y as f32 + 0.5) / out_h as f32]);
   |                                                     ^^^^^^^^^^^^
   |
   = help: for further information visit https://rust-lang.github.io/rust-clippy/rust-1.98.0/index.html#cast_precision_loss

warning: casting `u32` to `f32` may cause a loss of precision (`u32` is 32 bits wide, but `f32`'s mantissa is only 23 bits wide)
  --> crates/rrrah-core/src/thumbnail.rs:95:68
   |
95 |                 .map_display_uv([(x as f32 + 0.5) / out_w as f32, (y as f32 + 0.5) / out_h as f32]);
   |                                                                    ^^^^^^^^
   |
   = help: for further information visit https://rust-lang.github.io/rust-clippy/rust-1.98.0/index.html#cast_precision_loss

warning: casting `u32` to `f32` may cause a loss of precision (`u32` is 32 bits wide, but `f32`'s mantissa is only 23 bits wide)
  --> crates/rrrah-core/src/thumbnail.rs:95:86
   |
95 |                 .map_display_uv([(x as f32 + 0.5) / out_w as f32, (y as f32 + 0.5) / out_h as f32]);
   |                                                                                      ^^^^^^^^^^^^
   |
   = help: for further information visit https://rust-lang.github.io/rust-clippy/rust-1.98.0/index.html#cast_precision_loss

warning: casting `f32` to `i64` may truncate the value
  --> crates/rrrah-core/src/thumbnail.rs:97:37
   |
97 |                 i64::from(crop.x) + (uv[0] * crop.width as f32).floor().min((crop.width - 1) as f32) as i64;
   |                                     ^^^^^^^^^^^^^^^^^^^^^^^^^^^^^^^^^^^^^^^^^^^^^^^^^^^^^^^^^^^^^^^^^^^^^^^
   |
   = help: if this is intentional allow the lint with `#[allow(clippy::cast_possible_truncation)]` ...
   = help: for further information visit https://rust-lang.github.io/rust-clippy/rust-1.98.0/index.html#cast_possible_truncation

warning: casting `u32` to `f32` may cause a loss of precision (`u32` is 32 bits wide, but `f32`'s mantissa is only 23 bits wide)
  --> crates/rrrah-core/src/thumbnail.rs:97:46
   |
97 |                 i64::from(crop.x) + (uv[0] * crop.width as f32).floor().min((crop.width - 1) as f32) as i64;
   |                                              ^^^^^^^^^^^^^^^^^
   |
   = help: for further information visit https://rust-lang.github.io/rust-clippy/rust-1.98.0/index.html#cast_precision_loss

warning: casting `u32` to `f32` may cause a loss of precision (`u32` is 32 bits wide, but `f32`'s mantissa is only 23 bits wide)
  --> crates/rrrah-core/src/thumbnail.rs:97:77
   |
97 |                 i64::from(crop.x) + (uv[0] * crop.width as f32).floor().min((crop.width - 1) as f32) as i64;
   |                                                                             ^^^^^^^^^^^^^^^^^^^^^^^
   |
   = help: for further information visit https://rust-lang.github.io/rust-clippy/rust-1.98.0/index.html#cast_precision_loss

warning: casting `f32` to `i64` may truncate the value
  --> crates/rrrah-core/src/thumbnail.rs:99:37
   |
99 |                 i64::from(crop.y) + (uv[1] * crop.height as f32).floor().min((crop.height - 1) as f32) as i64;
   |                                     ^^^^^^^^^^^^^^^^^^^^^^^^^^^^^^^^^^^^^^^^^^^^^^^^^^^^^^^^^^^^^^^^^^^^^^^^^
   |
   = help: if this is intentional allow the lint with `#[allow(clippy::cast_possible_truncation)]` ...
   = help: for further information visit https://rust-lang.github.io/rust-clippy/rust-1.98.0/index.html#cast_possible_truncation

warning: casting `u32` to `f32` may cause a loss of precision (`u32` is 32 bits wide, but `f32`'s mantissa is only 23 bits wide)
  --> crates/rrrah-core/src/thumbnail.rs:99:46
   |
99 |                 i64::from(crop.y) + (uv[1] * crop.height as f32).floor().min((crop.height - 1) as f32) as i64;
   |                                              ^^^^^^^^^^^^^^^^^^
   |
   = help: for further information visit https://rust-lang.github.io/rust-clippy/rust-1.98.0/index.html#cast_precision_loss

warning: casting `u32` to `f32` may cause a loss of precision (`u32` is 32 bits wide, but `f32`'s mantissa is only 23 bits wide)
  --> crates/rrrah-core/src/thumbnail.rs:99:78
   |
99 |                 i64::from(crop.y) + (uv[1] * crop.height as f32).floor().min((crop.height - 1) as f32) as i64;
   |                                                                              ^^^^^^^^^^^^^^^^^^^^^^^^
   |
   = help: for further information visit https://rust-lang.github.io/rust-clippy/rust-1.98.0/index.html#cast_precision_loss

warning: casting `u32` to `f32` may cause a loss of precision (`u32` is 32 bits wide, but `f32`'s mantissa is only 23 bits wide)
   --> crates/rrrah-core/src/thumbnail.rs:106:17
    |
106 |                 crop.width as f32 / axis_w as f32,
    |                 ^^^^^^^^^^^^^^^^^
    |
    = help: for further information visit https://rust-lang.github.io/rust-clippy/rust-1.98.0/index.html#cast_precision_loss

warning: casting `u32` to `f32` may cause a loss of precision (`u32` is 32 bits wide, but `f32`'s mantissa is only 23 bits wide)
   --> crates/rrrah-core/src/thumbnail.rs:106:37
    |
106 |                 crop.width as f32 / axis_w as f32,
    |                                     ^^^^^^^^^^^^^
    |
    = help: for further information visit https://rust-lang.github.io/rust-clippy/rust-1.98.0/index.html#cast_precision_loss

warning: casting `u32` to `f32` may cause a loss of precision (`u32` is 32 bits wide, but `f32`'s mantissa is only 23 bits wide)
   --> crates/rrrah-core/src/thumbnail.rs:107:17
    |
107 |                 crop.height as f32 / axis_h as f32,
    |                 ^^^^^^^^^^^^^^^^^^
    |
    = help: for further information visit https://rust-lang.github.io/rust-clippy/rust-1.98.0/index.html#cast_precision_loss

warning: casting `u32` to `f32` may cause a loss of precision (`u32` is 32 bits wide, but `f32`'s mantissa is only 23 bits wide)
   --> crates/rrrah-core/src/thumbnail.rs:107:38
    |
107 |                 crop.height as f32 / axis_h as f32,
    |                                      ^^^^^^^^^^^^^
    |
    = help: for further information visit https://rust-lang.github.io/rust-clippy/rust-1.98.0/index.html#cast_precision_loss

warning: casting `u32` to `f32` may cause a loss of precision (`u32` is 32 bits wide, but `f32`'s mantissa is only 23 bits wide)
   --> crates/rrrah-core/src/thumbnail.rs:111:21
    |
111 |                     crop.x as f32 + uv[0] * crop.width as f32,
    |                     ^^^^^^^^^^^^^
    |
    = help: for further information visit https://rust-lang.github.io/rust-clippy/rust-1.98.0/index.html#cast_precision_loss

warning: casting `u32` to `f32` may cause a loss of precision (`u32` is 32 bits wide, but `f32`'s mantissa is only 23 bits wide)
   --> crates/rrrah-core/src/thumbnail.rs:111:45
    |
111 |                     crop.x as f32 + uv[0] * crop.width as f32,
    |                                             ^^^^^^^^^^^^^^^^^
    |
    = help: for further information visit https://rust-lang.github.io/rust-clippy/rust-1.98.0/index.html#cast_precision_loss

warning: casting `u32` to `f32` may cause a loss of precision (`u32` is 32 bits wide, but `f32`'s mantissa is only 23 bits wide)
   --> crates/rrrah-core/src/thumbnail.rs:112:21
    |
112 |                     crop.y as f32 + uv[1] * crop.height as f32,
    |                     ^^^^^^^^^^^^^
    |
    = help: for further information visit https://rust-lang.github.io/rust-clippy/rust-1.98.0/index.html#cast_precision_loss

warning: casting `u32` to `f32` may cause a loss of precision (`u32` is 32 bits wide, but `f32`'s mantissa is only 23 bits wide)
   --> crates/rrrah-core/src/thumbnail.rs:112:45
    |
112 |                     crop.y as f32 + uv[1] * crop.height as f32,
    |                                             ^^^^^^^^^^^^^^^^^^
    |
    = help: for further information visit https://rust-lang.github.io/rust-clippy/rust-1.98.0/index.html#cast_precision_loss

warning: casting `u32` to `f32` may cause a loss of precision (`u32` is 32 bits wide, but `f32`'s mantissa is only 23 bits wide)
   --> crates/rrrah-core/src/thumbnail.rs:412:35
    |
412 |                 .map_display_uv([(x as f32 + 0.5) / w as f32, (y as f32 + 0.5) / h as f32]);
    |                                   ^^^^^^^^
    |
    = help: for further information visit https://rust-lang.github.io/rust-clippy/rust-1.98.0/index.html#cast_precision_loss

warning: casting `u32` to `f32` may cause a loss of precision (`u32` is 32 bits wide, but `f32`'s mantissa is only 23 bits wide)
   --> crates/rrrah-core/src/thumbnail.rs:412:53
    |
412 |                 .map_display_uv([(x as f32 + 0.5) / w as f32, (y as f32 + 0.5) / h as f32]);
    |                                                     ^^^^^^^^
    |
    = help: for further information visit https://rust-lang.github.io/rust-clippy/rust-1.98.0/index.html#cast_precision_loss

warning: casting `u32` to `f32` may cause a loss of precision (`u32` is 32 bits wide, but `f32`'s mantissa is only 23 bits wide)
   --> crates/rrrah-core/src/thumbnail.rs:412:64
    |
412 |                 .map_display_uv([(x as f32 + 0.5) / w as f32, (y as f32 + 0.5) / h as f32]);
    |                                                                ^^^^^^^^
    |
    = help: for further information visit https://rust-lang.github.io/rust-clippy/rust-1.98.0/index.html#cast_precision_loss

warning: casting `u32` to `f32` may cause a loss of precision (`u32` is 32 bits wide, but `f32`'s mantissa is only 23 bits wide)
   --> crates/rrrah-core/src/thumbnail.rs:412:82
    |
412 |                 .map_display_uv([(x as f32 + 0.5) / w as f32, (y as f32 + 0.5) / h as f32]);
    |                                                                                  ^^^^^^^^
    |
    = help: for further information visit https://rust-lang.github.io/rust-clippy/rust-1.98.0/index.html#cast_precision_loss

warning: casting `f64` to `u32` may truncate the value
   --> crates/rrrah-core/src/thumbnail.rs:428:29
    |
428 |                 for sy in ((lower[1].floor() as u32 / 2 * 2)..upper[1].ceil() as u32).step_by(2) {
    |                             ^^^^^^^^^^^^^^^^^^^^^^^
    |
    = help: if this is intentional allow the lint with `#[allow(clippy::cast_possible_truncation)]` ...
    = help: for further information visit https://rust-lang.github.io/rust-clippy/rust-1.98.0/index.html#cast_possible_truncation

warning: casting `f64` to `u32` may lose the sign of the value
   --> crates/rrrah-core/src/thumbnail.rs:428:29
    |
428 |                 for sy in ((lower[1].floor() as u32 / 2 * 2)..upper[1].ceil() as u32).step_by(2) {
    |                             ^^^^^^^^^^^^^^^^^^^^^^^
    |
    = help: for further information visit https://rust-lang.github.io/rust-clippy/rust-1.98.0/index.html#cast_sign_loss

warning: casting `f64` to `u32` may truncate the value
   --> crates/rrrah-core/src/thumbnail.rs:428:63
    |
428 |                 for sy in ((lower[1].floor() as u32 / 2 * 2)..upper[1].ceil() as u32).step_by(2) {
    |                                                               ^^^^^^^^^^^^^^^^^^^^^^
    |
    = help: if this is intentional allow the lint with `#[allow(clippy::cast_possible_truncation)]` ...
    = help: for further information visit https://rust-lang.github.io/rust-clippy/rust-1.98.0/index.html#cast_possible_truncation

warning: casting `f64` to `u32` may lose the sign of the value
   --> crates/rrrah-core/src/thumbnail.rs:428:63
    |
428 |                 for sy in ((lower[1].floor() as u32 / 2 * 2)..upper[1].ceil() as u32).step_by(2) {
    |                                                               ^^^^^^^^^^^^^^^^^^^^^^
    |
    = help: for further information visit https://rust-lang.github.io/rust-clippy/rust-1.98.0/index.html#cast_sign_loss

warning: casting `f64` to `u32` may truncate the value
   --> crates/rrrah-core/src/thumbnail.rs:432:33
    |
432 |                     for sx in ((lower[0].floor() as u32 / 2 * 2)..upper[0].ceil() as u32).step_by(2) {
    |                                 ^^^^^^^^^^^^^^^^^^^^^^^
    |
    = help: if this is intentional allow the lint with `#[allow(clippy::cast_possible_truncation)]` ...
    = help: for further information visit https://rust-lang.github.io/rust-clippy/rust-1.98.0/index.html#cast_possible_truncation

warning: casting `f64` to `u32` may lose the sign of the value
   --> crates/rrrah-core/src/thumbnail.rs:432:33
    |
432 |                     for sx in ((lower[0].floor() as u32 / 2 * 2)..upper[0].ceil() as u32).step_by(2) {
    |                                 ^^^^^^^^^^^^^^^^^^^^^^^
    |
    = help: for further information visit https://rust-lang.github.io/rust-clippy/rust-1.98.0/index.html#cast_sign_loss

warning: casting `f64` to `u32` may truncate the value
   --> crates/rrrah-core/src/thumbnail.rs:432:67
    |
432 |                     for sx in ((lower[0].floor() as u32 / 2 * 2)..upper[0].ceil() as u32).step_by(2) {
    |                                                                   ^^^^^^^^^^^^^^^^^^^^^^
    |
    = help: if this is intentional allow the lint with `#[allow(clippy::cast_possible_truncation)]` ...
    = help: for further information visit https://rust-lang.github.io/rust-clippy/rust-1.98.0/index.html#cast_possible_truncation

warning: casting `f64` to `u32` may lose the sign of the value
   --> crates/rrrah-core/src/thumbnail.rs:432:67
    |
432 |                     for sx in ((lower[0].floor() as u32 / 2 * 2)..upper[0].ceil() as u32).step_by(2) {
    |                                                                   ^^^^^^^^^^^^^^^^^^^^^^
    |
    = help: for further information visit https://rust-lang.github.io/rust-clippy/rust-1.98.0/index.html#cast_sign_loss

warning: casting `usize` to `u32` may truncate the value on targets with 64-bit wide pointers
   --> crates/rrrah-core/src/thumbnail.rs:436:38
    |
436 | ...                   let px = (phase % 2) as u32;
    |                                ^^^^^^^^^^^^^^^^^^
    |
    = help: if this is intentional allow the lint with `#[allow(clippy::cast_possible_truncation)]` ...
    = help: for further information visit https://rust-lang.github.io/rust-clippy/rust-1.98.0/index.html#cast_possible_truncation
help: ... or use `try_from` and handle the error accordingly
    |
436 -                             let px = (phase % 2) as u32;
436 +                             let px = u32::try_from(phase % 2);
    |

warning: casting `usize` to `u32` may truncate the value on targets with 64-bit wide pointers
   --> crates/rrrah-core/src/thumbnail.rs:437:38
    |
437 | ...                   let py = (phase / 2) as u32;
    |                                ^^^^^^^^^^^^^^^^^^
    |
    = help: if this is intentional allow the lint with `#[allow(clippy::cast_possible_truncation)]` ...
    = help: for further information visit https://rust-lang.github.io/rust-clippy/rust-1.98.0/index.html#cast_possible_truncation
help: ... or use `try_from` and handle the error accordingly
    |
437 -                             let py = (phase / 2) as u32;
437 +                             let py = u32::try_from(phase / 2);
    |

warning: casting `f64` to `u32` may truncate the value
   --> crates/rrrah-core/src/thumbnail.rs:453:25
    |
453 |                         center[0].floor().min(f64::from(crop.x + crop.width - 1)) as u32,
    |                         ^^^^^^^^^^^^^^^^^^^^^^^^^^^^^^^^^^^^^^^^^^^^^^^^^^^^^^^^^^^^^^^^
    |
    = help: if this is intentional allow the lint with `#[allow(clippy::cast_possible_truncation)]` ...
    = help: for further information visit https://rust-lang.github.io/rust-clippy/rust-1.98.0/index.html#cast_possible_truncation

warning: casting `f64` to `u32` may lose the sign of the value
   --> crates/rrrah-core/src/thumbnail.rs:453:25
    |
453 |                         center[0].floor().min(f64::from(crop.x + crop.width - 1)) as u32,
    |                         ^^^^^^^^^^^^^^^^^^^^^^^^^^^^^^^^^^^^^^^^^^^^^^^^^^^^^^^^^^^^^^^^
    |
    = help: for further information visit https://rust-lang.github.io/rust-clippy/rust-1.98.0/index.html#cast_sign_loss

warning: casting `f64` to `u32` may truncate the value
   --> crates/rrrah-core/src/thumbnail.rs:454:25
    |
454 |                         center[1].floor().min(f64::from(crop.y + crop.height - 1)) as u32,
    |                         ^^^^^^^^^^^^^^^^^^^^^^^^^^^^^^^^^^^^^^^^^^^^^^^^^^^^^^^^^^^^^^^^^
    |
    = help: if this is intentional allow the lint with `#[allow(clippy::cast_possible_truncation)]` ...
    = help: for further information visit https://rust-lang.github.io/rust-clippy/rust-1.98.0/index.html#cast_possible_truncation

warning: casting `f64` to `u32` may lose the sign of the value
   --> crates/rrrah-core/src/thumbnail.rs:454:25
    |
454 |                         center[1].floor().min(f64::from(crop.y + crop.height - 1)) as u32,
    |                         ^^^^^^^^^^^^^^^^^^^^^^^^^^^^^^^^^^^^^^^^^^^^^^^^^^^^^^^^^^^^^^^^^
    |
    = help: for further information visit https://rust-lang.github.io/rust-clippy/rust-1.98.0/index.html#cast_sign_loss

warning: casting `f64` to `f32` may truncate the value
   --> crates/rrrah-core/src/thumbnail.rs:462:35
    |
462 |             let rgb = rgb.map(|v| v as f32);
    |                                   ^^^^^^^^
    |
    = help: if this is intentional allow the lint with `#[allow(clippy::cast_possible_truncation)]` ...
    = help: for further information visit https://rust-lang.github.io/rust-clippy/rust-1.98.0/index.html#cast_possible_truncation

warning: `rrrah-core` (lib) generated 131 warnings (run `cargo clippy --fix --lib -p rrrah-core -- ` to apply 13 suggestions)
    Checking rrrah-decode v0.1.0 (/Users/themoretheless/Documents/Sources/rrrah/crates/rrrah-decode)
warning: 5 bindings with single-character names in scope
   --> crates/rrrah-decode/src/obj.rs:734:13
    |
734 |         let n = remaining.len();
    |             ^
...
738 |             let [a, b, c] = ids.map(|j| projected[j]);
    |                  ^  ^  ^
...
754 |                 let p = projected[*j];
    |                     ^
    |
    = help: for further information visit https://rust-lang.github.io/rust-clippy/rust-1.98.0/index.html#many_single_char_names
    = note: `-W clippy::many-single-char-names` implied by `-W clippy::pedantic`
    = help: to override `-W clippy::pedantic` add `#[allow(clippy::many_single_char_names)]`

warning: operator precedence might not be obvious
   --> crates/rrrah-decode/src/x3f.rs:262:45
    |
262 |                         f64::from((delta + (delta * delta >> 14)) as f32 * filter - coefficients[c][1])
    |                                             ^^^^^^^^^^^^^^^^^^^ help: consider parenthesizing your expression: `(delta * delta) >> 14`
    |
    = help: for further information visit https://rust-lang.github.io/rust-clippy/rust-1.98.0/index.html#precedence
    = note: `-W clippy::precedence` implied by `-W clippy::all`
    = help: to override `-W clippy::all` add `#[allow(clippy::precedence)]`

warning: long literal lacking separators
    --> crates/rrrah-decode/src/x3f.rs:1017:61
     |
1017 |             .any(|v| !v.is_finite() || v.abs() > f32::MAX / 131072.0)
     |                                                             ^^^^^^^^ help: consider: `131_072.0`
     |
     = help: for further information visit https://rust-lang.github.io/rust-clippy/rust-1.98.0/index.html#unreadable_literal
     = note: `-W clippy::unreadable-literal` implied by `-W clippy::pedantic`
     = help: to override `-W clippy::pedantic` add `#[allow(clippy::unreadable_literal)]`

warning: long literal lacking separators
    --> crates/rrrah-decode/src/x3f.rs:1098:61
     |
1098 |             .any(|v| !v.is_finite() || v.abs() > f32::MAX / 131072.0)
     |                                                             ^^^^^^^^ help: consider: `131_072.0`
     |
     = help: for further information visit https://rust-lang.github.io/rust-clippy/rust-1.98.0/index.html#unreadable_literal

warning: operator precedence might not be obvious
    --> crates/rrrah-decode/src/x3f.rs:1490:17
     |
1490 |     let limit = minimum * 9 >> 4;
     |                 ^^^^^^^^^^^^^^^^ help: consider parenthesizing your expression: `(minimum * 9) >> 4`
     |
     = help: for further information visit https://rust-lang.github.io/rust-clippy/rust-1.98.0/index.html#precedence

warning: operator precedence might not be obvious
    --> crates/rrrah-decode/src/x3f.rs:1518:35
     |
1518 |             let weight = 16384 - (inverse * inverse >> 14);
     |                                   ^^^^^^^^^^^^^^^^^^^^^^^ help: consider parenthesizing your expression: `(inverse * inverse) >> 14`
     |
     = help: for further information visit https://rust-lang.github.io/rust-clippy/rust-1.98.0/index.html#precedence

warning: operator precedence might not be obvious
    --> crates/rrrah-decode/src/x3f.rs:1519:26
     |
1519 |             let weight = weight * weight >> 14;
     |                          ^^^^^^^^^^^^^^^^^^^^^ help: consider parenthesizing your expression: `(weight * weight) >> 14`
     |
     = help: for further information visit https://rust-lang.github.io/rust-clippy/rust-1.98.0/index.html#precedence

warning: 6 bindings with single-character names in scope
    --> crates/rrrah-decode/src/x3f.rs:2080:32
     |
2080 |     pub fn spatial_gain(&self, x: f32, y: f32) -> Result<[f32; 3], X3fError> {
     |                                ^       ^
...
2110 |             let a = self.float32((top * columns + left) * 3 + channel)?;
     |                 ^
2111 |             let b = self.float32((top * columns + left + 1) * 3 + channel)?;
     |                 ^
2112 |             let c = self.float32(((top + 1) * columns + left) * 3 + channel)?;
     |                 ^
2113 |             let d = self.float32(((top + 1) * columns + left + 1) * 3 + channel)?;
     |                 ^
     |
     = help: for further information visit https://rust-lang.github.io/rust-clippy/rust-1.98.0/index.html#many_single_char_names

warning: binding's name is too similar to existing binding
    --> crates/rrrah-decode/src/x3f.rs:2216:17
     |
2216 |             let axis = word(d, 8);
     |                 ^^^^
     |
note: existing binding defined here
    --> crates/rrrah-decode/src/x3f.rs:2213:17
     |
2213 |         let mut axes = 0u32;
     |                 ^^^^
     = help: for further information visit https://rust-lang.github.io/rust-clippy/rust-1.98.0/index.html#similar_names
     = note: `-W clippy::similar-names` implied by `-W clippy::pedantic`
     = help: to override `-W clippy::pedantic` add `#[allow(clippy::similar_names)]`

warning: long literal lacking separators
    --> crates/rrrah-decode/src/x3f.rs:2531:68
     |
2531 |             state = state.wrapping_mul(1597).wrapping_add(51749) % 244944;
     |                                                                    ^^^^^^ help: consider: `244_944`
     |
     = help: for further information visit https://rust-lang.github.io/rust-clippy/rust-1.98.0/index.html#unreadable_literal

warning: long literal lacking separators
    --> crates/rrrah-decode/src/x3f.rs:2532:49
     |
2532 |             let quotient = ((u64::from(state) * 301593171) >> 24) as u32;
     |                                                 ^^^^^^^^^ help: consider: `301_593_171`
     |
     = help: for further information visit https://rust-lang.github.io/rust-clippy/rust-1.98.0/index.html#unreadable_literal

warning: 6 bindings with single-character names in scope
   --> crates/rrrah-decode/src/aseprite.rs:197:18
    |
197 | fn inventory<'a>(b: &'a [u8], request: &DecodeRequest) -> Result<Inventory<'a>, RasterDecodeError> {
    |                  ^
...
202 |     let (frames, w, h, depth, flags) = (
    |                  ^  ^
...
245 |         let f = outer.take(16)?;
    |             ^
...
261 |         let mut s = Scan {
    |                 ^
...
269 |             let n = dword(&h[..4]) as usize;
    |                 ^
    |
    = help: for further information visit https://rust-lang.github.io/rust-clippy/rust-1.98.0/index.html#many_single_char_names

warning: 5 bindings with single-character names in scope
   --> crates/rrrah-decode/src/aseprite.rs:197:18
    |
197 | fn inventory<'a>(b: &'a [u8], request: &DecodeRequest) -> Result<Inventory<'a>, RasterDecodeError> {
    |                  ^
...
202 |     let (frames, w, h, depth, flags) = (
    |                  ^  ^
...
245 |         let f = outer.take(16)?;
    |             ^
...
261 |         let mut s = Scan {
    |                 ^
    |
    = help: for further information visit https://rust-lang.github.io/rust-clippy/rust-1.98.0/index.html#many_single_char_names

warning: 5 bindings with single-character names in scope
   --> crates/rrrah-decode/src/aseprite.rs:197:18
    |
197 | fn inventory<'a>(b: &'a [u8], request: &DecodeRequest) -> Result<Inventory<'a>, RasterDecodeError> {
    |                  ^
...
202 |     let (frames, w, h, depth, flags) = (
    |                  ^  ^
...
473 |                 let mut n = 0;
    |                         ^
474 |                 let mut p = l.parent;
    |                         ^
    |
    = help: for further information visit https://rust-lang.github.io/rust-clippy/rust-1.98.0/index.html#many_single_char_names

warning: long literal lacking separators
 --> crates/rrrah-decode/src/sample.rs:9:35
  |
9 |             f32::from_bits(sign | 0x7f800000 | (fraction << 13) | if fraction != 0 { 0x00400000 } else { 0 })
  |                                   ^^^^^^^^^^ help: consider: `0x7f80_0000`
  |
  = help: for further information visit https://rust-lang.github.io/rust-clippy/rust-1.98.0/index.html#unreadable_literal

warning: long literal lacking separators
 --> crates/rrrah-decode/src/sample.rs:9:86
  |
9 |             f32::from_bits(sign | 0x7f800000 | (fraction << 13) | if fraction != 0 { 0x00400000 } else { 0 })
  |                                                                                      ^^^^^^^^^^ help: consider: `0x0040_0000`
  |
  = help: for further information visit https://rust-lang.github.io/rust-clippy/rust-1.98.0/index.html#unreadable_literal

warning: 6 bindings with single-character names in scope
   --> crates/rrrah-decode/src/jng.rs:83:22
    |
 83 | pub(crate) fn decode(b: &[u8], request: &DecodeRequest) -> Result<DecodedRaster, RasterDecodeError> {
    |                      ^
...
152 |     let (w, h) = (
    |          ^  ^
...
234 |     let mut z = flate2::write::ZlibEncoder::new(Vec::new(), flate2::Compression::fast());
    |             ^
...
246 |     let mut d = PngDecoder::new(Cursor::new(metadata))?;
    |             ^
...
257 |         let a = alpha_image.unwrap().into_luma16().into_raw();
    |             ^
    |
    = help: for further information visit https://rust-lang.github.io/rust-clippy/rust-1.98.0/index.html#many_single_char_names

warning: 6 bindings with single-character names in scope
   --> crates/rrrah-decode/src/jng.rs:83:22
    |
 83 | pub(crate) fn decode(b: &[u8], request: &DecodeRequest) -> Result<DecodedRaster, RasterDecodeError> {
    |                      ^
...
152 |     let (w, h) = (
    |          ^  ^
...
234 |     let mut z = flate2::write::ZlibEncoder::new(Vec::new(), flate2::Compression::fast());
    |             ^
...
246 |     let mut d = PngDecoder::new(Cursor::new(metadata))?;
    |             ^
...
272 |         let a = alpha_image.map(|v| v.into_luma8().into_raw());
    |             ^
    |
    = help: for further information visit https://rust-lang.github.io/rust-clippy/rust-1.98.0/index.html#many_single_char_names

warning: 5 bindings with single-character names in scope
   --> crates/rrrah-decode/src/jng.rs:83:22
    |
 83 | pub(crate) fn decode(b: &[u8], request: &DecodeRequest) -> Result<DecodedRaster, RasterDecodeError> {
    |                      ^
...
152 |     let (w, h) = (
    |          ^  ^
...
234 |     let mut z = flate2::write::ZlibEncoder::new(Vec::new(), flate2::Compression::fast());
    |             ^
...
246 |     let mut d = PngDecoder::new(Cursor::new(metadata))?;
    |             ^
    |
    = help: for further information visit https://rust-lang.github.io/rust-clippy/rust-1.98.0/index.html#many_single_char_names

warning: unnested or-patterns
   --> crates/rrrah-decode/src/webp_animation.rs:122:21
    |
122 |                     [(b"VP8L", _)] | [(b"VP8 ", _)] | [(b"ALPH", _), (b"VP8 ", _)]
    |                     ^^^^^^^^^^^^^^^^^^^^^^^^^^^^^^^^^^^^^^^^^^^^^^^^^^^^^^^^^^^^^^
    |
    = help: for further information visit https://rust-lang.github.io/rust-clippy/rust-1.98.0/index.html#unnested_or_patterns
    = note: `-W clippy::unnested-or-patterns` implied by `-W clippy::pedantic`
    = help: to override `-W clippy::pedantic` add `#[allow(clippy::unnested_or_patterns)]`
help: nest the patterns
    |
122 -                     [(b"VP8L", _)] | [(b"VP8 ", _)] | [(b"ALPH", _), (b"VP8 ", _)]
122 +                     [(b"VP8L" | b"VP8 ", _)] | [(b"ALPH", _), (b"VP8 ", _)]
    |

warning: 7 bindings with single-character names in scope
  --> crates/rrrah-decode/src/gif_animation.rs:55:14
   |
55 | fn inventory(b: &[u8], request: &DecodeRequest) -> Result<(usize, Vec<u32>, Option<u16>), RasterDecodeError> {
   |              ^
...
59 |     let mut s = Scan { b, at: 6 };
   |             ^
60 |     let h = s.take(7)?;
   |         ^
61 |     let (w, hgt) = (word(&h[..2]) as u32, word(&h[2..4]) as u32);
   |          ^
...
82 |                 let d = s.take(9)?;
   |                     ^
83 |                 let (x, y, fw, fh) = (
   |                      ^  ^
   |
   = help: for further information visit https://rust-lang.github.io/rust-clippy/rust-1.98.0/index.html#many_single_char_names

warning: 5 bindings with single-character names in scope
   --> crates/rrrah-decode/src/gif_animation.rs:55:14
    |
 55 | fn inventory(b: &[u8], request: &DecodeRequest) -> Result<(usize, Vec<u32>, Option<u16>), RasterDecodeError> {
    |              ^
...
 59 |     let mut s = Scan { b, at: 6 };
    |             ^
 60 |     let h = s.take(7)?;
    |         ^
 61 |     let (w, hgt) = (word(&h[..2]) as u32, word(&h[2..4]) as u32);
    |          ^
...
111 |                     let g = s.take(4)?;
    |                         ^
    |
    = help: for further information visit https://rust-lang.github.io/rust-clippy/rust-1.98.0/index.html#many_single_char_names

warning: 6 bindings with single-character names in scope
   --> crates/rrrah-decode/src/gif_animation.rs:55:14
    |
 55 | fn inventory(b: &[u8], request: &DecodeRequest) -> Result<(usize, Vec<u32>, Option<u16>), RasterDecodeError> {
    |              ^
...
 59 |     let mut s = Scan { b, at: 6 };
    |             ^
 60 |     let h = s.take(7)?;
    |         ^
 61 |     let (w, hgt) = (word(&h[..2]) as u32, word(&h[2..4]) as u32);
    |          ^
...
122 |                     let n = s.byte()? as usize;
    |                         ^
...
128 |                         let v = s.take(3)?;
    |                             ^
    |
    = help: for further information visit https://rust-lang.github.io/rust-clippy/rust-1.98.0/index.html#many_single_char_names

warning: 5 bindings with single-character names in scope
   --> crates/rrrah-decode/src/gif_animation.rs:55:14
    |
 55 | fn inventory(b: &[u8], request: &DecodeRequest) -> Result<(usize, Vec<u32>, Option<u16>), RasterDecodeError> {
    |              ^
...
 59 |     let mut s = Scan { b, at: 6 };
    |             ^
 60 |     let h = s.take(7)?;
    |         ^
 61 |     let (w, hgt) = (word(&h[..2]) as u32, word(&h[2..4]) as u32);
    |          ^
...
122 |                     let n = s.byte()? as usize;
    |                         ^
    |
    = help: for further information visit https://rust-lang.github.io/rust-clippy/rust-1.98.0/index.html#many_single_char_names

warning: long literal lacking separators
  --> crates/rrrah-decode/src/emf.rs:75:56
   |
75 |     b.len() >= 44 && word(b, 0) == 1 && word(b, 40) == 0x464d4520
   |                                                        ^^^^^^^^^^ help: consider: `0x464d_4520`
   |
   = help: for further information visit https://rust-lang.github.io/rust-clippy/rust-1.98.0/index.html#unreadable_literal

warning: 5 bindings with single-character names in scope
   --> crates/rrrah-decode/src/emf.rs:78:5
    |
 78 |     b: &[u8],
    |     ^
...
433 |                 let x = left.min(right);
    |                     ^
434 |                 let y = top.min(bottom);
    |                     ^
435 |                 let w = (right - left).abs();
    |                     ^
436 |                 let h = (bottom - top).abs();
    |                     ^
    |
    = help: for further information visit https://rust-lang.github.io/rust-clippy/rust-1.98.0/index.html#many_single_char_names

warning: long literal lacking separators
   --> crates/rrrah-decode/src/emf.rs:400:38
    |
400 |                 let object = if id & 0x80000000 != 0 {
    |                                      ^^^^^^^^^^ help: consider: `0x8000_0000`
    |
    = help: for further information visit https://rust-lang.github.io/rust-clippy/rust-1.98.0/index.html#unreadable_literal

warning: long literal lacking separators
   --> crates/rrrah-decode/src/emf.rs:402:25
    |
402 |                         0x80000000 => Object::Brush("#ffffff".into()),
    |                         ^^^^^^^^^^ help: consider: `0x8000_0000`
    |
    = help: for further information visit https://rust-lang.github.io/rust-clippy/rust-1.98.0/index.html#unreadable_literal

warning: long literal lacking separators
   --> crates/rrrah-decode/src/emf.rs:403:25
    |
403 |                         0x80000004 => Object::Brush("#000000".into()),
    |                         ^^^^^^^^^^ help: consider: `0x8000_0004`
    |
    = help: for further information visit https://rust-lang.github.io/rust-clippy/rust-1.98.0/index.html#unreadable_literal

warning: long literal lacking separators
   --> crates/rrrah-decode/src/emf.rs:404:25
    |
404 |                         0x80000005 => Object::Brush("none".into()),
    |                         ^^^^^^^^^^ help: consider: `0x8000_0005`
    |
    = help: for further information visit https://rust-lang.github.io/rust-clippy/rust-1.98.0/index.html#unreadable_literal

warning: long literal lacking separators
   --> crates/rrrah-decode/src/emf.rs:405:25
    |
405 |                         0x80000006 => Object::Pen("#ffffff".into(), 1),
    |                         ^^^^^^^^^^ help: consider: `0x8000_0006`
    |
    = help: for further information visit https://rust-lang.github.io/rust-clippy/rust-1.98.0/index.html#unreadable_literal

warning: long literal lacking separators
   --> crates/rrrah-decode/src/emf.rs:406:25
    |
406 |                         0x80000007 => Object::Pen("#000000".into(), 1),
    |                         ^^^^^^^^^^ help: consider: `0x8000_0007`
    |
    = help: for further information visit https://rust-lang.github.io/rust-clippy/rust-1.98.0/index.html#unreadable_literal

warning: long literal lacking separators
   --> crates/rrrah-decode/src/emf.rs:407:25
    |
407 |                         0x80000008 => Object::Pen("none".into(), 1),
    |                         ^^^^^^^^^^ help: consider: `0x8000_0008`
    |
    = help: for further information visit https://rust-lang.github.io/rust-clippy/rust-1.98.0/index.html#unreadable_literal

warning: long literal lacking separators
   --> crates/rrrah-decode/src/emf.rs:419:42
    |
419 |                         brush_id = (id & 0x80000000 == 0).then_some(id as usize);
    |                                          ^^^^^^^^^^ help: consider: `0x8000_0000`
    |
    = help: for further information visit https://rust-lang.github.io/rust-clippy/rust-1.98.0/index.html#unreadable_literal

warning: long literal lacking separators
   --> crates/rrrah-decode/src/emf.rs:422:40
    |
422 |                         pen_id = (id & 0x80000000 == 0).then_some(id as usize);
    |                                        ^^^^^^^^^^ help: consider: `0x8000_0000`
    |
    = help: for further information visit https://rust-lang.github.io/rust-clippy/rust-1.98.0/index.html#unreadable_literal

warning: binding's name is too similar to existing binding
   --> crates/rrrah-decode/src/pict.rs:280:9
    |
280 |     let raw_bytes = width as usize * raw_stride;
    |         ^^^^^^^^^
    |
note: existing binding defined here
   --> crates/rrrah-decode/src/pict.rs:245:9
    |
245 |     let row_bytes = usize::from(word(4) & 0x3fff);
    |         ^^^^^^^^^
    = help: for further information visit https://rust-lang.github.io/rust-clippy/rust-1.98.0/index.html#similar_names

warning: 8 bindings with single-character names in scope
   --> crates/rrrah-decode/src/wmf.rs:23:5
    |
 23 |     b: &[u8],
    |     ^
...
 94 |         let p = |n| i16::from_le_bytes(data[n..n + 2].try_into().unwrap()) as f64;
    |             ^
...
279 |                 let a = map(p(offset + 6), p(offset + 4));
    |                     ^
280 |                 let z = map(p(offset + 2), p(offset));
    |                     ^
281 |                 let x = a[0].min(z[0]);
    |                     ^
282 |                 let y = a[1].min(z[1]);
    |                     ^
283 |                 let w = (z[0] - a[0]).abs();
    |                     ^
284 |                 let h = (z[1] - a[1]).abs();
    |                     ^
    |
    = help: for further information visit https://rust-lang.github.io/rust-clippy/rust-1.98.0/index.html#many_single_char_names

warning: unnested or-patterns
  --> crates/rrrah-decode/src/astc.rs:24:9
   |
24 | /         (4, 4)
25 | |             | (5, 4)
26 | |             | (5, 5)
27 | |             | (6, 5)
...  |
36 | |             | (12, 10)
37 | |             | (12, 12)
   | |______________________^
   |
   = help: for further information visit https://rust-lang.github.io/rust-clippy/rust-1.98.0/index.html#unnested_or_patterns
help: nest the patterns
   |
24 ~         (4 | 5, 4) | (5 | 6 | 8 | 10, 5) | (6 | 8 | 10, 6) | (8 | 10, 8) |
25 + (10 | 12, 10) | (12, 12)
   |

warning: long literal lacking separators
  --> crates/rrrah-decode/src/camtiff/dcr.rs:16:28
   |
16 |         || scalar(279)? != 5703212
   |                            ^^^^^^^ help: consider: `5_703_212`
   |
   = help: for further information visit https://rust-lang.github.io/rust-clippy/rust-1.98.0/index.html#unreadable_literal

warning: long literal lacking separators
  --> crates/rrrah-decode/src/camtiff/dcr.rs:21:33
   |
21 |     let end = start.checked_add(5703212).ok_or(DecodeError::DimensionOverflow)?;
   |                                 ^^^^^^^ help: consider: `5_703_212`
   |
   = help: for further information visit https://rust-lang.github.io/rust-clippy/rust-1.98.0/index.html#unreadable_literal

warning: long literal lacking separators
  --> crates/rrrah-decode/src/camtiff/dcs_sensor.rs:52:19
   |
52 |             (273, 273056),
   |                   ^^^^^^ help: consider: `273_056`
   |
   = help: for further information visit https://rust-lang.github.io/rust-clippy/rust-1.98.0/index.html#unreadable_literal

warning: long literal lacking separators
  --> crates/rrrah-decode/src/camtiff/dcs_sensor.rs:55:19
   |
55 |             (279, 1697917),
   |                   ^^^^^^^ help: consider: `1_697_917`
   |
   = help: for further information visit https://rust-lang.github.io/rust-clippy/rust-1.98.0/index.html#unreadable_literal

warning: long literal lacking separators
  --> crates/rrrah-decode/src/camtiff/dcs_sensor.rs:61:28
   |
61 |         if file.data().get(273056..1970973).is_none() {
   |                            ^^^^^^ help: consider: `273_056`
   |
   = help: for further information visit https://rust-lang.github.io/rust-clippy/rust-1.98.0/index.html#unreadable_literal

warning: long literal lacking separators
  --> crates/rrrah-decode/src/camtiff/dcs_sensor.rs:61:36
   |
61 |         if file.data().get(273056..1970973).is_none() {
   |                                    ^^^^^^^ help: consider: `1_970_973`
   |
   = help: for further information visit https://rust-lang.github.io/rust-clippy/rust-1.98.0/index.html#unreadable_literal

warning: long literal lacking separators
   --> crates/rrrah-decode/src/camtiff/dcs_sensor.rs:116:18
    |
116 |             .get(273056..1970973)
    |                  ^^^^^^ help: consider: `273_056`
    |
    = help: for further information visit https://rust-lang.github.io/rust-clippy/rust-1.98.0/index.html#unreadable_literal

warning: long literal lacking separators
   --> crates/rrrah-decode/src/camtiff/dcs_sensor.rs:116:26
    |
116 |             .get(273056..1970973)
    |                          ^^^^^^^ help: consider: `1_970_973`
    |
    = help: for further information visit https://rust-lang.github.io/rust-clippy/rust-1.98.0/index.html#unreadable_literal

warning: long literal lacking separators
  --> crates/rrrah-decode/src/camtiff/fff.rs:16:28
   |
16 |         || scalar(279)? != 69614078
   |                            ^^^^^^^^ help: consider: `69_614_078`
   |
   = help: for further information visit https://rust-lang.github.io/rust-clippy/rust-1.98.0/index.html#unreadable_literal

warning: long literal lacking separators
  --> crates/rrrah-decode/src/camtiff/fff.rs:22:22
   |
22 |         .checked_add(69614078)
   |                      ^^^^^^^^ help: consider: `69_614_078`
   |
   = help: for further information visit https://rust-lang.github.io/rust-clippy/rust-1.98.0/index.html#unreadable_literal

warning: long literal lacking separators
  --> crates/rrrah-decode/src/camtiff/mef_sensor.rs:91:42
   |
91 |     for (tag, value) in [(259, 1), (273, 4383052), (278, 5344), (279, 32192256)] {
   |                                          ^^^^^^^ help: consider: `4_383_052`
   |
   = help: for further information visit https://rust-lang.github.io/rust-clippy/rust-1.98.0/index.html#unreadable_literal

warning: long literal lacking separators
  --> crates/rrrah-decode/src/camtiff/mef_sensor.rs:91:71
   |
91 |     for (tag, value) in [(259, 1), (273, 4383052), (278, 5344), (279, 32192256)] {
   |                                                                       ^^^^^^^^ help: consider: `32_192_256`
   |
   = help: for further information visit https://rust-lang.github.io/rust-clippy/rust-1.98.0/index.html#unreadable_literal

warning: long literal lacking separators
   --> crates/rrrah-decode/src/camtiff/mef_sensor.rs:105:14
    |
105 |         .get(4383052..4383052 + 32192256)
    |              ^^^^^^^ help: consider: `4_383_052`
    |
    = help: for further information visit https://rust-lang.github.io/rust-clippy/rust-1.98.0/index.html#unreadable_literal

warning: long literal lacking separators
   --> crates/rrrah-decode/src/camtiff/mef_sensor.rs:105:23
    |
105 |         .get(4383052..4383052 + 32192256)
    |                       ^^^^^^^ help: consider: `4_383_052`
    |
    = help: for further information visit https://rust-lang.github.io/rust-clippy/rust-1.98.0/index.html#unreadable_literal

warning: long literal lacking separators
   --> crates/rrrah-decode/src/camtiff/mef_sensor.rs:105:33
    |
105 |         .get(4383052..4383052 + 32192256)
    |                                 ^^^^^^^^ help: consider: `32_192_256`
    |
    = help: for further information visit https://rust-lang.github.io/rust-clippy/rust-1.98.0/index.html#unreadable_literal

warning: long literal lacking separators
  --> crates/rrrah-decode/src/camtiff/srf_sensor.rs:40:14
   |
40 |         .get(200896)
   |              ^^^^^^ help: consider: `200_896`
   |
   = help: for further information visit https://rust-lang.github.io/rust-clippy/rust-1.98.0/index.html#unreadable_literal

warning: long literal lacking separators
  --> crates/rrrah-decode/src/camtiff/srf_sensor.rs:42:18
   |
42 |     let key_at = 200896 + marker * 4;
   |                  ^^^^^^ help: consider: `200_896`
   |
   = help: for further information visit https://rust-lang.github.io/rust-clippy/rust-1.98.0/index.html#unreadable_literal

warning: long literal lacking separators
  --> crates/rrrah-decode/src/camtiff/srf_sensor.rs:51:14
   |
51 |         .get(164600..164640)
   |              ^^^^^^ help: consider: `164_600`
   |
   = help: for further information visit https://rust-lang.github.io/rust-clippy/rust-1.98.0/index.html#unreadable_literal

warning: long literal lacking separators
  --> crates/rrrah-decode/src/camtiff/srf_sensor.rs:51:22
   |
51 |         .get(164600..164640)
   |                      ^^^^^^ help: consider: `164_640`
   |
   = help: for further information visit https://rust-lang.github.io/rust-clippy/rust-1.98.0/index.html#unreadable_literal

warning: long literal lacking separators
  --> crates/rrrah-decode/src/camtiff/srf_sensor.rs:65:14
   |
65 |         .get(862144..862144 + WIDTH * HEIGHT * 2)
   |              ^^^^^^ help: consider: `862_144`
   |
   = help: for further information visit https://rust-lang.github.io/rust-clippy/rust-1.98.0/index.html#unreadable_literal

warning: long literal lacking separators
  --> crates/rrrah-decode/src/camtiff/srf_sensor.rs:65:22
   |
65 |         .get(862144..862144 + WIDTH * HEIGHT * 2)
   |                      ^^^^^^ help: consider: `862_144`
   |
   = help: for further information visit https://rust-lang.github.io/rust-clippy/rust-1.98.0/index.html#unreadable_literal

warning: long literal lacking separators
  --> crates/rrrah-decode/src/camtiff/srf_sensor.rs:93:14
   |
93 |         .get(200896)
   |              ^^^^^^ help: consider: `200_896`
   |
   = help: for further information visit https://rust-lang.github.io/rust-clippy/rust-1.98.0/index.html#unreadable_literal

warning: long literal lacking separators
  --> crates/rrrah-decode/src/camtiff/srf_sensor.rs:95:14
   |
95 |     let at = 200896 + selector * 4;
   |              ^^^^^^ help: consider: `200_896`
   |
   = help: for further information visit https://rust-lang.github.io/rust-clippy/rust-1.98.0/index.html#unreadable_literal

warning: long literal lacking separators
   --> crates/rrrah-decode/src/camtiff/srf_sensor.rs:104:14
    |
104 |         .get(164600..164640 + 2048)
    |              ^^^^^^ help: consider: `164_600`
    |
    = help: for further information visit https://rust-lang.github.io/rust-clippy/rust-1.98.0/index.html#unreadable_literal

warning: long literal lacking separators
   --> crates/rrrah-decode/src/camtiff/srf_sensor.rs:104:22
    |
104 |         .get(164600..164640 + 2048)
    |                      ^^^^^^ help: consider: `164_640`
    |
    = help: for further information visit https://rust-lang.github.io/rust-clippy/rust-1.98.0/index.html#unreadable_literal

warning: long literal lacking separators
   --> crates/rrrah-decode/src/camtiff/srf_sensor.rs:120:34
    |
120 |         || u32at(&header, 26) != 164640
    |                                  ^^^^^^ help: consider: `164_640`
    |
    = help: for further information visit https://rust-lang.github.io/rust-clippy/rust-1.98.0/index.html#unreadable_literal

warning: long literal lacking separators
   --> crates/rrrah-decode/src/camtiff/srf_sensor.rs:190:57
    |
190 |         || super::required_scalar("SRF", root, 279)? != 16531200
    |                                                         ^^^^^^^^ help: consider: `16_531_200`
    |
    = help: for further information visit https://rust-lang.github.io/rust-clippy/rust-1.98.0/index.html#unreadable_literal

warning: long literal lacking separators
   --> crates/rrrah-decode/src/camtiff/srf_sensor.rs:192:27
    |
192 |         || bytes.len() != 17393344
    |                           ^^^^^^^^ help: consider: `17_393_344`
    |
    = help: for further information visit https://rust-lang.github.io/rust-clippy/rust-1.98.0/index.html#unreadable_literal

warning: long literal lacking separators
   --> crates/rrrah-decode/src/dds.rs:292:36
    |
292 |                     [0xff, 0xff00, 0xff0000, 0xff000000]
    |                                    ^^^^^^^^ help: consider: `0x00ff_0000`
    |
    = help: for further information visit https://rust-lang.github.io/rust-clippy/rust-1.98.0/index.html#unreadable_literal

warning: long literal lacking separators
   --> crates/rrrah-decode/src/dds.rs:292:46
    |
292 |                     [0xff, 0xff00, 0xff0000, 0xff000000]
    |                                              ^^^^^^^^^^ help: consider: `0xff00_0000`
    |
    = help: for further information visit https://rust-lang.github.io/rust-clippy/rust-1.98.0/index.html#unreadable_literal

warning: long literal lacking separators
   --> crates/rrrah-decode/src/dds.rs:294:22
    |
294 |                     [0xff0000, 0xff00, 0xff, 0xff000000]
    |                      ^^^^^^^^ help: consider: `0x00ff_0000`
    |
    = help: for further information visit https://rust-lang.github.io/rust-clippy/rust-1.98.0/index.html#unreadable_literal

warning: long literal lacking separators
   --> crates/rrrah-decode/src/dds.rs:294:46
    |
294 |                     [0xff0000, 0xff00, 0xff, 0xff000000]
    |                                              ^^^^^^^^^^ help: consider: `0xff00_0000`
    |
    = help: for further information visit https://rust-lang.github.io/rust-clippy/rust-1.98.0/index.html#unreadable_literal

warning: long literal lacking separators
  --> crates/rrrah-decode/src/dicom.rs:73:22
   |
73 |                 || ![0x00020001, 0x00020002, 0x00020003, 0x00020012]
   |                      ^^^^^^^^^^ help: consider: `0x0002_0001`
   |
   = help: for further information visit https://rust-lang.github.io/rust-clippy/rust-1.98.0/index.html#unreadable_literal

warning: long literal lacking separators
  --> crates/rrrah-decode/src/dicom.rs:73:34
   |
73 |                 || ![0x00020001, 0x00020002, 0x00020003, 0x00020012]
   |                                  ^^^^^^^^^^ help: consider: `0x0002_0002`
   |
   = help: for further information visit https://rust-lang.github.io/rust-clippy/rust-1.98.0/index.html#unreadable_literal

warning: long literal lacking separators
  --> crates/rrrah-decode/src/dicom.rs:73:46
   |
73 |                 || ![0x00020001, 0x00020002, 0x00020003, 0x00020012]
   |                                              ^^^^^^^^^^ help: consider: `0x0002_0003`
   |
   = help: for further information visit https://rust-lang.github.io/rust-clippy/rust-1.98.0/index.html#unreadable_literal

warning: long literal lacking separators
  --> crates/rrrah-decode/src/dicom.rs:73:58
   |
73 |                 || ![0x00020001, 0x00020002, 0x00020003, 0x00020012]
   |                                                          ^^^^^^^^^^ help: consider: `0x0002_0012`
   |
   = help: for further information visit https://rust-lang.github.io/rust-clippy/rust-1.98.0/index.html#unreadable_literal

warning: long literal lacking separators
   --> crates/rrrah-decode/src/dicom.rs:142:13
    |
142 |             0x00020000 => {
    |             ^^^^^^^^^^ help: consider: `0x0002_0000`
    |
    = help: for further information visit https://rust-lang.github.io/rust-clippy/rust-1.98.0/index.html#unreadable_literal

warning: long literal lacking separators
   --> crates/rrrah-decode/src/dicom.rs:153:13
    |
153 |             0x00020001 => {
    |             ^^^^^^^^^^ help: consider: `0x0002_0001`
    |
    = help: for further information visit https://rust-lang.github.io/rust-clippy/rust-1.98.0/index.html#unreadable_literal

warning: long literal lacking separators
   --> crates/rrrah-decode/src/dicom.rs:158:13
    |
158 |             0x00020002 | 0x00020003 | 0x00020012 => {
    |             ^^^^^^^^^^ help: consider: `0x0002_0002`
    |
    = help: for further information visit https://rust-lang.github.io/rust-clippy/rust-1.98.0/index.html#unreadable_literal

warning: long literal lacking separators
   --> crates/rrrah-decode/src/dicom.rs:158:26
    |
158 |             0x00020002 | 0x00020003 | 0x00020012 => {
    |                          ^^^^^^^^^^ help: consider: `0x0002_0003`
    |
    = help: for further information visit https://rust-lang.github.io/rust-clippy/rust-1.98.0/index.html#unreadable_literal

warning: long literal lacking separators
   --> crates/rrrah-decode/src/dicom.rs:158:39
    |
158 |             0x00020002 | 0x00020003 | 0x00020012 => {
    |                                       ^^^^^^^^^^ help: consider: `0x0002_0012`
    |
    = help: for further information visit https://rust-lang.github.io/rust-clippy/rust-1.98.0/index.html#unreadable_literal

warning: long literal lacking separators
   --> crates/rrrah-decode/src/dicom.rs:167:13
    |
167 |             0x00020010 => {
    |             ^^^^^^^^^^ help: consider: `0x0002_0010`
    |
    = help: for further information visit https://rust-lang.github.io/rust-clippy/rust-1.98.0/index.html#unreadable_literal

warning: long literal lacking separators
   --> crates/rrrah-decode/src/dicom.rs:173:13
    |
173 |             0x00280010 => rows = Some(us(vr, v)?),
    |             ^^^^^^^^^^ help: consider: `0x0028_0010`
    |
    = help: for further information visit https://rust-lang.github.io/rust-clippy/rust-1.98.0/index.html#unreadable_literal

warning: long literal lacking separators
   --> crates/rrrah-decode/src/dicom.rs:174:13
    |
174 |             0x00280011 => columns = Some(us(vr, v)?),
    |             ^^^^^^^^^^ help: consider: `0x0028_0011`
    |
    = help: for further information visit https://rust-lang.github.io/rust-clippy/rust-1.98.0/index.html#unreadable_literal

warning: long literal lacking separators
   --> crates/rrrah-decode/src/dicom.rs:175:13
    |
175 |             0x00280002 => samples = Some(us(vr, v)?),
    |             ^^^^^^^^^^ help: consider: `0x0028_0002`
    |
    = help: for further information visit https://rust-lang.github.io/rust-clippy/rust-1.98.0/index.html#unreadable_literal

warning: long literal lacking separators
   --> crates/rrrah-decode/src/dicom.rs:176:13
    |
176 |             0x00280100 => bits = Some(us(vr, v)?),
    |             ^^^^^^^^^^ help: consider: `0x0028_0100`
    |
    = help: for further information visit https://rust-lang.github.io/rust-clippy/rust-1.98.0/index.html#unreadable_literal

warning: long literal lacking separators
   --> crates/rrrah-decode/src/dicom.rs:177:13
    |
177 |             0x00280101 => stored = Some(us(vr, v)?),
    |             ^^^^^^^^^^ help: consider: `0x0028_0101`
    |
    = help: for further information visit https://rust-lang.github.io/rust-clippy/rust-1.98.0/index.html#unreadable_literal

warning: long literal lacking separators
   --> crates/rrrah-decode/src/dicom.rs:178:13
    |
178 |             0x00280102 => high = Some(us(vr, v)?),
    |             ^^^^^^^^^^ help: consider: `0x0028_0102`
    |
    = help: for further information visit https://rust-lang.github.io/rust-clippy/rust-1.98.0/index.html#unreadable_literal

warning: long literal lacking separators
   --> crates/rrrah-decode/src/dicom.rs:179:13
    |
179 |             0x00280103 => signed = Some(us(vr, v)?),
    |             ^^^^^^^^^^ help: consider: `0x0028_0103`
    |
    = help: for further information visit https://rust-lang.github.io/rust-clippy/rust-1.98.0/index.html#unreadable_literal

warning: long literal lacking separators
   --> crates/rrrah-decode/src/dicom.rs:180:13
    |
180 |             0x00280004 => {
    |             ^^^^^^^^^^ help: consider: `0x0028_0004`
    |
    = help: for further information visit https://rust-lang.github.io/rust-clippy/rust-1.98.0/index.html#unreadable_literal

warning: long literal lacking separators
   --> crates/rrrah-decode/src/dicom.rs:186:13
    |
186 |             0x00280008 => {
    |             ^^^^^^^^^^ help: consider: `0x0028_0008`
    |
    = help: for further information visit https://rust-lang.github.io/rust-clippy/rust-1.98.0/index.html#unreadable_literal

warning: long literal lacking separators
   --> crates/rrrah-decode/src/dicom.rs:192:13
    |
192 |             0x00281052 => intercept = Some(ds(vr, v)?),
    |             ^^^^^^^^^^ help: consider: `0x0028_1052`
    |
    = help: for further information visit https://rust-lang.github.io/rust-clippy/rust-1.98.0/index.html#unreadable_literal

warning: long literal lacking separators
   --> crates/rrrah-decode/src/dicom.rs:193:13
    |
193 |             0x00281053 => slope = Some(ds(vr, v)?),
    |             ^^^^^^^^^^ help: consider: `0x0028_1053`
    |
    = help: for further information visit https://rust-lang.github.io/rust-clippy/rust-1.98.0/index.html#unreadable_literal

warning: long literal lacking separators
   --> crates/rrrah-decode/src/dicom.rs:194:13
    |
194 |             0x00280120 | 0x00280121 => return Err(bad("pixel padding needs explicit missing-value policy")),
    |             ^^^^^^^^^^ help: consider: `0x0028_0120`
    |
    = help: for further information visit https://rust-lang.github.io/rust-clippy/rust-1.98.0/index.html#unreadable_literal

warning: long literal lacking separators
   --> crates/rrrah-decode/src/dicom.rs:194:26
    |
194 |             0x00280120 | 0x00280121 => return Err(bad("pixel padding needs explicit missing-value policy")),
    |                          ^^^^^^^^^^ help: consider: `0x0028_0121`
    |
    = help: for further information visit https://rust-lang.github.io/rust-clippy/rust-1.98.0/index.html#unreadable_literal

warning: long literal lacking separators
   --> crates/rrrah-decode/src/dicom.rs:195:13
    |
195 |             0x7fe00010 => {
    |             ^^^^^^^^^^ help: consider: `0x7fe0_0010`
    |
    = help: for further information visit https://rust-lang.github.io/rust-clippy/rust-1.98.0/index.html#unreadable_literal

warning: long literal lacking separators
   --> crates/rrrah-decode/src/dicom.rs:201:13
    |
201 |             0x7fe00008 | 0x7fe00009 => return Err(bad("floating pixel data is not qualified")),
    |             ^^^^^^^^^^ help: consider: `0x7fe0_0008`
    |
    = help: for further information visit https://rust-lang.github.io/rust-clippy/rust-1.98.0/index.html#unreadable_literal

warning: long literal lacking separators
   --> crates/rrrah-decode/src/dicom.rs:201:26
    |
201 |             0x7fe00008 | 0x7fe00009 => return Err(bad("floating pixel data is not qualified")),
    |                          ^^^^^^^^^^ help: consider: `0x7fe0_0009`
    |
    = help: for further information visit https://rust-lang.github.io/rust-clippy/rust-1.98.0/index.html#unreadable_literal

warning: 5 bindings with single-character names in scope
   --> crates/rrrah-decode/src/dpx.rs:14:22
    |
 14 | pub(crate) fn decode(b: &[u8], request: &DecodeRequest) -> Result<DecodedRaster, RasterDecodeError> {
    |                      ^
...
 46 |     let (w, h) = (u32at(772), u32at(776));
    |          ^  ^
...
104 |         let r = &b[start + y * stride..start + y * stride + row];
    |             ^
105 |         let word16 = |at| {
106 |             let v = [r[at], r[at + 1]];
    |                 ^
    |
    = help: for further information visit https://rust-lang.github.io/rust-clippy/rust-1.98.0/index.html#many_single_char_names

warning: 5 bindings with single-character names in scope
   --> crates/rrrah-decode/src/dpx.rs:14:22
    |
 14 | pub(crate) fn decode(b: &[u8], request: &DecodeRequest) -> Result<DecodedRaster, RasterDecodeError> {
    |                      ^
...
 46 |     let (w, h) = (u32at(772), u32at(776));
    |          ^  ^
...
104 |         let r = &b[start + y * stride..start + y * stride + row];
    |             ^
...
114 |             let v = r[at..at + 4].try_into().unwrap();
    |                 ^
    |
    = help: for further information visit https://rust-lang.github.io/rust-clippy/rust-1.98.0/index.html#many_single_char_names

warning: 5 bindings with single-character names in scope
   --> crates/rrrah-decode/src/dpx.rs:14:22
    |
 14 | pub(crate) fn decode(b: &[u8], request: &DecodeRequest) -> Result<DecodedRaster, RasterDecodeError> {
    |                      ^
...
 46 |     let (w, h) = (u32at(772), u32at(776));
    |          ^  ^
...
104 |         let r = &b[start + y * stride..start + y * stride + row];
    |             ^
...
122 |             let v = match bits {
    |                 ^
    |
    = help: for further information visit https://rust-lang.github.io/rust-clippy/rust-1.98.0/index.html#many_single_char_names

warning: long literal lacking separators
  --> crates/rrrah-decode/src/exr_color.rs:10:53
   |
10 |     a.iter().zip(b).all(|(a, b)| (*a - *b).abs() <= 0.000001)
   |                                                     ^^^^^^^^ help: consider: `0.000_001`
   |
   = help: for further information visit https://rust-lang.github.io/rust-clippy/rust-1.98.0/index.html#unreadable_literal

warning: long literal lacking separators
  --> crates/rrrah-decode/src/kra.rs:51:26
   |
51 |             nodes_limit: 100000,
   |                          ^^^^^^ help: consider: `100_000`
   |
   = help: for further information visit https://rust-lang.github.io/rust-clippy/rust-1.98.0/index.html#unreadable_literal

warning: binding's name is too similar to existing binding
  --> crates/rrrah-decode/src/ktx.rs:80:25
   |
80 |     let (mut flipx, mut flipy) = (false, false);
   |                         ^^^^^
   |
note: existing binding defined here
  --> crates/rrrah-decode/src/ktx.rs:80:14
   |
80 |     let (mut flipx, mut flipy) = (false, false);
   |              ^^^^^
   = help: for further information visit https://rust-lang.github.io/rust-clippy/rust-1.98.0/index.html#similar_names

warning: 5 bindings with single-character names in scope
   --> crates/rrrah-decode/src/ktx.rs:50:13
    |
 50 |     let mut r = Input { b: bytes, at: 16, be };
    |             ^
...
201 |             let mut p = [0u32; 16];
    |                     ^
...
214 |                         let [b, g, r, a] = p[y * 4 + x].to_le_bytes();
    |                              ^  ^     ^
    |
    = help: for further information visit https://rust-lang.github.io/rust-clippy/rust-1.98.0/index.html#many_single_char_names

warning: long literal lacking separators
   --> crates/rrrah-decode/src/ktx2.rs:109:14
    |
109 |             (0xbf800000, 0x3f800000)
    |              ^^^^^^^^^^ help: consider: `0xbf80_0000`
    |
    = help: for further information visit https://rust-lang.github.io/rust-clippy/rust-1.98.0/index.html#unreadable_literal

warning: long literal lacking separators
   --> crates/rrrah-decode/src/ktx2.rs:109:26
    |
109 |             (0xbf800000, 0x3f800000)
    |                          ^^^^^^^^^^ help: consider: `0x3f80_0000`
    |
    = help: for further information visit https://rust-lang.github.io/rust-clippy/rust-1.98.0/index.html#unreadable_literal

warning: binding's name is too similar to existing binding
   --> crates/rrrah-decode/src/ktx2.rs:125:33
    |
125 |     let (mut at, mut flipx, mut flipy) = (0, false, false);
    |                                 ^^^^^
    |
note: existing binding defined here
   --> crates/rrrah-decode/src/ktx2.rs:125:22
    |
125 |     let (mut at, mut flipx, mut flipy) = (0, false, false);
    |                      ^^^^^
    = help: for further information visit https://rust-lang.github.io/rust-clippy/rust-1.98.0/index.html#similar_names

warning: binding's name is too similar to existing binding
   --> crates/rrrah-decode/src/ktx2.rs:218:17
    |
218 |     let (flipx, flipy) = metadata(&b[kvd.clone()])?;
    |                 ^^^^^
    |
note: existing binding defined here
   --> crates/rrrah-decode/src/ktx2.rs:218:10
    |
218 |     let (flipx, flipy) = metadata(&b[kvd.clone()])?;
    |          ^^^^^
    = help: for further information visit https://rust-lang.github.io/rust-clippy/rust-1.98.0/index.html#similar_names

warning: 5 bindings with single-character names in scope
  --> crates/rrrah-decode/src/pkm.rs:16:9
   |
16 |     let h = bytes.get(..16).ok_or_else(|| bad("truncated header"))?;
   |         ^
...
71 |                     let [b, g, r, a] = decoded[y * 4 + x].to_le_bytes();
   |                          ^  ^  ^  ^
   |
   = help: for further information visit https://rust-lang.github.io/rust-clippy/rust-1.98.0/index.html#many_single_char_names

warning: unnested or-patterns
  --> crates/rrrah-decode/src/pvr.rs:13:26
   |
13 |     matches!(b.get(..4), Some(b"PVR\x03") | Some(b"\x03RVP"))
   |                          ^^^^^^^^^^^^^^^^^^^^^^^^^^^^^^^^^^^
   |
   = help: for further information visit https://rust-lang.github.io/rust-clippy/rust-1.98.0/index.html#unnested_or_patterns
help: nest the patterns
   |
13 -     matches!(b.get(..4), Some(b"PVR\x03") | Some(b"\x03RVP"))
13 +     matches!(b.get(..4), Some(b"PVR\x03" | b"\x03RVP"))
   |

warning: 6 bindings with single-character names in scope
   --> crates/rrrah-decode/src/pvr.rs:46:22
    |
 46 | pub(crate) fn decode(b: &[u8], request: &DecodeRequest) -> Result<PvrImage, RasterDecodeError> {
    |                      ^
...
 64 |     let a = b[8..16].try_into().unwrap();
    |         ^
...
237 |     let (data, w, h) = selected.ok_or(crate::DecodeError::UnsupportedImageIndex {
    |                ^  ^
...
242 |         let x = if flips[0] { w - 1 - x } else { x };
    |             ^
243 |         let y = if flips[1] { h - 1 - y } else { y };
    |             ^
    |
    = help: for further information visit https://rust-lang.github.io/rust-clippy/rust-1.98.0/index.html#many_single_char_names

warning: 5 bindings with single-character names in scope
   --> crates/rrrah-decode/src/pvr.rs:46:22
    |
 46 | pub(crate) fn decode(b: &[u8], request: &DecodeRequest) -> Result<PvrImage, RasterDecodeError> {
    |                      ^
...
 64 |     let a = b[8..16].try_into().unwrap();
    |         ^
...
237 |     let (data, w, h) = selected.ok_or(crate::DecodeError::UnsupportedImageIndex {
    |                ^  ^
...
258 |                 let p = position(x, y) * 4;
    |                     ^
    |
    = help: for further information visit https://rust-lang.github.io/rust-clippy/rust-1.98.0/index.html#many_single_char_names

warning: 5 bindings with single-character names in scope
   --> crates/rrrah-decode/src/pvr.rs:46:22
    |
 46 | pub(crate) fn decode(b: &[u8], request: &DecodeRequest) -> Result<PvrImage, RasterDecodeError> {
    |                      ^
...
 64 |     let a = b[8..16].try_into().unwrap();
    |         ^
...
237 |     let (data, w, h) = selected.ok_or(crate::DecodeError::UnsupportedImageIndex {
    |                ^  ^
...
274 |             let p = position(i % w, i / w) * 4;
    |                 ^
    |
    = help: for further information visit https://rust-lang.github.io/rust-clippy/rust-1.98.0/index.html#many_single_char_names

warning: 6 bindings with single-character names in scope
   --> crates/rrrah-decode/src/pvr.rs:46:22
    |
 46 | pub(crate) fn decode(b: &[u8], request: &DecodeRequest) -> Result<PvrImage, RasterDecodeError> {
    |                      ^
...
 64 |     let a = b[8..16].try_into().unwrap();
    |         ^
...
237 |     let (data, w, h) = selected.ok_or(crate::DecodeError::UnsupportedImageIndex {
    |                ^  ^
...
284 |             let mut c = [0u16; 4];
    |                     ^
...
293 |             let p = position(i % w, i / w) * 4;
    |                 ^
    |
    = help: for further information visit https://rust-lang.github.io/rust-clippy/rust-1.98.0/index.html#many_single_char_names

warning: 6 bindings with single-character names in scope
   --> crates/rrrah-decode/src/pvr.rs:46:22
    |
 46 | pub(crate) fn decode(b: &[u8], request: &DecodeRequest) -> Result<PvrImage, RasterDecodeError> {
    |                      ^
...
 64 |     let a = b[8..16].try_into().unwrap();
    |         ^
...
237 |     let (data, w, h) = selected.ok_or(crate::DecodeError::UnsupportedImageIndex {
    |                ^  ^
...
303 |             let mut c = [0f32; 4];
    |                     ^
...
316 |             let p = position(i % w, i / w) * 4;
    |                 ^
    |
    = help: for further information visit https://rust-lang.github.io/rust-clippy/rust-1.98.0/index.html#many_single_char_names

warning: 5 bindings with single-character names in scope
   --> crates/rrrah-decode/src/pvr.rs:46:22
    |
 46 | pub(crate) fn decode(b: &[u8], request: &DecodeRequest) -> Result<PvrImage, RasterDecodeError> {
    |                      ^
...
 64 |     let a = b[8..16].try_into().unwrap();
    |         ^
...
237 |     let (data, w, h) = selected.ok_or(crate::DecodeError::UnsupportedImageIndex {
    |                ^  ^
...
328 |                 RasterPixels::Rgba8(v) => std::array::from_fn(|c| f32::from(v[i * 4 + c]) / 255.),
    |                                     ^
    |
    = help: for further information visit https://rust-lang.github.io/rust-clippy/rust-1.98.0/index.html#many_single_char_names

warning: 5 bindings with single-character names in scope
   --> crates/rrrah-decode/src/pvr.rs:46:22
    |
 46 | pub(crate) fn decode(b: &[u8], request: &DecodeRequest) -> Result<PvrImage, RasterDecodeError> {
    |                      ^
...
 64 |     let a = b[8..16].try_into().unwrap();
    |         ^
...
237 |     let (data, w, h) = selected.ok_or(crate::DecodeError::UnsupportedImageIndex {
    |                ^  ^
...
329 |                 RasterPixels::Rgba16(v) => std::array::from_fn(|c| f32::from(v[i * 4 + c]) / 65535.),
    |                                      ^
    |
    = help: for further information visit https://rust-lang.github.io/rust-clippy/rust-1.98.0/index.html#many_single_char_names

warning: 5 bindings with single-character names in scope
   --> crates/rrrah-decode/src/pvr.rs:46:22
    |
 46 | pub(crate) fn decode(b: &[u8], request: &DecodeRequest) -> Result<PvrImage, RasterDecodeError> {
    |                      ^
...
 64 |     let a = b[8..16].try_into().unwrap();
    |         ^
...
237 |     let (data, w, h) = selected.ok_or(crate::DecodeError::UnsupportedImageIndex {
    |                ^  ^
...
330 |                 RasterPixels::Rgba32Float(v) => v[i * 4..i * 4 + 4].try_into().unwrap(),
    |                                           ^
    |
    = help: for further information visit https://rust-lang.github.io/rust-clippy/rust-1.98.0/index.html#many_single_char_names

warning: 5 bindings with single-character names in scope
   --> crates/rrrah-decode/src/rla.rs:124:5
    |
124 |     b: &[u8],
    |     ^
...
165 |     let (w, h) = ((right - left + 1) as usize, (top - bottom + 1) as usize);
    |          ^  ^
...
262 |                 let (v, n) = plane(&record[used..], aw)?;
    |                      ^  ^
    |
    = help: for further information visit https://rust-lang.github.io/rust-clippy/rust-1.98.0/index.html#many_single_char_names

warning: 5 bindings with single-character names in scope
  --> crates/rrrah-decode/src/softimage.rs:29:22
   |
29 | pub(crate) fn decode(b: &[u8], request: &DecodeRequest) -> Result<DecodedRaster, RasterDecodeError> {
   |                      ^
...
34 |     let w = u16::from_be_bytes([b[92], b[93]]) as usize;
   |         ^
35 |     let h = u16::from_be_bytes([b[94], b[95]]) as usize;
   |         ^
...
83 |             let mut x = 0;
   |                     ^
...
93 |                             let v = input.take(2)?;
   |                                 ^
   |
   = help: for further information visit https://rust-lang.github.io/rust-clippy/rust-1.98.0/index.html#many_single_char_names

warning: 6 bindings with single-character names in scope
   --> crates/rrrah-decode/src/softimage.rs:29:22
    |
 29 | pub(crate) fn decode(b: &[u8], request: &DecodeRequest) -> Result<DecodedRaster, RasterDecodeError> {
    |                      ^
...
 34 |     let w = u16::from_be_bytes([b[92], b[93]]) as usize;
    |         ^
 35 |     let h = u16::from_be_bytes([b[94], b[95]]) as usize;
    |         ^
...
 83 |             let mut x = 0;
    |                     ^
 84 |             while x < w {
 85 |                 let (n, repeated) = match kind {
    |                      ^
...
110 |                                 let v = input.take(2)?;
    |                                     ^
    |
    = help: for further information visit https://rust-lang.github.io/rust-clippy/rust-1.98.0/index.html#many_single_char_names

warning: 5 bindings with single-character names in scope
  --> crates/rrrah-decode/src/softimage.rs:29:22
   |
29 | pub(crate) fn decode(b: &[u8], request: &DecodeRequest) -> Result<DecodedRaster, RasterDecodeError> {
   |                      ^
...
34 |     let w = u16::from_be_bytes([b[92], b[93]]) as usize;
   |         ^
35 |     let h = u16::from_be_bytes([b[94], b[95]]) as usize;
   |         ^
...
83 |             let mut x = 0;
   |                     ^
84 |             while x < w {
85 |                 let (n, repeated) = match kind {
   |                      ^
   |
   = help: for further information visit https://rust-lang.github.io/rust-clippy/rust-1.98.0/index.html#many_single_char_names

warning: long literal lacking separators
  --> crates/rrrah-decode/src/sun.rs:16:46
   |
16 |     if bytes.len() < 32 || long(bytes, 0) != 0x59a66a95 {
   |                                              ^^^^^^^^^^ help: consider: `0x59a6_6a95`
   |
   = help: for further information visit https://rust-lang.github.io/rust-clippy/rust-1.98.0/index.html#unreadable_literal

warning: 5 bindings with single-character names in scope
  --> crates/rrrah-decode/src/wad.rs:17:22
   |
17 | pub(crate) fn decode(b: &[u8], request: &DecodeRequest) -> Result<DecodedRaster, RasterDecodeError> {
   |                      ^
...
75 |     let a = name(&entry[16..32]).ok_or_else(|| bad("unterminated directory name"))?;
   |         ^
76 |     let c = name(&tex[..16]).ok_or_else(|| bad("unterminated texture name"))?;
   |         ^
...
80 |     let (w, h) = (word(tex, 16), word(tex, 20));
   |          ^  ^
   |
   = help: for further information visit https://rust-lang.github.io/rust-clippy/rust-1.98.0/index.html#many_single_char_names

warning: you should put bare URLs between `<`/`>` or make a proper Markdown link
 --> crates/rrrah-decode/src/bay.rs:2:23
  |
2 | //! Layout reference: https://www.inweb.ch/foto/rawformat.html
  |                       ^^^^^^^^^^^^^^^^^^^^^^^^^^^^^^^^^^^^^^^^ help: try: `<https://www.inweb.ch/foto/rawformat.html>`
  |
  = help: for further information visit https://rust-lang.github.io/rust-clippy/rust-1.98.0/index.html#doc_markdown
  = note: `-W clippy::doc-markdown` implied by `-W clippy::pedantic`
  = help: to override `-W clippy::pedantic` add `#[allow(clippy::doc_markdown)]`

warning: using `chunks_exact` with a constant chunk size
  --> crates/rrrah-decode/src/bay.rs:65:18
   |
65 |                 .chunks_exact(5)
   |                  ^^^^^^^^^^^^^^^ help: consider using `as_chunks` instead: `as_chunks::<5>().0.iter()`
   |
   = help: for further information visit https://rust-lang.github.io/rust-clippy/rust-1.98.0/index.html#chunks_exact_to_as_chunks
   = note: `-W clippy::chunks-exact-to-as-chunks` implied by `-W clippy::all`
   = help: to override `-W clippy::all` add `#[allow(clippy::chunks_exact_to_as_chunks)]`

warning: using `chunks_exact_mut` with a constant chunk size
  --> crates/rrrah-decode/src/bay.rs:66:29
   |
66 |                 .zip(pixels.chunks_exact_mut(4))
   |                             ^^^^^^^^^^^^^^^^^^^
   |
help: consider using `as_chunks_mut::<4>()` instead
  --> crates/rrrah-decode/src/bay.rs:66:29
   |
66 |                 .zip(pixels.chunks_exact_mut(4))
   |                             ^^^^^^^^^^^^^^^^^^^
   = help: for further information visit https://rust-lang.github.io/rust-clippy/rust-1.98.0/index.html#chunks_exact_to_as_chunks

warning: item in documentation is missing backticks
   --> crates/rrrah-decode/src/ciff.rs:295:24
    |
295 | /// Pinned independent LibRaw 0.22.2 EOS 10D calibration for the new CRW path.
    |                        ^^^^^^
    |
    = help: for further information visit https://rust-lang.github.io/rust-clippy/rust-1.98.0/index.html#doc_markdown
help: try
    |
295 - /// Pinned independent LibRaw 0.22.2 EOS 10D calibration for the new CRW path.
295 + /// Pinned independent `LibRaw` 0.22.2 EOS 10D calibration for the new CRW path.
    |

warning: adding items after statements is confusing, since items exist from the start of the scope
  --> crates/rrrah-decode/src/crw.rs:56:5
   |
56 | /     fn tree(bytes: &[u8]) -> Result<Huffman<'_>, &'static str> {
57 | |         let counts: [u8; 16] = bytes.get(..16).ok_or("short Huffman table")?.try_into().unwrap();
58 | |         let count: usize = counts.iter().map(|v| usize::from(*v)).sum();
59 | |         let symbols = bytes.get(16..16 + count).ok_or("short Huffman symbols")?;
60 | |         Huffman::new(counts, symbols).map_err(|_| "invalid Huffman table")
61 | |     }
   | |_____^
   |
   = help: for further information visit https://rust-lang.github.io/rust-clippy/rust-1.98.0/index.html#items_after_statements
   = note: `-W clippy::items-after-statements` implied by `-W clippy::pedantic`
   = help: to override `-W clippy::pedantic` add `#[allow(clippy::items_after_statements)]`

warning: docs for function which may panic missing `# Panics` section
   --> crates/rrrah-decode/src/xcf.rs:207:1
    |
207 | / pub fn flatten_xcf_legacy_normal<'a>(
208 | |     bytes: &'a [u8],
209 | |     budget: &rrrah_core::MemoryBudget,
210 | |     mut cancelled: impl FnMut() -> bool,
211 | | ) -> Result<XcfFlattenedImage<'a>, XcfPixelError> {
    | |_________________________________________________^
    |
note: first possible panic found here
   --> crates/rrrah-decode/src/xcf.rs:255:22
    |
255 |         let offset = tables.layers.iter().nth(index).unwrap();
    |                      ^^^^^^^^^^^^^^^^^^^^^^^^^^^^^^^^^^^^^^^^
    = help: for further information visit https://rust-lang.github.io/rust-clippy/rust-1.98.0/index.html#missing_panics_doc
    = note: `-W clippy::missing-panics-doc` implied by `-W clippy::pedantic`
    = help: to override `-W clippy::pedantic` add `#[allow(clippy::missing_panics_doc)]`

warning: this OR pattern can be rewritten using a range
   --> crates/rrrah-decode/src/xcf.rs:235:66
    |
235 |             || !matches!(composition.composite_mode, None | Some(-1 | 0 | 1))
    |                                                                  ^^^^^^^^^^ help: try: `-1..=1`
    |
    = help: for further information visit https://rust-lang.github.io/rust-clippy/rust-1.98.0/index.html#manual_range_patterns
    = note: `-W clippy::manual-range-patterns` implied by `-W clippy::all`
    = help: to override `-W clippy::all` add `#[allow(clippy::manual_range_patterns)]`

warning: using `chunks_exact` with a constant chunk size
   --> crates/rrrah-decode/src/xcf.rs:283:50
    |
283 |     for (index, (source, destination)) in canvas.chunks_exact(4).zip(output.chunks_exact_mut(4)).enumerate() {
    |                                                  ^^^^^^^^^^^^^^^ help: consider using `as_chunks` instead: `as_chunks::<4>().0.iter()`
    |
    = help: for further information visit https://rust-lang.github.io/rust-clippy/rust-1.98.0/index.html#chunks_exact_to_as_chunks

warning: using `chunks_exact_mut` with a constant chunk size
   --> crates/rrrah-decode/src/xcf.rs:283:77
    |
283 |     for (index, (source, destination)) in canvas.chunks_exact(4).zip(output.chunks_exact_mut(4)).enumerate() {
    |                                                                             ^^^^^^^^^^^^^^^^^^^
    |
help: consider using `as_chunks_mut::<4>()` instead
   --> crates/rrrah-decode/src/xcf.rs:283:77
    |
283 |     for (index, (source, destination)) in canvas.chunks_exact(4).zip(output.chunks_exact_mut(4)).enumerate() {
    |                                                                             ^^^^^^^^^^^^^^^^^^^
    = help: for further information visit https://rust-lang.github.io/rust-clippy/rust-1.98.0/index.html#chunks_exact_to_as_chunks

warning: casting `f32` to `u8` may truncate the value
   --> crates/rrrah-decode/src/xcf.rs:292:17
    |
292 |                 (source[channel] / alpha * 255.0).clamp(0.0, 255.0).round() as u8
    |                 ^^^^^^^^^^^^^^^^^^^^^^^^^^^^^^^^^^^^^^^^^^^^^^^^^^^^^^^^^^^^^^^^^
    |
    = help: if this is intentional allow the lint with `#[allow(clippy::cast_possible_truncation)]` ...
    = help: for further information visit https://rust-lang.github.io/rust-clippy/rust-1.98.0/index.html#cast_possible_truncation
    = note: `-W clippy::cast-possible-truncation` implied by `-W clippy::pedantic`
    = help: to override `-W clippy::pedantic` add `#[allow(clippy::cast_possible_truncation)]`

warning: casting `f32` to `u8` may lose the sign of the value
   --> crates/rrrah-decode/src/xcf.rs:292:17
    |
292 |                 (source[channel] / alpha * 255.0).clamp(0.0, 255.0).round() as u8
    |                 ^^^^^^^^^^^^^^^^^^^^^^^^^^^^^^^^^^^^^^^^^^^^^^^^^^^^^^^^^^^^^^^^^
    |
    = help: for further information visit https://rust-lang.github.io/rust-clippy/rust-1.98.0/index.html#cast_sign_loss
    = note: `-W clippy::cast-sign-loss` implied by `-W clippy::pedantic`
    = help: to override `-W clippy::pedantic` add `#[allow(clippy::cast_sign_loss)]`

warning: casting `f32` to `u8` may truncate the value
   --> crates/rrrah-decode/src/xcf.rs:295:26
    |
295 |         destination[3] = (alpha * 255.0).clamp(0.0, 255.0).round() as u8;
    |                          ^^^^^^^^^^^^^^^^^^^^^^^^^^^^^^^^^^^^^^^^^^^^^^^
    |
    = help: if this is intentional allow the lint with `#[allow(clippy::cast_possible_truncation)]` ...
    = help: for further information visit https://rust-lang.github.io/rust-clippy/rust-1.98.0/index.html#cast_possible_truncation

warning: casting `f32` to `u8` may lose the sign of the value
   --> crates/rrrah-decode/src/xcf.rs:295:26
    |
295 |         destination[3] = (alpha * 255.0).clamp(0.0, 255.0).round() as u8;
    |                          ^^^^^^^^^^^^^^^^^^^^^^^^^^^^^^^^^^^^^^^^^^^^^^^
    |
    = help: for further information visit https://rust-lang.github.io/rust-clippy/rust-1.98.0/index.html#cast_sign_loss

warning: docs for function which may panic missing `# Panics` section
   --> crates/rrrah-decode/src/xcf.rs:331:1
    |
331 | pub fn xcf_icc_profile(bytes: &[u8]) -> Result<Option<&[u8]>, XcfHeaderError> {
    | ^^^^^^^^^^^^^^^^^^^^^^^^^^^^^^^^^^^^^^^^^^^^^^^^^^^^^^^^^^^^^^^^^^^^^^^^^^^^^
    |
note: first possible panic found here
   --> crates/rrrah-decode/src/xcf.rs:346:36
    |
346 |                 u32::from_be_bytes(read_at(property.payload, &mut position, 4)?.try_into().unwrap()) as usize;
    |                                    ^^^^^^^^^^^^^^^^^^^^^^^^^^^^^^^^^^^^^^^^^^^^^^^^^^^^^^^^^^^^^^^^
    = help: for further information visit https://rust-lang.github.io/rust-clippy/rust-1.98.0/index.html#missing_panics_doc

warning: docs for function which may panic missing `# Panics` section
   --> crates/rrrah-decode/src/xcf.rs:386:1
    |
386 | / pub fn parse_xcf_layer_tree(
387 | |     bytes: &[u8],
388 | |     budget: &rrrah_core::MemoryBudget,
389 | |     mut cancelled: impl FnMut() -> bool,
390 | | ) -> Result<rrrah_core::SharedBuffer<XcfLayerNode>, XcfPixelError> {
    | |__________________________________________________________________^
    |
note: first possible panic found here
   --> crates/rrrah-decode/src/xcf.rs:417:29
    |
417 |                 component = path.next().unwrap();
    |                             ^^^^^^^^^^^^^^^^^^^^
    = help: for further information visit https://rust-lang.github.io/rust-clippy/rust-1.98.0/index.html#missing_panics_doc

warning: casting `usize` to `u32` may truncate the value on targets with 64-bit wide pointers
   --> crates/rrrah-decode/src/xcf.rs:416:31
    |
416 |                 parent = Some(found as u32);
    |                               ^^^^^^^^^^^^
    |
    = help: if this is intentional allow the lint with `#[allow(clippy::cast_possible_truncation)]` ...
    = help: for further information visit https://rust-lang.github.io/rust-clippy/rust-1.98.0/index.html#cast_possible_truncation
help: ... or use `try_from` and handle the error accordingly
    |
416 -                 parent = Some(found as u32);
416 +                 parent = Some(u32::try_from(found));
    |

warning: docs for function which may panic missing `# Panics` section
   --> crates/rrrah-decode/src/xcf.rs:448:1
    |
448 | / pub fn decode_xcf_samples(
449 | |     source: &[u8],
450 | |     header: XcfHeader,
451 | |     budget: &rrrah_core::MemoryBudget,
452 | |     mut cancelled: impl FnMut() -> bool,
453 | | ) -> Result<rrrah_core::SharedBuffer<f32>, XcfPixelError> {
    | |_________________________________________________________^
    |
note: first possible panic found here
   --> crates/rrrah-decode/src/xcf.rs:486:37
    |
486 |             1 => u16::from_be_bytes(sample.try_into().unwrap()) as f32 / 65535.0,
    |                                     ^^^^^^^^^^^^^^^^^^^^^^^^^^
    = help: for further information visit https://rust-lang.github.io/rust-clippy/rust-1.98.0/index.html#missing_panics_doc

warning: manual implementation of `.is_multiple_of()`
   --> crates/rrrah-decode/src/xcf.rs:466:73
    |
466 |     if size != usize::from(header.sample_bytes) || source.is_empty() || source.len() % size != 0 {
    |                                                                         ^^^^^^^^^^^^^^^^^^^^^^^^ help: replace with: `!source.len().is_multiple_of(size)`
    |
    = help: for further information visit https://rust-lang.github.io/rust-clippy/rust-1.98.0/index.html#manual_is_multiple_of
    = note: `-W clippy::manual-is-multiple-of` implied by `-W clippy::all`
    = help: to override `-W clippy::all` add `#[allow(clippy::manual_is_multiple_of)]`

warning: casts from `u8` to `f32` can be expressed infallibly using `From`
   --> crates/rrrah-decode/src/xcf.rs:485:18
    |
485 |             0 => sample[0] as f32 / 255.0,
    |                  ^^^^^^^^^^^^^^^^
    |
    = help: an `as` cast can become silently lossy if the types change in the future
    = help: for further information visit https://rust-lang.github.io/rust-clippy/rust-1.98.0/index.html#cast_lossless
    = note: `-W clippy::cast-lossless` implied by `-W clippy::pedantic`
    = help: to override `-W clippy::pedantic` add `#[allow(clippy::cast_lossless)]`
help: use `f32::from` instead
    |
485 -             0 => sample[0] as f32 / 255.0,
485 +             0 => f32::from(sample[0]) / 255.0,
    |

warning: casts from `u16` to `f32` can be expressed infallibly using `From`
   --> crates/rrrah-decode/src/xcf.rs:486:18
    |
486 |             1 => u16::from_be_bytes(sample.try_into().unwrap()) as f32 / 65535.0,
    |                  ^^^^^^^^^^^^^^^^^^^^^^^^^^^^^^^^^^^^^^^^^^^^^^^^^^^^^
    |
    = help: an `as` cast can become silently lossy if the types change in the future
    = help: for further information visit https://rust-lang.github.io/rust-clippy/rust-1.98.0/index.html#cast_lossless
help: use `f32::from` instead
    |
486 -             1 => u16::from_be_bytes(sample.try_into().unwrap()) as f32 / 65535.0,
486 +             1 => f32::from(u16::from_be_bytes(sample.try_into().unwrap())) / 65535.0,
    |

warning: casting `f64` to `f32` may truncate the value
   --> crates/rrrah-decode/src/xcf.rs:487:18
    |
487 |             2 => (u32::from_be_bytes(sample.try_into().unwrap()) as f64 / u32::MAX as f64) as f32,
    |                  ^^^^^^^^^^^^^^^^^^^^^^^^^^^^^^^^^^^^^^^^^^^^^^^^^^^^^^^^^^^^^^^^^^^^^^^^^^^^^^^^
    |
    = help: if this is intentional allow the lint with `#[allow(clippy::cast_possible_truncation)]` ...
    = help: for further information visit https://rust-lang.github.io/rust-clippy/rust-1.98.0/index.html#cast_possible_truncation

warning: casts from `u32` to `f64` can be expressed infallibly using `From`
   --> crates/rrrah-decode/src/xcf.rs:487:19
    |
487 |             2 => (u32::from_be_bytes(sample.try_into().unwrap()) as f64 / u32::MAX as f64) as f32,
    |                   ^^^^^^^^^^^^^^^^^^^^^^^^^^^^^^^^^^^^^^^^^^^^^^^^^^^^^
    |
    = help: an `as` cast can become silently lossy if the types change in the future
    = help: for further information visit https://rust-lang.github.io/rust-clippy/rust-1.98.0/index.html#cast_lossless
help: use `f64::from` instead
    |
487 -             2 => (u32::from_be_bytes(sample.try_into().unwrap()) as f64 / u32::MAX as f64) as f32,
487 +             2 => (f64::from(u32::from_be_bytes(sample.try_into().unwrap())) / u32::MAX as f64) as f32,
    |

warning: casts from `u32` to `f64` can be expressed infallibly using `From`
   --> crates/rrrah-decode/src/xcf.rs:487:75
    |
487 |             2 => (u32::from_be_bytes(sample.try_into().unwrap()) as f64 / u32::MAX as f64) as f32,
    |                                                                           ^^^^^^^^^^^^^^^
    |
    = help: an `as` cast can become silently lossy if the types change in the future
    = help: for further information visit https://rust-lang.github.io/rust-clippy/rust-1.98.0/index.html#cast_lossless
help: use `f64::from` instead
    |
487 -             2 => (u32::from_be_bytes(sample.try_into().unwrap()) as f64 / u32::MAX as f64) as f32,
487 +             2 => (u32::from_be_bytes(sample.try_into().unwrap()) as f64 / f64::from(u32::MAX)) as f32,
    |

warning: casting `f64` to `f32` may truncate the value
   --> crates/rrrah-decode/src/xcf.rs:490:18
    |
490 |             5 => f64::from_be_bytes(sample.try_into().unwrap()) as f32,
    |                  ^^^^^^^^^^^^^^^^^^^^^^^^^^^^^^^^^^^^^^^^^^^^^^^^^^^^^
    |
    = help: if this is intentional allow the lint with `#[allow(clippy::cast_possible_truncation)]` ...
    = help: for further information visit https://rust-lang.github.io/rust-clippy/rust-1.98.0/index.html#cast_possible_truncation

warning: manual implementation of `.is_multiple_of()`
   --> crates/rrrah-decode/src/xcf.rs:515:33
    |
515 |         if source.is_empty() || source.len() % 4 != 0 || source.len() as u64 > crate::raster::MAX_RASTER_BYTES
    |                                 ^^^^^^^^^^^^^^^^^^^^^ help: replace with: `!source.len().is_multiple_of(4)`
    |
    = help: for further information visit https://rust-lang.github.io/rust-clippy/rust-1.98.0/index.html#manual_is_multiple_of

warning: manual implementation of `.is_multiple_of()`
   --> crates/rrrah-decode/src/xcf.rs:540:29
    |
540 |     if source.is_empty() || source.len() % stride != 0 {
    |                             ^^^^^^^^^^^^^^^^^^^^^^^^^^ help: replace with: `!source.len().is_multiple_of(stride)`
    |
    = help: for further information visit https://rust-lang.github.io/rust-clippy/rust-1.98.0/index.html#manual_is_multiple_of

warning: using `chunks_exact_mut` with a constant chunk size
   --> crates/rrrah-decode/src/xcf.rs:567:21
    |
567 |         .zip(output.chunks_exact_mut(4))
    |                     ^^^^^^^^^^^^^^^^^^^
    |
help: consider using `as_chunks_mut::<4>()` instead
   --> crates/rrrah-decode/src/xcf.rs:567:21
    |
567 |         .zip(output.chunks_exact_mut(4))
    |                     ^^^^^^^^^^^^^^^^^^^
    = help: for further information visit https://rust-lang.github.io/rust-clippy/rust-1.98.0/index.html#chunks_exact_to_as_chunks

warning: this `if` can be collapsed into the outer `match`
   --> crates/rrrah-decode/src/xcf.rs:583:17
    |
583 | /                 if sample[1] < 128 {
584 | |                     0
585 | |                 } else {
586 | |                     255
587 | |                 }
    | |_________________^
    |
    = help: for further information visit https://rust-lang.github.io/rust-clippy/rust-1.98.0/index.html#collapsible_match
    = note: `-W clippy::collapsible-match` implied by `-W clippy::all`
    = help: to override `-W clippy::all` add `#[allow(clippy::collapsible_match)]`
help: collapse nested if block
    |
582 ~             5
583 ~                 if sample[1] < 128 => {
584 |                     0
585 ~                 }
    |

warning: docs for function which may panic missing `# Panics` section
   --> crates/rrrah-decode/src/xcf.rs:603:1
    |
603 | / pub fn composite_xcf_normal_rgba8(
604 | |     canvas: &mut [f32],
605 | |     canvas_width: u32,
606 | |     canvas_height: u32,
...   |
612 | |     mut cancelled: impl FnMut() -> bool,
613 | | ) -> Result<(), XcfPixelError> {
    | |______________________________^
    |
note: first possible panic found here
   --> crates/rrrah-decode/src/xcf.rs:656:26
    |
656 |                 alpha *= mask.unwrap()[pixel] as f32 / 255.0;
    |                          ^^^^^^^^^^^^^
    = help: for further information visit https://rust-lang.github.io/rust-clippy/rust-1.98.0/index.html#missing_panics_doc

warning: this function has too many arguments (9/7)
   --> crates/rrrah-decode/src/xcf.rs:603:1
    |
603 | / pub fn composite_xcf_normal_rgba8(
604 | |     canvas: &mut [f32],
605 | |     canvas_width: u32,
606 | |     canvas_height: u32,
...   |
612 | |     mut cancelled: impl FnMut() -> bool,
613 | | ) -> Result<(), XcfPixelError> {
    | |______________________________^
    |
    = help: for further information visit https://rust-lang.github.io/rust-clippy/rust-1.98.0/index.html#too_many_arguments
    = note: `-W clippy::too-many-arguments` implied by `-W clippy::all`
    = help: to override `-W clippy::all` add `#[allow(clippy::too_many_arguments)]`

warning: casting `i64` to `usize` may truncate the value on targets with 32-bit wide pointers
   --> crates/rrrah-decode/src/xcf.rs:649:25
    |
649 |             let pixel = y as usize * width as usize + x as usize;
    |                         ^^^^^^^^^^
    |
    = help: if this is intentional allow the lint with `#[allow(clippy::cast_possible_truncation)]` ...
    = help: for further information visit https://rust-lang.github.io/rust-clippy/rust-1.98.0/index.html#cast_possible_truncation
help: ... or use `try_from` and handle the error accordingly
    |
649 -             let pixel = y as usize * width as usize + x as usize;
649 +             let pixel = usize::try_from(y) * width as usize + x as usize;
    |

warning: casting `i64` to `usize` may lose the sign of the value
   --> crates/rrrah-decode/src/xcf.rs:649:25
    |
649 |             let pixel = y as usize * width as usize + x as usize;
    |                         ^^^^^^^^^^
    |
    = help: for further information visit https://rust-lang.github.io/rust-clippy/rust-1.98.0/index.html#cast_sign_loss

warning: casting `i64` to `usize` may truncate the value on targets with 32-bit wide pointers
   --> crates/rrrah-decode/src/xcf.rs:649:55
    |
649 |             let pixel = y as usize * width as usize + x as usize;
    |                                                       ^^^^^^^^^^
    |
    = help: if this is intentional allow the lint with `#[allow(clippy::cast_possible_truncation)]` ...
    = help: for further information visit https://rust-lang.github.io/rust-clippy/rust-1.98.0/index.html#cast_possible_truncation
help: ... or use `try_from` and handle the error accordingly
    |
649 -             let pixel = y as usize * width as usize + x as usize;
649 +             let pixel = y as usize * width as usize + usize::try_from(x);
    |

warning: casting `i64` to `usize` may lose the sign of the value
   --> crates/rrrah-decode/src/xcf.rs:649:55
    |
649 |             let pixel = y as usize * width as usize + x as usize;
    |                                                       ^^^^^^^^^^
    |
    = help: for further information visit https://rust-lang.github.io/rust-clippy/rust-1.98.0/index.html#cast_sign_loss

warning: casting `i64` to `usize` may truncate the value on targets with 32-bit wide pointers
   --> crates/rrrah-decode/src/xcf.rs:651:27
    |
651 |             let target = ((y + i64::from(attributes.offset_y)) as usize * canvas_width as usize
    |                           ^^^^^^^^^^^^^^^^^^^^^^^^^^^^^^^^^^^^^^^^^^^^^
    |
    = help: if this is intentional allow the lint with `#[allow(clippy::cast_possible_truncation)]` ...
    = help: for further information visit https://rust-lang.github.io/rust-clippy/rust-1.98.0/index.html#cast_possible_truncation
help: ... or use `try_from` and handle the error accordingly
    |
651 -             let target = ((y + i64::from(attributes.offset_y)) as usize * canvas_width as usize
651 +             let target = (usize::try_from(y + i64::from(attributes.offset_y)) * canvas_width as usize
    |

warning: casting `i64` to `usize` may lose the sign of the value
   --> crates/rrrah-decode/src/xcf.rs:651:27
    |
651 |             let target = ((y + i64::from(attributes.offset_y)) as usize * canvas_width as usize
    |                           ^^^^^^^^^^^^^^^^^^^^^^^^^^^^^^^^^^^^^^^^^^^^^
    |
    = help: for further information visit https://rust-lang.github.io/rust-clippy/rust-1.98.0/index.html#cast_sign_loss

warning: casting `i64` to `usize` may truncate the value on targets with 32-bit wide pointers
   --> crates/rrrah-decode/src/xcf.rs:652:19
    |
652 |                 + (x + i64::from(attributes.offset_x)) as usize)
    |                   ^^^^^^^^^^^^^^^^^^^^^^^^^^^^^^^^^^^^^^^^^^^^^
    |
    = help: if this is intentional allow the lint with `#[allow(clippy::cast_possible_truncation)]` ...
    = help: for further information visit https://rust-lang.github.io/rust-clippy/rust-1.98.0/index.html#cast_possible_truncation
help: ... or use `try_from` and handle the error accordingly
    |
652 -                 + (x + i64::from(attributes.offset_x)) as usize)
652 +                 + usize::try_from(x + i64::from(attributes.offset_x)))
    |

warning: casting `i64` to `usize` may lose the sign of the value
   --> crates/rrrah-decode/src/xcf.rs:652:19
    |
652 |                 + (x + i64::from(attributes.offset_x)) as usize)
    |                   ^^^^^^^^^^^^^^^^^^^^^^^^^^^^^^^^^^^^^^^^^^^^^
    |
    = help: for further information visit https://rust-lang.github.io/rust-clippy/rust-1.98.0/index.html#cast_sign_loss

warning: casts from `u8` to `f32` can be expressed infallibly using `From`
   --> crates/rrrah-decode/src/xcf.rs:654:29
    |
654 |             let mut alpha = source[from + 3] as f32 / 255.0 * attributes.opacity;
    |                             ^^^^^^^^^^^^^^^^^^^^^^^
    |
    = help: an `as` cast can become silently lossy if the types change in the future
    = help: for further information visit https://rust-lang.github.io/rust-clippy/rust-1.98.0/index.html#cast_lossless
help: use `f32::from` instead
    |
654 -             let mut alpha = source[from + 3] as f32 / 255.0 * attributes.opacity;
654 +             let mut alpha = f32::from(source[from + 3]) / 255.0 * attributes.opacity;
    |

warning: casts from `u8` to `f32` can be expressed infallibly using `From`
   --> crates/rrrah-decode/src/xcf.rs:656:26
    |
656 |                 alpha *= mask.unwrap()[pixel] as f32 / 255.0;
    |                          ^^^^^^^^^^^^^^^^^^^^^^^^^^^
    |
    = help: an `as` cast can become silently lossy if the types change in the future
    = help: for further information visit https://rust-lang.github.io/rust-clippy/rust-1.98.0/index.html#cast_lossless
help: use `f32::from` instead
    |
656 -                 alpha *= mask.unwrap()[pixel] as f32 / 255.0;
656 +                 alpha *= f32::from(mask.unwrap()[pixel]) / 255.0;
    |

warning: casts from `u8` to `f32` can be expressed infallibly using `From`
   --> crates/rrrah-decode/src/xcf.rs:660:38
    |
660 |                 canvas[target + c] = source[from + c] as f32 / 255.0 * alpha + canvas[target + c] * remaining;
    |                                      ^^^^^^^^^^^^^^^^^^^^^^^
    |
    = help: an `as` cast can become silently lossy if the types change in the future
    = help: for further information visit https://rust-lang.github.io/rust-clippy/rust-1.98.0/index.html#cast_lossless
help: use `f32::from` instead
    |
660 -                 canvas[target + c] = source[from + c] as f32 / 255.0 * alpha + canvas[target + c] * remaining;
660 +                 canvas[target + c] = f32::from(source[from + c]) / 255.0 * alpha + canvas[target + c] * remaining;
    |

warning: this function has too many arguments (9/7)
   --> crates/rrrah-decode/src/xcf.rs:676:1
    |
676 | / pub fn composite_xcf_normal_rgba32f(
677 | |     canvas: &mut [f32],
678 | |     canvas_width: u32,
679 | |     canvas_height: u32,
...   |
685 | |     cancelled: impl FnMut() -> bool,
686 | | ) -> Result<(), XcfPixelError> {
    | |______________________________^
    |
    = help: for further information visit https://rust-lang.github.io/rust-clippy/rust-1.98.0/index.html#too_many_arguments

warning: this function has too many arguments (9/7)
   --> crates/rrrah-decode/src/xcf.rs:704:1
    |
704 | / pub fn composite_xcf_normal_premultiplied_rgba32f(
705 | |     canvas: &mut [f32],
706 | |     canvas_width: u32,
707 | |     canvas_height: u32,
...   |
713 | |     cancelled: impl FnMut() -> bool,
714 | | ) -> Result<(), XcfPixelError> {
    | |______________________________^
    |
    = help: for further information visit https://rust-lang.github.io/rust-clippy/rust-1.98.0/index.html#too_many_arguments

warning: this function has too many arguments (10/7)
   --> crates/rrrah-decode/src/xcf.rs:729:1
    |
729 | / fn composite_xcf_float(
730 | |     canvas: &mut [f32],
731 | |     canvas_width: u32,
732 | |     canvas_height: u32,
...   |
739 | |     mut cancelled: impl FnMut() -> bool,
740 | | ) -> Result<(), XcfPixelError> {
    | |______________________________^
    |
    = help: for further information visit https://rust-lang.github.io/rust-clippy/rust-1.98.0/index.html#too_many_arguments

warning: using `chunks_exact` with a constant chunk size
   --> crates/rrrah-decode/src/xcf.rs:763:33
    |
763 |     for (index, rgba) in source.chunks_exact(4).enumerate() {
    |                                 ^^^^^^^^^^^^^^^ help: consider using `as_chunks` instead: `as_chunks::<4>().0.iter()`
    |
    = help: for further information visit https://rust-lang.github.io/rust-clippy/rust-1.98.0/index.html#chunks_exact_to_as_chunks

warning: casting `i64` to `usize` may truncate the value on targets with 32-bit wide pointers
   --> crates/rrrah-decode/src/xcf.rs:786:25
    |
786 |             let pixel = y as usize * width as usize + x as usize;
    |                         ^^^^^^^^^^
    |
    = help: if this is intentional allow the lint with `#[allow(clippy::cast_possible_truncation)]` ...
    = help: for further information visit https://rust-lang.github.io/rust-clippy/rust-1.98.0/index.html#cast_possible_truncation
help: ... or use `try_from` and handle the error accordingly
    |
786 -             let pixel = y as usize * width as usize + x as usize;
786 +             let pixel = usize::try_from(y) * width as usize + x as usize;
    |

warning: casting `i64` to `usize` may lose the sign of the value
   --> crates/rrrah-decode/src/xcf.rs:786:25
    |
786 |             let pixel = y as usize * width as usize + x as usize;
    |                         ^^^^^^^^^^
    |
    = help: for further information visit https://rust-lang.github.io/rust-clippy/rust-1.98.0/index.html#cast_sign_loss

warning: casting `i64` to `usize` may truncate the value on targets with 32-bit wide pointers
   --> crates/rrrah-decode/src/xcf.rs:786:55
    |
786 |             let pixel = y as usize * width as usize + x as usize;
    |                                                       ^^^^^^^^^^
    |
    = help: if this is intentional allow the lint with `#[allow(clippy::cast_possible_truncation)]` ...
    = help: for further information visit https://rust-lang.github.io/rust-clippy/rust-1.98.0/index.html#cast_possible_truncation
help: ... or use `try_from` and handle the error accordingly
    |
786 -             let pixel = y as usize * width as usize + x as usize;
786 +             let pixel = y as usize * width as usize + usize::try_from(x);
    |

warning: casting `i64` to `usize` may lose the sign of the value
   --> crates/rrrah-decode/src/xcf.rs:786:55
    |
786 |             let pixel = y as usize * width as usize + x as usize;
    |                                                       ^^^^^^^^^^
    |
    = help: for further information visit https://rust-lang.github.io/rust-clippy/rust-1.98.0/index.html#cast_sign_loss

warning: casting `i64` to `usize` may truncate the value on targets with 32-bit wide pointers
   --> crates/rrrah-decode/src/xcf.rs:788:27
    |
788 |             let target = ((y + i64::from(attributes.offset_y)) as usize * canvas_width as usize
    |                           ^^^^^^^^^^^^^^^^^^^^^^^^^^^^^^^^^^^^^^^^^^^^^
    |
    = help: if this is intentional allow the lint with `#[allow(clippy::cast_possible_truncation)]` ...
    = help: for further information visit https://rust-lang.github.io/rust-clippy/rust-1.98.0/index.html#cast_possible_truncation
help: ... or use `try_from` and handle the error accordingly
    |
788 -             let target = ((y + i64::from(attributes.offset_y)) as usize * canvas_width as usize
788 +             let target = (usize::try_from(y + i64::from(attributes.offset_y)) * canvas_width as usize
    |

warning: casting `i64` to `usize` may lose the sign of the value
   --> crates/rrrah-decode/src/xcf.rs:788:27
    |
788 |             let target = ((y + i64::from(attributes.offset_y)) as usize * canvas_width as usize
    |                           ^^^^^^^^^^^^^^^^^^^^^^^^^^^^^^^^^^^^^^^^^^^^^
    |
    = help: for further information visit https://rust-lang.github.io/rust-clippy/rust-1.98.0/index.html#cast_sign_loss

warning: casting `i64` to `usize` may truncate the value on targets with 32-bit wide pointers
   --> crates/rrrah-decode/src/xcf.rs:789:19
    |
789 |                 + (x + i64::from(attributes.offset_x)) as usize)
    |                   ^^^^^^^^^^^^^^^^^^^^^^^^^^^^^^^^^^^^^^^^^^^^^
    |
    = help: if this is intentional allow the lint with `#[allow(clippy::cast_possible_truncation)]` ...
    = help: for further information visit https://rust-lang.github.io/rust-clippy/rust-1.98.0/index.html#cast_possible_truncation
help: ... or use `try_from` and handle the error accordingly
    |
789 -                 + (x + i64::from(attributes.offset_x)) as usize)
789 +                 + usize::try_from(x + i64::from(attributes.offset_x)))
    |

warning: casting `i64` to `usize` may lose the sign of the value
   --> crates/rrrah-decode/src/xcf.rs:789:19
    |
789 |                 + (x + i64::from(attributes.offset_x)) as usize)
    |                   ^^^^^^^^^^^^^^^^^^^^^^^^^^^^^^^^^^^^^^^^^^^^^
    |
    = help: for further information visit https://rust-lang.github.io/rust-clippy/rust-1.98.0/index.html#cast_sign_loss

warning: casting `usize` to `u8` may truncate the value
   --> crates/rrrah-decode/src/xcf.rs:867:13
    |
867 |             tile_width as u8,
    |             ^^^^^^^^^^^^^^^^
    |
    = help: if this is intentional allow the lint with `#[allow(clippy::cast_possible_truncation)]` ...
    = help: for further information visit https://rust-lang.github.io/rust-clippy/rust-1.98.0/index.html#cast_possible_truncation
help: ... or use `try_from` and handle the error accordingly
    |
867 -             tile_width as u8,
867 +             u8::try_from(tile_width),
    |

warning: casting `usize` to `u8` may truncate the value
   --> crates/rrrah-decode/src/xcf.rs:868:13
    |
868 |             tile_height as u8,
    |             ^^^^^^^^^^^^^^^^^
    |
    = help: if this is intentional allow the lint with `#[allow(clippy::cast_possible_truncation)]` ...
    = help: for further information visit https://rust-lang.github.io/rust-clippy/rust-1.98.0/index.html#cast_possible_truncation
help: ... or use `try_from` and handle the error accordingly
    |
868 -             tile_height as u8,
868 +             u8::try_from(tile_height),
    |

warning: docs for function which may panic missing `# Panics` section
   --> crates/rrrah-decode/src/xcf.rs:897:1
    |
897 | / pub fn parse_xcf_hierarchy(
898 | |     bytes: &[u8],
899 | |     offset: u64,
900 | |     width: u32,
901 | |     height: u32,
902 | |     bytes_per_pixel: u8,
903 | | ) -> Result<XcfLevel<'_>, XcfHeaderError> {
    | |_________________________________________^
    |
note: first possible panic found here
   --> crates/rrrah-decode/src/xcf.rs:926:31
    |
926 |         if u32::from_be_bytes(value.try_into().unwrap()) != expected {
    |                               ^^^^^^^^^^^^^^^^^^^^^^^^^
    = help: for further information visit https://rust-lang.github.io/rust-clippy/rust-1.98.0/index.html#missing_panics_doc

warning: using `chunks_exact` with a constant chunk size
   --> crates/rrrah-decode/src/xcf.rs:923:10
    |
923 |         .chunks_exact(4)
    |          ^^^^^^^^^^^^^^^ help: consider using `as_chunks` instead: `as_chunks::<4>().0.iter()`
    |
    = help: for further information visit https://rust-lang.github.io/rust-clippy/rust-1.98.0/index.html#chunks_exact_to_as_chunks

warning: docs for function which may panic missing `# Panics` section
    --> crates/rrrah-decode/src/xcf.rs:1007:1
     |
1007 | / pub fn decode_xcf_tile(
1008 | |     compression: u8,
1009 | |     input: &[u8],
1010 | |     width: u8,
...    |
1013 | |     output: &mut [u8],
1014 | | ) -> Result<usize, XcfHeaderError> {
     | |__________________________________^
     |
note: first possible panic found here
    --> crates/rrrah-decode/src/xcf.rs:1043:29
     |
1043 | ...                   read_at(input, &mut position, 2)?.try_into().unwrap(),
     |                       ^^^^^^^^^^^^^^^^^^^^^^^^^^^^^^^^^^^^^^^^^^^^^^^^^^^^^
     = help: for further information visit https://rust-lang.github.io/rust-clippy/rust-1.98.0/index.html#missing_panics_doc

warning: docs for function which may panic missing `# Panics` section
    --> crates/rrrah-decode/src/xcf.rs:1122:5
     |
1122 |     pub fn item_path(&self) -> impl Iterator<Item = u32> + '_ {
     |     ^^^^^^^^^^^^^^^^^^^^^^^^^^^^^^^^^^^^^^^^^^^^^^^^^^^^^^^^^
     |
note: first possible panic found here
    --> crates/rrrah-decode/src/xcf.rs:1125:44
     |
1125 |             .map(|word| u32::from_be_bytes(word.try_into().unwrap()))
     |                                            ^^^^^^^^^^^^^^^^^^^^^^^^
     = help: for further information visit https://rust-lang.github.io/rust-clippy/rust-1.98.0/index.html#missing_panics_doc

warning: using `chunks_exact` with a constant chunk size
    --> crates/rrrah-decode/src/xcf.rs:1124:14
     |
1124 |             .chunks_exact(4)
     |              ^^^^^^^^^^^^^^^ help: consider using `as_chunks` instead: `as_chunks::<4>().0.iter()`
     |
     = help: for further information visit https://rust-lang.github.io/rust-clippy/rust-1.98.0/index.html#chunks_exact_to_as_chunks

warning: docs for function which may panic missing `# Panics` section
    --> crates/rrrah-decode/src/xcf.rs:1196:5
     |
1196 |     pub fn attributes(&self) -> Result<XcfLayerAttributes, XcfHeaderError> {
     |     ^^^^^^^^^^^^^^^^^^^^^^^^^^^^^^^^^^^^^^^^^^^^^^^^^^^^^^^^^^^^^^^^^^^^^^
     |
note: first possible panic found here
    --> crates/rrrah-decode/src/xcf.rs:1252:58
     |
1252 |                     result.offset_x = i32::from_be_bytes(raw[..4].try_into().unwrap());
     |                                                          ^^^^^^^^^^^^^^^^^^^^^^^^^^^^
     = help: for further information visit https://rust-lang.github.io/rust-clippy/rust-1.98.0/index.html#missing_panics_doc

warning: docs for function which may panic missing `# Panics` section
    --> crates/rrrah-decode/src/xcf.rs:1289:1
     |
1289 | / pub fn parse_xcf_channel(
1290 | |     bytes: &[u8],
1291 | |     offset: u64,
1292 | |     expected_width: u32,
1293 | |     expected_height: u32,
1294 | | ) -> Result<XcfChannel<'_>, XcfHeaderError> {
     | |___________________________________________^
     |
note: first possible panic found here
    --> crates/rrrah-decode/src/xcf.rs:1301:36
     |
1301 |     let width = u32::from_be_bytes(dimensions[..4].try_into().unwrap());
     |                                    ^^^^^^^^^^^^^^^^^^^^^^^^^^^^^^^^^^^
     = help: for further information visit https://rust-lang.github.io/rust-clippy/rust-1.98.0/index.html#missing_panics_doc

warning: docs for function which may panic missing `# Panics` section
    --> crates/rrrah-decode/src/xcf.rs:1357:1
     |
1357 | pub fn parse_xcf_layer(bytes: &[u8], offset: u64) -> Result<XcfLayer<'_>, XcfHeaderError> {
     | ^^^^^^^^^^^^^^^^^^^^^^^^^^^^^^^^^^^^^^^^^^^^^^^^^^^^^^^^^^^^^^^^^^^^^^^^^^^^^^^^^^^^^^^^^
     |
note: first possible panic found here
    --> crates/rrrah-decode/src/xcf.rs:1364:36
     |
1364 |     let width = u32::from_be_bytes(dimensions[..4].try_into().unwrap());
     |                                    ^^^^^^^^^^^^^^^^^^^^^^^^^^^^^^^^^^^
     = help: for further information visit https://rust-lang.github.io/rust-clippy/rust-1.98.0/index.html#missing_panics_doc

warning: docs for function which may panic missing `# Panics` section
    --> crates/rrrah-decode/src/xcf.rs:1644:1
     |
1644 | pub fn parse_xcf_header(bytes: &[u8]) -> Result<XcfHeader, XcfHeaderError> {
     | ^^^^^^^^^^^^^^^^^^^^^^^^^^^^^^^^^^^^^^^^^^^^^^^^^^^^^^^^^^^^^^^^^^^^^^^^^^
     |
note: first possible panic found here
    --> crates/rrrah-decode/src/xcf.rs:1660:29
     |
1660 |           let data: [u8; 4] = bytes
     |  _____________________________^
1661 | |             .get(offset..offset + 4)
1662 | |             .ok_or(bad("truncated header"))?
1663 | |             .try_into()
1664 | |             .unwrap();
     | |_____________________^
     = help: for further information visit https://rust-lang.github.io/rust-clippy/rust-1.98.0/index.html#missing_panics_doc

warning: these match arms have identical bodies
    --> crates/rrrah-decode/src/xcf.rs:1675:9
     |
1675 |         (0..=3, 150) | (4, 0) => 1,
     |         ^^^^^^^^^^^^^^^^^^^^^^^^^^
...
1678 |         (5..=6, 100 | 150) => 1,
     |         ^^^^^^^^^^^^^^^^^^^^^^^
...
1681 |         (7..=23, 100 | 150 | 175) => 1,
     |         ^^^^^^^^^^^^^^^^^^^^^^^^^^^^^^
     |
     = help: if this is unintentional make the arms return different values
     = help: for further information visit https://rust-lang.github.io/rust-clippy/rust-1.98.0/index.html#match_same_arms
     = note: `-W clippy::match-same-arms` implied by `-W clippy::pedantic`
     = help: to override `-W clippy::pedantic` add `#[allow(clippy::match_same_arms)]`
help: otherwise merge the patterns into a single arm
     |
1675 ~         (4, 1 | 3) => 2,
1676 |         (4, 2 | 4) => 4,
1677 ~         (5..=6, 200 | 250 | 400 | 450) => 2,
1678 |         (5..=6, 300 | 350 | 500 | 550) => 4,
1679 ~         (0..=3, 150) | (4, 0) | (5..=6, 100 | 150) | (7..=23, 100 | 150 | 175) => 1,
     |

warning: these match arms have identical bodies
    --> crates/rrrah-decode/src/xcf.rs:1676:9
     |
1676 |         (4, 1 | 3) => 2,
     |         ^^^^^^^^^^^^^^^
...
1679 |         (5..=6, 200 | 250 | 400 | 450) => 2,
     |         ^^^^^^^^^^^^^^^^^^^^^^^^^^^^^^^^^^^
...
1682 |         (7..=23, 200 | 250 | 275 | 500 | 550 | 575) => 2,
     |         ^^^^^^^^^^^^^^^^^^^^^^^^^^^^^^^^^^^^^^^^^^^^^^^^
     |
     = help: if this is unintentional make the arms return different values
     = help: for further information visit https://rust-lang.github.io/rust-clippy/rust-1.98.0/index.html#match_same_arms
help: otherwise merge the patterns into a single arm
     |
1676 ~         (4, 1 | 3) | (5..=6, 200 | 250 | 400 | 450) | (7..=23, 200 | 250 | 275 | 500 | 550 | 575) => 2,
1677 |         (4, 2 | 4) => 4,
1678 |         (5..=6, 100 | 150) => 1,
1679 ~         (5..=6, 300 | 350 | 500 | 550) => 4,
1680 |         (7..=23, 100 | 150 | 175) => 1,
1681 ~         (7..=23, 300 | 350 | 375 | 600 | 650 | 675) => 4,
     |

warning: these match arms have identical bodies
    --> crates/rrrah-decode/src/xcf.rs:1677:9
     |
1677 |         (4, 2 | 4) => 4,
     |         ^^^^^^^^^^^^^^^
...
1680 |         (5..=6, 300 | 350 | 500 | 550) => 4,
     |         ^^^^^^^^^^^^^^^^^^^^^^^^^^^^^^^^^^^
...
1683 |         (7..=23, 300 | 350 | 375 | 600 | 650 | 675) => 4,
     |         ^^^^^^^^^^^^^^^^^^^^^^^^^^^^^^^^^^^^^^^^^^^^^^^^
     |
     = help: if this is unintentional make the arms return different values
     = help: for further information visit https://rust-lang.github.io/rust-clippy/rust-1.98.0/index.html#match_same_arms
help: otherwise merge the patterns into a single arm
     |
1677 ~         (4, 2 | 4) | (5..=6, 300 | 350 | 500 | 550) | (7..=23, 300 | 350 | 375 | 600 | 650 | 675) => 4,
1678 |         (5..=6, 100 | 150) => 1,
1679 |         (5..=6, 200 | 250 | 400 | 450) => 2,
1680 ~         (7..=23, 100 | 150 | 175) => 1,
1681 |         (7..=23, 200 | 250 | 275 | 500 | 550 | 575) => 2,
1682 ~         (7..=23, 700 | 750 | 775) => 8,
     |

warning: using `chunks_exact` with a constant chunk size
   --> crates/rrrah-decode/src/off_swap.rs:120:58
    |
120 |         for (scalar, raw) in value.iter_mut().zip(record.chunks_exact(8)) {
    |                                                          ^^^^^^^^^^^^^^^
    |
help: consider using `as_chunks::<8>()` instead
   --> crates/rrrah-decode/src/off_swap.rs:120:58
    |
120 |         for (scalar, raw) in value.iter_mut().zip(record.chunks_exact(8)) {
    |                                                          ^^^^^^^^^^^^^^^
    = help: for further information visit https://rust-lang.github.io/rust-clippy/rust-1.98.0/index.html#chunks_exact_to_as_chunks

warning: this function has too many lines (126/100)
   --> crates/rrrah-decode/src/off_swap.rs:209:1
    |
209 | / pub fn read_off_swap_payload(
210 | |     reader: &mut impl Read,
211 | |     bytes: u64,
212 | |     budget: &MemoryBudget,
213 | | ) -> Result<ModelBuffer<OffMesh>> {
    | |_________________________________^
    |
    = help: for further information visit https://rust-lang.github.io/rust-clippy/rust-1.98.0/index.html#too_many_lines
    = note: `-W clippy::too-many-lines` implied by `-W clippy::pedantic`
    = help: to override `-W clippy::pedantic` add `#[allow(clippy::too_many_lines)]`

warning: using `chunks_exact` with a constant chunk size
   --> crates/rrrah-decode/src/off_swap.rs:254:60
    |
254 |         for (index, raw) in triangle.iter_mut().zip(record.chunks_exact(4)) {
    |                                                            ^^^^^^^^^^^^^^^
    |
help: consider using `as_chunks::<4>()` instead
   --> crates/rrrah-decode/src/off_swap.rs:254:60
    |
254 |         for (index, raw) in triangle.iter_mut().zip(record.chunks_exact(4)) {
    |                                                            ^^^^^^^^^^^^^^^
    = help: for further information visit https://rust-lang.github.io/rust-clippy/rust-1.98.0/index.html#chunks_exact_to_as_chunks

warning: this function has too many lines (200/100)
   --> crates/rrrah-decode/src/off.rs:312:1
    |
312 | / fn decode_bytes_budgeted(
313 | |     bytes: &[u8],
314 | |     managed: Option<&rrrah_core::MemoryBudget>,
315 | |     mut cancel: impl FnMut() -> Result<()>,
316 | | ) -> Result<(OffMesh, Option<rrrah_core::Reservation>)> {
    | |_______________________________________________________^
    |
    = help: for further information visit https://rust-lang.github.io/rust-clippy/rust-1.98.0/index.html#too_many_lines

warning: this function has too many lines (197/100)
   --> crates/rrrah-decode/src/ply_swap.rs:420:1
    |
420 | / pub fn read_ply_swap_payload(
421 | |     reader: &mut impl std::io::Read,
422 | |     bytes: u64,
423 | |     budget: &rrrah_core::MemoryBudget,
424 | | ) -> RestoreResult<crate::ModelBuffer<PlyMesh>> {
    | |_______________________________________________^
    |
    = help: for further information visit https://rust-lang.github.io/rust-clippy/rust-1.98.0/index.html#too_many_lines

warning: this function has too many lines (301/100)
   --> crates/rrrah-decode/src/ply.rs:357:1
    |
357 | / fn decode_bytes_budgeted(
358 | |     bytes: &[u8],
359 | |     managed: Option<&rrrah_core::MemoryBudget>,
360 | |     mut cancel: impl FnMut() -> Result<()>,
361 | | ) -> Result<(PlyMesh, Option<rrrah_core::Reservation>)> {
    | |_______________________________________________________^
    |
    = help: for further information visit https://rust-lang.github.io/rust-clippy/rust-1.98.0/index.html#too_many_lines

warning: using `chunks_exact_mut` with a constant chunk size
  --> crates/rrrah-decode/src/obj_swap.rs:72:18
   |
72 |                 .chunks_exact_mut(4)
   |                  ^^^^^^^^^^^^^^^^^^^ help: consider using `as_chunks` instead: `as_chunks_mut::<4>().0.iter()`
   |
   = help: for further information visit https://rust-lang.github.io/rust-clippy/rust-1.98.0/index.html#chunks_exact_to_as_chunks

warning: this `if` statement can be collapsed
   --> crates/rrrah-decode/src/obj_swap.rs:155:9
    |
155 | /         if let Some(material) = &face.material {
156 | |             if !same_material(face, previous) {
157 | |                 text(&mut bytes, material)?;
158 | |             }
159 | |         }
    | |_________^
    |
    = help: for further information visit https://rust-lang.github.io/rust-clippy/rust-1.98.0/index.html#collapsible_if
    = note: `-W clippy::collapsible-if` implied by `-W clippy::all`
    = help: to override `-W clippy::all` add `#[allow(clippy::collapsible_if)]`
help: collapse nested if block
    |
155 ~         if let Some(material) = &face.material
156 ~             && !same_material(face, previous) {
157 |                 text(&mut bytes, material)?;
158 ~             }
    |

warning: using `chunks_exact` with a constant chunk size
   --> crates/rrrah-decode/src/obj_swap.rs:425:62
    |
425 |             for (scalar, raw) in value.iter_mut().zip(record.chunks_exact(4)) {
    |                                                              ^^^^^^^^^^^^^^^
    |
help: consider using `as_chunks::<4>()` instead
   --> crates/rrrah-decode/src/obj_swap.rs:425:62
    |
425 |             for (scalar, raw) in value.iter_mut().zip(record.chunks_exact(4)) {
    |                                                              ^^^^^^^^^^^^^^^
    = help: for further information visit https://rust-lang.github.io/rust-clippy/rust-1.98.0/index.html#chunks_exact_to_as_chunks

warning: this function has too many lines (166/100)
   --> crates/rrrah-decode/src/obj_swap.rs:486:1
    |
486 | / pub fn read_obj_swap_payload(
487 | |     reader: &mut impl std::io::Read,
488 | |     bytes: u64,
489 | |     budget: &rrrah_core::MemoryBudget,
490 | | ) -> RestoreResult<crate::ModelBuffer<ObjMesh>> {
    | |_______________________________________________^
    |
    = help: for further information visit https://rust-lang.github.io/rust-clippy/rust-1.98.0/index.html#too_many_lines

warning: using `chunks_exact` with a constant chunk size
   --> crates/rrrah-decode/src/obj_swap.rs:525:57
    |
525 |         for (index, bytes) in record.iter_mut().zip(raw.chunks_exact(4)) {
    |                                                         ^^^^^^^^^^^^^^^
    |
help: consider using `as_chunks::<4>()` instead
   --> crates/rrrah-decode/src/obj_swap.rs:525:57
    |
525 |         for (index, bytes) in record.iter_mut().zip(raw.chunks_exact(4)) {
    |                                                         ^^^^^^^^^^^^^^^
    = help: for further information visit https://rust-lang.github.io/rust-clippy/rust-1.98.0/index.html#chunks_exact_to_as_chunks

warning: this function has too many lines (243/100)
   --> crates/rrrah-decode/src/obj.rs:331:1
    |
331 | / fn decode_bytes_budgeted(
332 | |     bytes: &[u8],
333 | |     managed: Option<&rrrah_core::MemoryBudget>,
334 | |     mut cancel: impl FnMut() -> Result<()>,
335 | | ) -> Result<(ObjMesh, Option<rrrah_core::Reservation>)> {
    | |_______________________________________________________^
    |
    = help: for further information visit https://rust-lang.github.io/rust-clippy/rust-1.98.0/index.html#too_many_lines

warning: casting `usize` to `u32` may truncate the value on targets with 64-bit wide pointers
   --> crates/rrrah-decode/src/obj.rs:439:34
    |
439 |                 let face_index = mesh.faces.len() as u32;
    |                                  ^^^^^^^^^^^^^^^^^^^^^^^
    |
    = help: if this is intentional allow the lint with `#[allow(clippy::cast_possible_truncation)]` ...
    = help: for further information visit https://rust-lang.github.io/rust-clippy/rust-1.98.0/index.html#cast_possible_truncation
help: ... or use `try_from` and handle the error accordingly
    |
439 -                 let face_index = mesh.faces.len() as u32;
439 +                 let face_index = u32::try_from(mesh.faces.len());
    |

warning: casting `usize` to `u32` may truncate the value on targets with 64-bit wide pointers
   --> crates/rrrah-decode/src/obj.rs:444:39
    |
444 | ...                   corners: [start as u32, (start + 1) as u32, (start + 2) as u32],
    |                                 ^^^^^^^^^^^^
    |
    = help: if this is intentional allow the lint with `#[allow(clippy::cast_possible_truncation)]` ...
    = help: for further information visit https://rust-lang.github.io/rust-clippy/rust-1.98.0/index.html#cast_possible_truncation
help: ... or use `try_from` and handle the error accordingly
    |
444 -                             corners: [start as u32, (start + 1) as u32, (start + 2) as u32],
444 +                             corners: [u32::try_from(start), (start + 1) as u32, (start + 2) as u32],
    |

warning: casting `usize` to `u32` may truncate the value on targets with 64-bit wide pointers
   --> crates/rrrah-decode/src/obj.rs:444:53
    |
444 | ...                   corners: [start as u32, (start + 1) as u32, (start + 2) as u32],
    |                                               ^^^^^^^^^^^^^^^^^^
    |
    = help: if this is intentional allow the lint with `#[allow(clippy::cast_possible_truncation)]` ...
    = help: for further information visit https://rust-lang.github.io/rust-clippy/rust-1.98.0/index.html#cast_possible_truncation
help: ... or use `try_from` and handle the error accordingly
    |
444 -                             corners: [start as u32, (start + 1) as u32, (start + 2) as u32],
444 +                             corners: [start as u32, u32::try_from(start + 1), (start + 2) as u32],
    |

warning: casting `usize` to `u32` may truncate the value on targets with 64-bit wide pointers
   --> crates/rrrah-decode/src/obj.rs:444:73
    |
444 | ...                   corners: [start as u32, (start + 1) as u32, (start + 2) as u32],
    |                                                                   ^^^^^^^^^^^^^^^^^^
    |
    = help: if this is intentional allow the lint with `#[allow(clippy::cast_possible_truncation)]` ...
    = help: for further information visit https://rust-lang.github.io/rust-clippy/rust-1.98.0/index.html#cast_possible_truncation
help: ... or use `try_from` and handle the error accordingly
    |
444 -                             corners: [start as u32, (start + 1) as u32, (start + 2) as u32],
444 +                             corners: [start as u32, (start + 1) as u32, u32::try_from(start + 2)],
    |

warning: casting `usize` to `u32` may truncate the value on targets with 64-bit wide pointers
   --> crates/rrrah-decode/src/obj.rs:464:58
    |
464 | ...                   corners: indices.map(|v| (start + v) as u32),
    |                                                ^^^^^^^^^^^^^^^^^^
    |
    = help: if this is intentional allow the lint with `#[allow(clippy::cast_possible_truncation)]` ...
    = help: for further information visit https://rust-lang.github.io/rust-clippy/rust-1.98.0/index.html#cast_possible_truncation
help: ... or use `try_from` and handle the error accordingly
    |
464 -                                 corners: indices.map(|v| (start + v) as u32),
464 +                                 corners: indices.map(|v| u32::try_from(start + v)),
    |

warning: this function has too many lines (133/100)
   --> crates/rrrah-decode/src/obj.rs:634:1
    |
634 | / pub(crate) fn triangulate_budgeted(
635 | |     points: &[[f64; 3]],
636 | |     work: &mut usize,
637 | |     cancel: &mut impl FnMut() -> Result<()>,
638 | |     budget: Option<&rrrah_core::MemoryBudget>,
639 | | ) -> Result<(Vec<[usize; 3]>, Option<rrrah_core::Reservation>)> {
    | |_______________________________________________________________^
    |
    = help: for further information visit https://rust-lang.github.io/rust-clippy/rust-1.98.0/index.html#too_many_lines

warning: useless conversion to the same type: `f64`
   --> crates/rrrah-decode/src/obj.rs:660:44
    |
660 |         .flat_map(|v| (0..3).map(move |i| (f64::from(v[i]) - origin[i]).abs()))
    |                                            ^^^^^^^^^^^^^^^ help: consider removing `f64::from()`: `v[i]`
    |
    = help: for further information visit https://rust-lang.github.io/rust-clippy/rust-1.98.0/index.html#useless_conversion
    = note: `-W clippy::useless-conversion` implied by `-W clippy::all`
    = help: to override `-W clippy::all` add `#[allow(clippy::useless_conversion)]`

warning: strict comparison of `f32` or `f64` arrays
   --> crates/rrrah-decode/src/obj.rs:705:12
    |
705 |         if projected[i] == projected[next] {
    |            ^^^^^^^^^^^^^^^^^^^^^^^^^^^^^^^
    |
    = help: for further information visit https://rust-lang.github.io/rust-clippy/rust-1.98.0/index.html#float_cmp
    = note: `-W clippy::float-cmp` implied by `-W clippy::pedantic`
    = help: to override `-W clippy::pedantic` add `#[allow(clippy::float_cmp)]`

warning: using `chunks_exact` with a constant chunk size
   --> crates/rrrah-decode/src/stl_swap.rs:111:36
    |
111 |         for word in block[..bytes].chunks_exact(50) {
    |                                    ^^^^^^^^^^^^^^^^ help: consider using `as_chunks` instead: `as_chunks::<50>().0`
    |
    = help: for further information visit https://rust-lang.github.io/rust-clippy/rust-1.98.0/index.html#chunks_exact_to_as_chunks

warning: using `chunks_exact` with a constant chunk size
   --> crates/rrrah-decode/src/stl_swap.rs:113:66
    |
113 |             for (value, raw) in values.iter_mut().zip(word[..48].chunks_exact(4)) {
    |                                                                  ^^^^^^^^^^^^^^^
    |
help: consider using `as_chunks::<4>()` instead
   --> crates/rrrah-decode/src/stl_swap.rs:113:66
    |
113 |             for (value, raw) in values.iter_mut().zip(word[..48].chunks_exact(4)) {
    |                                                                  ^^^^^^^^^^^^^^^
    = help: for further information visit https://rust-lang.github.io/rust-clippy/rust-1.98.0/index.html#chunks_exact_to_as_chunks

warning: wildcard matches only a single variant and will also match any future added variants
   --> crates/rrrah-decode/src/stl_swap.rs:131:17
    |
131 |                 error => StlSwapError::Io(std::io::Error::other(error)),
    |                 ^^^^^ help: try: `error @ crate::StlDecodeError::Source(_)`
    |
    = help: for further information visit https://rust-lang.github.io/rust-clippy/rust-1.98.0/index.html#match_wildcard_for_single_variants
    = note: `-W clippy::match-wildcard-for-single-variants` implied by `-W clippy::pedantic`
    = help: to override `-W clippy::pedantic` add `#[allow(clippy::match_wildcard_for_single_variants)]`

warning: using `chunks_exact` with a constant chunk size
   --> crates/rrrah-decode/src/stl.rs:154:43
    |
154 |         for (index, chunk) in bytes[84..].chunks_exact(50).enumerate() {
    |                                           ^^^^^^^^^^^^^^^^ help: consider using `as_chunks` instead: `as_chunks::<50>().0.iter()`
    |
    = help: for further information visit https://rust-lang.github.io/rust-clippy/rust-1.98.0/index.html#chunks_exact_to_as_chunks

warning: using `chunks_exact` with a constant chunk size
   --> crates/rrrah-decode/src/stl.rs:159:67
    |
159 |             for (value, raw) in values.iter_mut().zip(chunk[..48].chunks_exact(4)) {
    |                                                                   ^^^^^^^^^^^^^^^
    |
help: consider using `as_chunks::<4>()` instead
   --> crates/rrrah-decode/src/stl.rs:159:67
    |
159 |             for (value, raw) in values.iter_mut().zip(chunk[..48].chunks_exact(4)) {
    |                                                                   ^^^^^^^^^^^^^^^
    = help: for further information visit https://rust-lang.github.io/rust-clippy/rust-1.98.0/index.html#chunks_exact_to_as_chunks

warning: called `.map() != Some()`
   --> crates/rrrah-decode/src/stl.rs:191:16
    |
191 |               if lines
    |  ________________^
192 | |                 .next()
193 | |                 .map(|line| line.split_whitespace().eq(["outer", "loop"]))
194 | |                 != Some(true)
    | |_____________________________^
    |
    = help: for further information visit https://rust-lang.github.io/rust-clippy/rust-1.98.0/index.html#manual_is_variant_and
    = note: `-W clippy::manual-is-variant-and` implied by `-W clippy::pedantic`
    = help: to override `-W clippy::pedantic` add `#[allow(clippy::manual_is_variant_and)]`
help: use
    |
191 ~             if lines
192 +                 .next().is_none_or(|line| !line.split_whitespace().eq(["outer", "loop"]))
    |

warning: this function has too many lines (122/100)
   --> crates/rrrah-decode/src/eip.rs:103:1
    |
103 | pub fn decode_eip_sensor(bytes: &[u8], request: &crate::DecodeRequest) -> Result<EipSensor, EipError> {
    | ^^^^^^^^^^^^^^^^^^^^^^^^^^^^^^^^^^^^^^^^^^^^^^^^^^^^^^^^^^^^^^^^^^^^^^^^^^^^^^^^^^^^^^^^^^^^^^^^^^^^^
    |
    = help: for further information visit https://rust-lang.github.io/rust-clippy/rust-1.98.0/index.html#too_many_lines

warning: docs for function which may panic missing `# Panics` section
   --> crates/rrrah-decode/src/eip.rs:231:1
    |
231 | pub fn inspect_eip(bytes: &[u8]) -> Result<EipManifest, EipError> {
    | ^^^^^^^^^^^^^^^^^^^^^^^^^^^^^^^^^^^^^^^^^^^^^^^^^^^^^^^^^^^^^^^^^
    |
note: first possible panic found here
   --> crates/rrrah-decode/src/eip.rs:247:41
    |
247 |     let u32_at = |p| u32::from_le_bytes(bytes[p..p + 4].try_into().unwrap());
    |                                         ^^^^^^^^^^^^^^^^^^^^^^^^^^^^^^^^^^^
    = help: for further information visit https://rust-lang.github.io/rust-clippy/rust-1.98.0/index.html#missing_panics_doc

warning: this function has too many lines (117/100)
   --> crates/rrrah-decode/src/eip.rs:231:1
    |
231 | pub fn inspect_eip(bytes: &[u8]) -> Result<EipManifest, EipError> {
    | ^^^^^^^^^^^^^^^^^^^^^^^^^^^^^^^^^^^^^^^^^^^^^^^^^^^^^^^^^^^^^^^^^
    |
    = help: for further information visit https://rust-lang.github.io/rust-clippy/rust-1.98.0/index.html#too_many_lines

warning: this `if` statement can be collapsed
   --> crates/rrrah-decode/src/eip.rs:298:9
    |
298 | /         if !entry.is_dir()
299 | |             && extension.as_deref().is_some_and(|ext| {
300 | |                 matches!(
301 | |                     ext,
...   |
339 | |         }
    | |_________^
    |
    = help: for further information visit https://rust-lang.github.io/rust-clippy/rust-1.98.0/index.html#collapsible_if
help: collapse nested if block
    |
334 ~             })
335 ~             && (entry.size() == 0 || raw_index.replace(entries.len()).is_some()) {
336 |                 return Err(invalid("empty or ambiguous RAW source"));
337 ~             }
    |

warning: you should put bare URLs between `<`/`>` or make a proper Markdown link
 --> crates/rrrah-decode/src/x3f.rs:2:36
  |
2 | //! Foveon external specification: https://libopenraw.freedesktop.org/formats/x3f/x3f-raw-format.pdf
  |                                    ^^^^^^^^^^^^^^^^^^^^^^^^^^^^^^^^^^^^^^^^^^^^^^^^^^^^^^^^^^^^^^^^^ help: try: `<https://libopenraw.freedesktop.org/formats/x3f/x3f-raw-format.pdf>`
  |
  = help: for further information visit https://rust-lang.github.io/rust-clippy/rust-1.98.0/index.html#doc_markdown

warning: casting `i16` to `u16` may lose the sign of the value
  --> crates/rrrah-decode/src/x3f.rs:79:44
   |
79 |                 *dest = value.wrapping_sub(self.legacy_offset as u16);
   |                                            ^^^^^^^^^^^^^^^^^^^^^^^^^ help: if this is intentional, use `cast_unsigned()` instead: `self.legacy_offset.cast_unsigned()`
   |
   = help: for further information visit https://rust-lang.github.io/rust-clippy/rust-1.98.0/index.html#cast_sign_loss

warning: this function has too many lines (103/100)
   --> crates/rrrah-decode/src/x3f.rs:198:5
    |
198 | /     pub fn correct_sensor_channels(
199 | |         &self,
200 | |         calibration: &[u8],
201 | |         neutral: [f32; 3],
202 | |         budget: &rrrah_core::MemoryBudget,
203 | |         mut cancelled: impl FnMut() -> bool,
204 | |     ) -> Result<rrrah_core::PixelBuffer<i32>, X3fError> {
    | |_______________________________________________________^
    |
    = help: for further information visit https://rust-lang.github.io/rust-clippy/rust-1.98.0/index.html#too_many_lines

warning: using `contains()` instead of `iter().any()` is more efficient
   --> crates/rrrah-decode/src/x3f.rs:234:12
    |
234 |         if neutral.iter().any(|v| *v == 0.0) {
    |            ^^^^^^^^^^^^^^^^^^^^^^^^^^^^^^^^^ help: try: `neutral.contains(&0.0)`
    |
    = help: for further information visit https://rust-lang.github.io/rust-clippy/rust-1.98.0/index.html#manual_contains
    = note: `-W clippy::manual-contains` implied by `-W clippy::all`
    = help: to override `-W clippy::all` add `#[allow(clippy::manual_contains)]`

warning: casting `u16` to `i16` may wrap around the value
   --> crates/rrrah-decode/src/x3f.rs:247:17
    |
247 |                 self.pixels[base] as i16,
    |                 ^^^^^^^^^^^^^^^^^^^^^^^^ help: if this is intentional, use `cast_signed()` instead: `self.pixels[base].cast_signed()`
    |
    = help: for further information visit https://rust-lang.github.io/rust-clippy/rust-1.98.0/index.html#cast_possible_wrap
    = note: `-W clippy::cast-possible-wrap` implied by `-W clippy::pedantic`
    = help: to override `-W clippy::pedantic` add `#[allow(clippy::cast_possible_wrap)]`

warning: casting `u16` to `i16` may wrap around the value
   --> crates/rrrah-decode/src/x3f.rs:248:17
    |
248 |                 self.pixels[base + 1] as i16,
    |                 ^^^^^^^^^^^^^^^^^^^^^^^^^^^^ help: if this is intentional, use `cast_signed()` instead: `self.pixels[base + 1].cast_signed()`
    |
    = help: for further information visit https://rust-lang.github.io/rust-clippy/rust-1.98.0/index.html#cast_possible_wrap

warning: casting `u16` to `i16` may wrap around the value
   --> crates/rrrah-decode/src/x3f.rs:249:17
    |
249 |                 self.pixels[base + 2] as i16,
    |                 ^^^^^^^^^^^^^^^^^^^^^^^^^^^^ help: if this is intentional, use `cast_signed()` instead: `self.pixels[base + 2].cast_signed()`
    |
    = help: for further information visit https://rust-lang.github.io/rust-clippy/rust-1.98.0/index.html#cast_possible_wrap

warning: casting `u16` to `i16` may wrap around the value
   --> crates/rrrah-decode/src/x3f.rs:258:35
    |
258 |                     let current = self.pixels[index + c] as i16;
    |                                   ^^^^^^^^^^^^^^^^^^^^^^^^^^^^^ help: if this is intentional, use `cast_signed()` instead: `self.pixels[index + c].cast_signed()`
    |
    = help: for further information visit https://rust-lang.github.io/rust-clippy/rust-1.98.0/index.html#cast_possible_wrap

warning: casts from `i32` to `f64` can be expressed infallibly using `From`
   --> crates/rrrah-decode/src/x3f.rs:267:54
    |
267 |                     if !value.is_finite() || value < i32::MIN as f64 || value > i32::MAX as f64 {
    |                                                      ^^^^^^^^^^^^^^^
    |
    = help: an `as` cast can become silently lossy if the types change in the future
    = help: for further information visit https://rust-lang.github.io/rust-clippy/rust-1.98.0/index.html#cast_lossless
help: use `f64::from` instead
    |
267 -                     if !value.is_finite() || value < i32::MIN as f64 || value > i32::MAX as f64 {
267 +                     if !value.is_finite() || value < f64::from(i32::MIN) || value > i32::MAX as f64 {
    |

warning: casts from `i32` to `f64` can be expressed infallibly using `From`
   --> crates/rrrah-decode/src/x3f.rs:267:81
    |
267 |                     if !value.is_finite() || value < i32::MIN as f64 || value > i32::MAX as f64 {
    |                                                                                 ^^^^^^^^^^^^^^^
    |
    = help: an `as` cast can become silently lossy if the types change in the future
    = help: for further information visit https://rust-lang.github.io/rust-clippy/rust-1.98.0/index.html#cast_lossless
help: use `f64::from` instead
    |
267 -                     if !value.is_finite() || value < i32::MIN as f64 || value > i32::MAX as f64 {
267 +                     if !value.is_finite() || value < i32::MIN as f64 || value > f64::from(i32::MAX) {
    |

warning: casting `f64` to `i32` may truncate the value
   --> crates/rrrah-decode/src/x3f.rs:270:32
    |
270 |                     pixel[c] = value as i32;
    |                                ^^^^^^^^^^^^
    |
    = help: if this is intentional allow the lint with `#[allow(clippy::cast_possible_truncation)]` ...
    = help: for further information visit https://rust-lang.github.io/rust-clippy/rust-1.98.0/index.html#cast_possible_truncation

warning: casting `f64` to `f32` may truncate the value
   --> crates/rrrah-decode/src/x3f.rs:274:26
    |
274 |                 let gy = (f64::from(row) / f64::from(self.height - 1) * f64::from(grid_rows - 1)) as f32;
    |                          ^^^^^^^^^^^^^^^^^^^^^^^^^^^^^^^^^^^^^^^^^^^^^^^^^^^^^^^^^^^^^^^^^^^^^^^^^^^^^^^
    |
    = help: if this is intentional allow the lint with `#[allow(clippy::cast_possible_truncation)]` ...
    = help: for further information visit https://rust-lang.github.io/rust-clippy/rust-1.98.0/index.html#cast_possible_truncation

warning: casting `f32` to `u32` may truncate the value
   --> crates/rrrah-decode/src/x3f.rs:275:27
    |
275 |                 let top = (gy as u32).min(grid_rows - 2);
    |                           ^^^^^^^^^^^
    |
    = help: if this is intentional allow the lint with `#[allow(clippy::cast_possible_truncation)]` ...
    = help: for further information visit https://rust-lang.github.io/rust-clippy/rust-1.98.0/index.html#cast_possible_truncation

warning: casting `f32` to `u32` may lose the sign of the value
   --> crates/rrrah-decode/src/x3f.rs:275:27
    |
275 |                 let top = (gy as u32).min(grid_rows - 2);
    |                           ^^^^^^^^^^^
    |
    = help: for further information visit https://rust-lang.github.io/rust-clippy/rust-1.98.0/index.html#cast_sign_loss

warning: the loop variable `c` is used to index `gains`
   --> crates/rrrah-decode/src/x3f.rs:280:26
    |
280 |                 for c in 0..3 {
    |                          ^^^^
    |
    = help: for further information visit https://rust-lang.github.io/rust-clippy/rust-1.98.0/index.html#needless_range_loop
    = note: `-W clippy::needless-range-loop` implied by `-W clippy::all`
    = help: to override `-W clippy::all` add `#[allow(clippy::needless_range_loop)]`
help: consider using an iterator and enumerate()
    |
280 -                 for c in 0..3 {
280 +                 for (c, <item>) in gains.iter_mut().enumerate() {
    |

warning: casting `u64` to `usize` may truncate the value on targets with 32-bit wide pointers
   --> crates/rrrah-decode/src/x3f.rs:282:38
    |
282 |                         gain.float32(((u64::from(y) * u64::from(columns) + x) * 3 + c as u64) as usize)
    |                                      ^^^^^^^^^^^^^^^^^^^^^^^^^^^^^^^^^^^^^^^^^^^^^^^^^^^^^^^^^^^^^^^^^
    |
    = help: if this is intentional allow the lint with `#[allow(clippy::cast_possible_truncation)]` ...
    = help: for further information visit https://rust-lang.github.io/rust-clippy/rust-1.98.0/index.html#cast_possible_truncation
help: ... or use `try_from` and handle the error accordingly
    |
282 -                         gain.float32(((u64::from(y) * u64::from(columns) + x) * 3 + c as u64) as usize)
282 +                         gain.float32(usize::try_from((u64::from(y) * u64::from(columns) + x) * 3 + c as u64))
    |

warning: casts from `i32` to `f64` can be expressed infallibly using `From`
   --> crates/rrrah-decode/src/x3f.rs:296:54
    |
296 |                     if !value.is_finite() || value < i32::MIN as f64 {
    |                                                      ^^^^^^^^^^^^^^^
    |
    = help: an `as` cast can become silently lossy if the types change in the future
    = help: for further information visit https://rust-lang.github.io/rust-clippy/rust-1.98.0/index.html#cast_lossless
help: use `f64::from` instead
    |
296 -                     if !value.is_finite() || value < i32::MIN as f64 {
296 +                     if !value.is_finite() || value < f64::from(i32::MIN) {
    |

warning: casting `f64` to `i32` may truncate the value
   --> crates/rrrah-decode/src/x3f.rs:299:41
    |
299 |                     output[index + c] = value as i32;
    |                                         ^^^^^^^^^^^^
    |
    = help: if this is intentional allow the lint with `#[allow(clippy::cast_possible_truncation)]` ...
    = help: for further information visit https://rust-lang.github.io/rust-clippy/rust-1.98.0/index.html#cast_possible_truncation

warning: item in documentation is missing backticks
   --> crates/rrrah-decode/src/x3f.rs:375:58
    |
375 |     /// The caller supplies the forward mean returned by smooth_x3f_black_rows.
    |                                                          ^^^^^^^^^^^^^^^^^^^^^
    |
    = help: for further information visit https://rust-lang.github.io/rust-clippy/rust-1.98.0/index.html#doc_markdown
help: try
    |
375 -     /// The caller supplies the forward mean returned by smooth_x3f_black_rows.
375 +     /// The caller supplies the forward mean returned by `smooth_x3f_black_rows`.
    |

warning: casting `u64` to `usize` may truncate the value on targets with 32-bit wide pointers
   --> crates/rrrah-decode/src/x3f.rs:403:29
    |
403 |                 let index = ((u64::from(row) * u64::from(self.width) + u64::from(col)) * 3) as usize;
    |                             ^^^^^^^^^^^^^^^^^^^^^^^^^^^^^^^^^^^^^^^^^^^^^^^^^^^^^^^^^^^^^^^^^^^^^^^^
    |
    = help: if this is intentional allow the lint with `#[allow(clippy::cast_possible_truncation)]` ...
    = help: for further information visit https://rust-lang.github.io/rust-clippy/rust-1.98.0/index.html#cast_possible_truncation
help: ... or use `try_from` and handle the error accordingly
    |
403 -                 let index = ((u64::from(row) * u64::from(self.width) + u64::from(col)) * 3) as usize;
403 +                 let index = usize::try_from((u64::from(row) * u64::from(self.width) + u64::from(col)) * 3);
    |

warning: the loop variable `c` is used to index `sums`
   --> crates/rrrah-decode/src/x3f.rs:404:26
    |
404 |                 for c in 0..3 {
    |                          ^^^^
    |
    = help: for further information visit https://rust-lang.github.io/rust-clippy/rust-1.98.0/index.html#needless_range_loop
help: consider using an iterator and enumerate()
    |
404 -                 for c in 0..3 {
404 +                 for (c, <item>) in sums.iter_mut().enumerate() {
    |

warning: casting `u16` to `i16` may wrap around the value
   --> crates/rrrah-decode/src/x3f.rs:406:48
    |
406 |                         .checked_add(i64::from(self.pixels[index + c] as i16))
    |                                                ^^^^^^^^^^^^^^^^^^^^^^^^^^^^^ help: if this is intentional, use `cast_signed()` instead: `self.pixels[index + c].cast_signed()`
    |
    = help: for further information visit https://rust-lang.github.io/rust-clippy/rust-1.98.0/index.html#cast_possible_wrap

warning: casting `f64` to `f32` may truncate the value
   --> crates/rrrah-decode/src/x3f.rs:421:39
    |
421 |                 if !v.is_finite() || !((f64::from(*v) + correction[i % 3]) as f32).is_finite() {
    |                                       ^^^^^^^^^^^^^^^^^^^^^^^^^^^^^^^^^^^^^^^^^^^^
    |
    = help: if this is intentional allow the lint with `#[allow(clippy::cast_possible_truncation)]` ...
    = help: for further information visit https://rust-lang.github.io/rust-clippy/rust-1.98.0/index.html#cast_possible_truncation

warning: casting `f64` to `f32` may truncate the value
   --> crates/rrrah-decode/src/x3f.rs:430:18
    |
430 |             *v = (f64::from(*v) + correction[i % 3]) as f32;
    |                  ^^^^^^^^^^^^^^^^^^^^^^^^^^^^^^^^^^^^^^^^^^
    |
    = help: if this is intentional allow the lint with `#[allow(clippy::cast_possible_truncation)]` ...
    = help: for further information visit https://rust-lang.github.io/rust-clippy/rust-1.98.0/index.html#cast_possible_truncation

warning: casting `f64` to `f32` may truncate the value
   --> crates/rrrah-decode/src/x3f.rs:435:31
    |
435 |         Ok(correction.map(|v| v as f32))
    |                               ^^^^^^^^
    |
    = help: if this is intentional allow the lint with `#[allow(clippy::cast_possible_truncation)]` ...
    = help: for further information visit https://rust-lang.github.io/rust-clippy/rust-1.98.0/index.html#cast_possible_truncation

warning: casting `u64` to `usize` may truncate the value on targets with 32-bit wide pointers
   --> crates/rrrah-decode/src/x3f.rs:506:25
    |
506 |             let index = ((u64::from(row) * u64::from(self.width) + u64::from(column)) * 3) as usize;
    |                         ^^^^^^^^^^^^^^^^^^^^^^^^^^^^^^^^^^^^^^^^^^^^^^^^^^^^^^^^^^^^^^^^^^^^^^^^^^^
    |
    = help: if this is intentional allow the lint with `#[allow(clippy::cast_possible_truncation)]` ...
    = help: for further information visit https://rust-lang.github.io/rust-clippy/rust-1.98.0/index.html#cast_possible_truncation
help: ... or use `try_from` and handle the error accordingly
    |
506 -             let index = ((u64::from(row) * u64::from(self.width) + u64::from(column)) * 3) as usize;
506 +             let index = usize::try_from((u64::from(row) * u64::from(self.width) + u64::from(column)) * 3);
    |

warning: casts from `i16` to `f32` can be expressed infallibly using `From`
   --> crates/rrrah-decode/src/x3f.rs:508:31
    |
508 |                 let current = self.pixels[index + channel] as i16 as f32;
    |                               ^^^^^^^^^^^^^^^^^^^^^^^^^^^^^^^^^^^^^^^^^^
    |
    = help: an `as` cast can become silently lossy if the types change in the future
    = help: for further information visit https://rust-lang.github.io/rust-clippy/rust-1.98.0/index.html#cast_lossless
help: use `f32::from` instead
    |
508 -                 let current = self.pixels[index + channel] as i16 as f32;
508 +                 let current = f32::from(self.pixels[index + channel] as i16);
    |

warning: casting `u16` to `i16` may wrap around the value
   --> crates/rrrah-decode/src/x3f.rs:508:31
    |
508 |                 let current = self.pixels[index + channel] as i16 as f32;
    |                               ^^^^^^^^^^^^^^^^^^^^^^^^^^^^^^^^^^^ help: if this is intentional, use `cast_signed()` instead: `self.pixels[index + channel].cast_signed()`
    |
    = help: for further information visit https://rust-lang.github.io/rust-clippy/rust-1.98.0/index.html#cast_possible_wrap

warning: casts from `i16` to `f32` can be expressed infallibly using `From`
   --> crates/rrrah-decode/src/x3f.rs:509:32
    |
509 |                 let previous = self.pixels[index - 3 + channel] as i16 as f32;
    |                                ^^^^^^^^^^^^^^^^^^^^^^^^^^^^^^^^^^^^^^^^^^^^^^
    |
    = help: an `as` cast can become silently lossy if the types change in the future
    = help: for further information visit https://rust-lang.github.io/rust-clippy/rust-1.98.0/index.html#cast_lossless
help: use `f32::from` instead
    |
509 -                 let previous = self.pixels[index - 3 + channel] as i16 as f32;
509 +                 let previous = f32::from(self.pixels[index - 3 + channel] as i16);
    |

warning: casting `u16` to `i16` may wrap around the value
   --> crates/rrrah-decode/src/x3f.rs:509:32
    |
509 |                 let previous = self.pixels[index - 3 + channel] as i16 as f32;
    |                                ^^^^^^^^^^^^^^^^^^^^^^^^^^^^^^^^^^^^^^^ help: if this is intentional, use `cast_signed()` instead: `self.pixels[index - 3 + channel].cast_signed()`
    |
    = help: for further information visit https://rust-lang.github.io/rust-clippy/rust-1.98.0/index.html#cast_possible_wrap

warning: casting `u64` to `usize` may truncate the value on targets with 32-bit wide pointers
   --> crates/rrrah-decode/src/x3f.rs:564:29
    |
564 |                 let index = ((u64::from(row) * u64::from(self.width) + u64::from(column)) * 3) as usize;
    |                             ^^^^^^^^^^^^^^^^^^^^^^^^^^^^^^^^^^^^^^^^^^^^^^^^^^^^^^^^^^^^^^^^^^^^^^^^^^^
    |
    = help: if this is intentional allow the lint with `#[allow(clippy::cast_possible_truncation)]` ...
    = help: for further information visit https://rust-lang.github.io/rust-clippy/rust-1.98.0/index.html#cast_possible_truncation
help: ... or use `try_from` and handle the error accordingly
    |
564 -                 let index = ((u64::from(row) * u64::from(self.width) + u64::from(column)) * 3) as usize;
564 +                 let index = usize::try_from((u64::from(row) * u64::from(self.width) + u64::from(column)) * 3);
    |

warning: the loop variable `channel` is used to index `sums`
   --> crates/rrrah-decode/src/x3f.rs:565:32
    |
565 |                 for channel in 0..3 {
    |                                ^^^^
    |
    = help: for further information visit https://rust-lang.github.io/rust-clippy/rust-1.98.0/index.html#needless_range_loop
help: consider using an iterator and enumerate()
    |
565 -                 for channel in 0..3 {
565 +                 for (channel, <item>) in sums.iter_mut().enumerate() {
    |

warning: casting `u16` to `i16` may wrap around the value
   --> crates/rrrah-decode/src/x3f.rs:567:48
    |
567 |                         .checked_add(i64::from(self.pixels[index + channel] as i16))
    |                                                ^^^^^^^^^^^^^^^^^^^^^^^^^^^^^^^^^^^ help: if this is intentional, use `cast_signed()` instead: `self.pixels[index + channel].cast_signed()`
    |
    = help: for further information visit https://rust-lang.github.io/rust-clippy/rust-1.98.0/index.html#cast_possible_wrap

warning: item in documentation is missing backticks
   --> crates/rrrah-decode/src/x3f.rs:578:54
    |
578 | /// Decode legacy X3F using the unique explicit file WB_DESC selection.
    |                                                      ^^^^^^^
    |
    = help: for further information visit https://rust-lang.github.io/rust-clippy/rust-1.98.0/index.html#doc_markdown
help: try
    |
578 - /// Decode legacy X3F using the unique explicit file WB_DESC selection.
578 + /// Decode legacy X3F using the unique explicit file `WB_DESC` selection.
    |

warning: docs for function which may panic missing `# Panics` section
   --> crates/rrrah-decode/src/x3f.rs:579:1
    |
579 | / pub fn decode_x3f_legacy(
580 | |     bytes: &[u8],
581 | |     budget: &rrrah_core::MemoryBudget,
582 | |     mut cancelled: impl FnMut() -> bool,
583 | | ) -> Result<rrrah_core::DecodedRaster, X3fError> {
    | |________________________________________________^
    |
note: first possible panic found here
   --> crates/rrrah-decode/src/x3f.rs:600:51
    |
600 |                     let unit = u16::from_le_bytes(pair.try_into().unwrap());
    |                                                   ^^^^^^^^^^^^^^^^^^^^^^^^
    = help: for further information visit https://rust-lang.github.io/rust-clippy/rust-1.98.0/index.html#missing_panics_doc

warning: using `chunks_exact` with a constant chunk size
   --> crates/rrrah-decode/src/x3f.rs:599:44
    |
599 |                 for (index, pair) in value.chunks_exact(2).enumerate() {
    |                                            ^^^^^^^^^^^^^^^ help: consider using `as_chunks` instead: `as_chunks::<2>().0.iter()`
    |
    = help: for further information visit https://rust-lang.github.io/rust-clippy/rust-1.98.0/index.html#chunks_exact_to_as_chunks

warning: casting `u16` to `u8` may truncate the value
   --> crates/rrrah-decode/src/x3f.rs:604:35
    |
604 |                     mode[index] = unit as u8;
    |                                   ^^^^^^^^^^
    |
    = help: if this is intentional allow the lint with `#[allow(clippy::cast_possible_truncation)]` ...
    = help: for further information visit https://rust-lang.github.io/rust-clippy/rust-1.98.0/index.html#cast_possible_truncation
help: ... or use `try_from` and handle the error accordingly
    |
604 -                     mode[index] = unit as u8;
604 +                     mode[index] = u8::try_from(unit);
    |

warning: this `if` statement can be collapsed
   --> crates/rrrah-decode/src/x3f.rs:636:9
    |
636 | /         if matches!(&entry.kind, b"IMAG" | b"IMA2") {
637 | |             if let Some(info) = entry.image_info()? {
638 | |                 if info.image_type == 3 {
639 | |                     if sensor.replace(entry).is_some() {
...   |
644 | |         }
    | |_________^
    |
    = help: for further information visit https://rust-lang.github.io/rust-clippy/rust-1.98.0/index.html#collapsible_if
help: collapse nested if block
    |
636 ~         if matches!(&entry.kind, b"IMAG" | b"IMA2")
637 ~             && let Some(info) = entry.image_info()? {
638 |                 if info.image_type == 3 {
...
642 |                 }
643 ~             }
    |

warning: this `if` statement can be collapsed
   --> crates/rrrah-decode/src/x3f.rs:637:13
    |
637 | /             if let Some(info) = entry.image_info()? {
638 | |                 if info.image_type == 3 {
639 | |                     if sensor.replace(entry).is_some() {
640 | |                         return Err(X3fError::Invalid);
...   |
643 | |             }
    | |_____________^
    |
    = help: for further information visit https://rust-lang.github.io/rust-clippy/rust-1.98.0/index.html#collapsible_if
help: collapse nested if block
    |
637 ~             if let Some(info) = entry.image_info()?
638 ~                 && info.image_type == 3 {
639 |                     if sensor.replace(entry).is_some() {
640 |                         return Err(X3fError::Invalid);
641 |                     }
642 ~                 }
    |

warning: this `if` statement can be collapsed
   --> crates/rrrah-decode/src/x3f.rs:638:17
    |
638 | /                 if info.image_type == 3 {
639 | |                     if sensor.replace(entry).is_some() {
640 | |                         return Err(X3fError::Invalid);
641 | |                     }
642 | |                 }
    | |_________________^
    |
    = help: for further information visit https://rust-lang.github.io/rust-clippy/rust-1.98.0/index.html#collapsible_if
help: collapse nested if block
    |
638 ~                 if info.image_type == 3
639 ~                     && sensor.replace(entry).is_some() {
640 |                         return Err(X3fError::Invalid);
641 ~                     }
    |

warning: this `if` statement can be collapsed
   --> crates/rrrah-decode/src/x3f.rs:645:9
    |
645 | /         if entry.kind == *b"CAMF" {
646 | |             if calibration.replace(entry).is_some() {
647 | |                 return Err(X3fError::Invalid);
648 | |             }
649 | |         }
    | |_________^
    |
    = help: for further information visit https://rust-lang.github.io/rust-clippy/rust-1.98.0/index.html#collapsible_if
help: collapse nested if block
    |
645 ~         if entry.kind == *b"CAMF"
646 ~             && calibration.replace(entry).is_some() {
647 |                 return Err(X3fError::Invalid);
648 ~             }
    |

warning: manual implementation of `.is_multiple_of()`
   --> crates/rrrah-decode/src/x3f.rs:719:21
    |
719 |     let (w, h) = if degrees % 180 == 0 {
    |                     ^^^^^^^^^^^^^^^^^^ help: replace with: `degrees.is_multiple_of(180)`
    |
    = help: for further information visit https://rust-lang.github.io/rust-clippy/rust-1.98.0/index.html#manual_is_multiple_of

warning: casting `f64` to `usize` may truncate the value
   --> crates/rrrah-decode/src/x3f.rs:778:21
    |
778 |         let count = length as usize;
    |                     ^^^^^^^^^^^^^^^
    |
    = help: if this is intentional allow the lint with `#[allow(clippy::cast_possible_truncation)]` ...
    = help: for further information visit https://rust-lang.github.io/rust-clippy/rust-1.98.0/index.html#cast_possible_truncation

warning: casting `f64` to `usize` may lose the sign of the value
   --> crates/rrrah-decode/src/x3f.rs:778:21
    |
778 |         let count = length as usize;
    |                     ^^^^^^^^^^^^^^^
    |
    = help: for further information visit https://rust-lang.github.io/rust-clippy/rust-1.98.0/index.html#cast_sign_loss

warning: manual implementation of `midpoint` which can overflow
   --> crates/rrrah-decode/src/x3f.rs:785:26
    |
785 |             let result = (x.cos() + 1.0) / 2.0 * (i as f64 * filter / multiplier).tanh() * multiplier + 0.5;
    |                          ^^^^^^^^^^^^^^^^^^^^^ help: use `f64::midpoint` instead: `f64::midpoint(x.cos(), 1.0)`
    |
    = help: for further information visit https://rust-lang.github.io/rust-clippy/rust-1.98.0/index.html#manual_midpoint
    = note: `-W clippy::manual-midpoint` implied by `-W clippy::pedantic`
    = help: to override `-W clippy::pedantic` add `#[allow(clippy::manual_midpoint)]`

warning: casting `f64` to `i16` may truncate the value
   --> crates/rrrah-decode/src/x3f.rs:789:22
    |
789 |             *value = result as i16;
    |                      ^^^^^^^^^^^^^
    |
    = help: if this is intentional allow the lint with `#[allow(clippy::cast_possible_truncation)]` ...
    = help: for further information visit https://rust-lang.github.io/rust-clippy/rust-1.98.0/index.html#cast_possible_truncation

warning: the loop variable `c` is used to index `previous`
   --> crates/rrrah-decode/src/x3f.rs:896:22
    |
896 |             for c in 0..3 {
    |                      ^^^^
    |
    = help: for further information visit https://rust-lang.github.io/rust-clippy/rust-1.98.0/index.html#needless_range_loop
help: consider using an iterator and enumerate()
    |
896 -             for c in 0..3 {
896 +             for (c, <item>) in previous.iter_mut().enumerate() {
    |

warning: manual implementation of `.is_multiple_of()`
    --> crates/rrrah-decode/src/x3f.rs:1013:12
     |
1013 |         || channels.len() % 3 != 0
     |            ^^^^^^^^^^^^^^^^^^^^^^^ help: replace with: `!channels.len().is_multiple_of(3)`
     |
     = help: for further information visit https://rust-lang.github.io/rust-clippy/rust-1.98.0/index.html#manual_is_multiple_of

warning: using `chunks_exact` with a constant chunk size
    --> crates/rrrah-decode/src/x3f.rs:1022:32
     |
1022 |     for (i, pixel) in channels.chunks_exact(3).enumerate() {
     |                                ^^^^^^^^^^^^^^^ help: consider using `as_chunks` instead: `as_chunks::<3>().0.iter()`
     |
     = help: for further information visit https://rust-lang.github.io/rust-clippy/rust-1.98.0/index.html#chunks_exact_to_as_chunks

warning: casting `f32` to `u16` may truncate the value
    --> crates/rrrah-decode/src/x3f.rs:1037:33
     |
1037 |             output[i * 3 + c] = value.clamp(0.0, 65535.0) as u16;
     |                                 ^^^^^^^^^^^^^^^^^^^^^^^^^^^^^^^^
     |
     = help: if this is intentional allow the lint with `#[allow(clippy::cast_possible_truncation)]` ...
     = help: for further information visit https://rust-lang.github.io/rust-clippy/rust-1.98.0/index.html#cast_possible_truncation

warning: casting `f32` to `u16` may lose the sign of the value
    --> crates/rrrah-decode/src/x3f.rs:1037:33
     |
1037 |             output[i * 3 + c] = value.clamp(0.0, 65535.0) as u16;
     |                                 ^^^^^^^^^^^^^^^^^^^^^^^^^^^^^^^^
     |
     = help: for further information visit https://rust-lang.github.io/rust-clippy/rust-1.98.0/index.html#cast_sign_loss

warning: using `chunks_exact` with a constant chunk size
    --> crates/rrrah-decode/src/x3f.rs:1063:38
     |
1063 |     for (i, (source, target)) in rgb.chunks_exact(3).zip(rgba.chunks_exact_mut(4)).enumerate() {
     |                                      ^^^^^^^^^^^^^^^ help: consider using `as_chunks` instead: `as_chunks::<3>().0.iter()`
     |
     = help: for further information visit https://rust-lang.github.io/rust-clippy/rust-1.98.0/index.html#chunks_exact_to_as_chunks

warning: using `chunks_exact_mut` with a constant chunk size
    --> crates/rrrah-decode/src/x3f.rs:1063:63
     |
1063 |     for (i, (source, target)) in rgb.chunks_exact(3).zip(rgba.chunks_exact_mut(4)).enumerate() {
     |                                                               ^^^^^^^^^^^^^^^^^^^
     |
help: consider using `as_chunks_mut::<4>()` instead
    --> crates/rrrah-decode/src/x3f.rs:1063:63
     |
1063 |     for (i, (source, target)) in rgb.chunks_exact(3).zip(rgba.chunks_exact_mut(4)).enumerate() {
     |                                                               ^^^^^^^^^^^^^^^^^^^
     = help: for further information visit https://rust-lang.github.io/rust-clippy/rust-1.98.0/index.html#chunks_exact_to_as_chunks

warning: manual implementation of `.is_multiple_of()`
    --> crates/rrrah-decode/src/x3f.rs:1093:12
     |
1093 |         || pixels.len() % 3 != 0
     |            ^^^^^^^^^^^^^^^^^^^^^ help: replace with: `!pixels.len().is_multiple_of(3)`
     |
     = help: for further information visit https://rust-lang.github.io/rust-clippy/rust-1.98.0/index.html#manual_is_multiple_of

warning: casts from `i16` to `i32` can be expressed infallibly using `From`
    --> crates/rrrah-decode/src/x3f.rs:1109:24
     |
1109 |             .any(|v| !(i16::MIN as i32..=i16::MAX as i32).contains(v))
     |                        ^^^^^^^^^^^^^^^
     |
     = help: an `as` cast can become silently lossy if the types change in the future
     = help: for further information visit https://rust-lang.github.io/rust-clippy/rust-1.98.0/index.html#cast_lossless
help: use `i32::from` instead
     |
1109 -             .any(|v| !(i16::MIN as i32..=i16::MAX as i32).contains(v))
1109 +             .any(|v| !(i32::from(i16::MIN)..=i16::MAX as i32).contains(v))
     |

warning: casts from `i16` to `i32` can be expressed infallibly using `From`
    --> crates/rrrah-decode/src/x3f.rs:1109:42
     |
1109 |             .any(|v| !(i16::MIN as i32..=i16::MAX as i32).contains(v))
     |                                          ^^^^^^^^^^^^^^^
     |
     = help: an `as` cast can become silently lossy if the types change in the future
     = help: for further information visit https://rust-lang.github.io/rust-clippy/rust-1.98.0/index.html#cast_lossless
help: use `i32::from` instead
     |
1109 -             .any(|v| !(i16::MIN as i32..=i16::MAX as i32).contains(v))
1109 +             .any(|v| !(i16::MIN as i32..=i32::from(i16::MAX)).contains(v))
     |

warning: using `chunks_exact_mut` with a constant chunk size
    --> crates/rrrah-decode/src/x3f.rs:1114:34
     |
1114 |     for (index, pixel) in pixels.chunks_exact_mut(3).enumerate() {
     |                                  ^^^^^^^^^^^^^^^^^^^ help: consider using `as_chunks` instead: `as_chunks_mut::<3>().0.iter()`
     |
     = help: for further information visit https://rust-lang.github.io/rust-clippy/rust-1.98.0/index.html#chunks_exact_to_as_chunks

warning: the loop variable `c` is used to index `pixel`
    --> crates/rrrah-decode/src/x3f.rs:1126:18
     |
1126 |         for c in 0..3 {
     |                  ^^^^
     |
     = help: for further information visit https://rust-lang.github.io/rust-clippy/rust-1.98.0/index.html#needless_range_loop
help: consider using an iterator and enumerate()
     |
1126 -         for c in 0..3 {
1126 +         for (c, <item>) in pixel.iter_mut().enumerate().take(3) {
     |

warning: the loop variable `i` is used to index `channel`
    --> crates/rrrah-decode/src/x3f.rs:1128:22
     |
1128 |             for i in 0..3 {
     |                      ^^^^
     |
     = help: for further information visit https://rust-lang.github.io/rust-clippy/rust-1.98.0/index.html#needless_range_loop
help: consider using an iterator and enumerate()
     |
1128 -             for i in 0..3 {
1128 +             for (i, <item>) in channel.iter().enumerate() {
     |

warning: casting `f64` to `i32` may truncate the value
    --> crates/rrrah-decode/src/x3f.rs:1132:24
     |
1132 |             pixel[c] = (sum.clamp(0.0, 24000.0) + 0.5) as i32;
     |                        ^^^^^^^^^^^^^^^^^^^^^^^^^^^^^^^^^^^^^^
     |
     = help: if this is intentional allow the lint with `#[allow(clippy::cast_possible_truncation)]` ...
     = help: for further information visit https://rust-lang.github.io/rust-clippy/rust-1.98.0/index.html#cast_possible_truncation

warning: casting `f64` to `f32` may truncate the value
    --> crates/rrrah-decode/src/x3f.rs:1189:30
     |
1189 |             combined[i][j] = (f64::from(target[i][j]) * luminance / sums[i]) as f32;
     |                              ^^^^^^^^^^^^^^^^^^^^^^^^^^^^^^^^^^^^^^^^^^^^^^^^^^^^^^
     |
     = help: if this is intentional allow the lint with `#[allow(clippy::cast_possible_truncation)]` ...
     = help: for further information visit https://rust-lang.github.io/rust-clippy/rust-1.98.0/index.html#cast_possible_truncation

warning: the loop variable `i` is used to index `coefficients`
    --> crates/rrrah-decode/src/x3f.rs:1193:14
     |
1193 |     for i in 0..3 {
     |              ^^^^
     |
     = help: for further information visit https://rust-lang.github.io/rust-clippy/rust-1.98.0/index.html#needless_range_loop
help: consider using an iterator and enumerate()
     |
1193 -     for i in 0..3 {
1193 +     for (i, <item>) in coefficients.iter_mut().enumerate() {
     |

warning: the loop variable `c` is used to index `combined`
    --> crates/rrrah-decode/src/x3f.rs:1195:22
     |
1195 |             for c in 0..3 {
     |                      ^^^^
     |
     = help: for further information visit https://rust-lang.github.io/rust-clippy/rust-1.98.0/index.html#needless_range_loop
help: consider using an iterator and enumerate()
     |
1195 -             for c in 0..3 {
1195 +             for (c, <item>) in combined.iter().enumerate() {
     |

warning: casts from `i16` to `i32` can be expressed infallibly using `From`
    --> crates/rrrah-decode/src/x3f.rs:1303:24
     |
1303 |             .any(|v| !(i16::MIN as i32..=i16::MAX as i32).contains(v))
     |                        ^^^^^^^^^^^^^^^
     |
     = help: an `as` cast can become silently lossy if the types change in the future
     = help: for further information visit https://rust-lang.github.io/rust-clippy/rust-1.98.0/index.html#cast_lossless
help: use `i32::from` instead
     |
1303 -             .any(|v| !(i16::MIN as i32..=i16::MAX as i32).contains(v))
1303 +             .any(|v| !(i32::from(i16::MIN)..=i16::MAX as i32).contains(v))
     |

warning: casts from `i16` to `i32` can be expressed infallibly using `From`
    --> crates/rrrah-decode/src/x3f.rs:1303:42
     |
1303 |             .any(|v| !(i16::MIN as i32..=i16::MAX as i32).contains(v))
     |                                          ^^^^^^^^^^^^^^^
     |
     = help: an `as` cast can become silently lossy if the types change in the future
     = help: for further information visit https://rust-lang.github.io/rust-clippy/rust-1.98.0/index.html#cast_lossless
help: use `i32::from` instead
     |
1303 -             .any(|v| !(i16::MIN as i32..=i16::MAX as i32).contains(v))
1303 +             .any(|v| !(i16::MIN as i32..=i32::from(i16::MAX)).contains(v))
     |

warning: casts from `i16` to `i32` can be expressed infallibly using `From`
    --> crates/rrrah-decode/src/x3f.rs:1377:24
     |
1377 |             .any(|v| !(i16::MIN as i32..=i16::MAX as i32).contains(v))
     |                        ^^^^^^^^^^^^^^^
     |
     = help: an `as` cast can become silently lossy if the types change in the future
     = help: for further information visit https://rust-lang.github.io/rust-clippy/rust-1.98.0/index.html#cast_lossless
help: use `i32::from` instead
     |
1377 -             .any(|v| !(i16::MIN as i32..=i16::MAX as i32).contains(v))
1377 +             .any(|v| !(i32::from(i16::MIN)..=i16::MAX as i32).contains(v))
     |

warning: casts from `i16` to `i32` can be expressed infallibly using `From`
    --> crates/rrrah-decode/src/x3f.rs:1377:42
     |
1377 |             .any(|v| !(i16::MIN as i32..=i16::MAX as i32).contains(v))
     |                                          ^^^^^^^^^^^^^^^
     |
     = help: an `as` cast can become silently lossy if the types change in the future
     = help: for further information visit https://rust-lang.github.io/rust-clippy/rust-1.98.0/index.html#cast_lossless
help: use `i32::from` instead
     |
1377 -             .any(|v| !(i16::MIN as i32..=i16::MAX as i32).contains(v))
1377 +             .any(|v| !(i16::MIN as i32..=i32::from(i16::MAX)).contains(v))
     |

warning: docs for function which may panic missing `# Panics` section
    --> crates/rrrah-decode/src/x3f.rs:1465:1
     |
1465 | / pub fn linearize_x3f_highlights(
1466 | |     pixels: &mut [i32],
1467 | |     saturation: [u32; 3],
1468 | |     neutral: [f32; 3],
1469 | |     mut cancelled: impl FnMut() -> bool,
1470 | | ) -> Result<(), X3fError> {
     | |_________________________^
     |
note: first possible panic found here
    --> crates/rrrah-decode/src/x3f.rs:1512:30
     |
1512 |         let low = i64::from(*pixel.iter().min().unwrap());
     |                              ^^^^^^^^^^^^^^^^^^^^^^^^^^^
     = help: for further information visit https://rust-lang.github.io/rust-clippy/rust-1.98.0/index.html#missing_panics_doc

warning: manual implementation of `.is_multiple_of()`
    --> crates/rrrah-decode/src/x3f.rs:1474:8
     |
1474 |     if pixels.len() % 3 != 0
     |        ^^^^^^^^^^^^^^^^^^^^^ help: replace with: `!pixels.len().is_multiple_of(3)`
     |
     = help: for further information visit https://rust-lang.github.io/rust-clippy/rust-1.98.0/index.html#manual_is_multiple_of

warning: using `contains()` instead of `iter().any()` is more efficient
    --> crates/rrrah-decode/src/x3f.rs:1475:12
     |
1475 |         || saturation.iter().any(|v| *v == 0)
     |            ^^^^^^^^^^^^^^^^^^^^^^^^^^^^^^^^^^ help: try: `saturation.contains(&0)`
     |
     = help: for further information visit https://rust-lang.github.io/rust-clippy/rust-1.98.0/index.html#manual_contains

warning: casting `f32` to `i64` may truncate the value
    --> crates/rrrah-decode/src/x3f.rs:1488:31
     |
1488 |         minimum = minimum.min(level as i64);
     |                               ^^^^^^^^^^^^
     |
     = help: if this is intentional allow the lint with `#[allow(clippy::cast_possible_truncation)]` ...
     = help: for further information visit https://rust-lang.github.io/rust-clippy/rust-1.98.0/index.html#cast_possible_truncation

warning: casts from `i16` to `i32` can be expressed infallibly using `From`
    --> crates/rrrah-decode/src/x3f.rs:1500:24
     |
1500 |             .any(|v| !(i16::MIN as i32..=i16::MAX as i32).contains(v))
     |                        ^^^^^^^^^^^^^^^
     |
     = help: an `as` cast can become silently lossy if the types change in the future
     = help: for further information visit https://rust-lang.github.io/rust-clippy/rust-1.98.0/index.html#cast_lossless
help: use `i32::from` instead
     |
1500 -             .any(|v| !(i16::MIN as i32..=i16::MAX as i32).contains(v))
1500 +             .any(|v| !(i32::from(i16::MIN)..=i16::MAX as i32).contains(v))
     |

warning: casts from `i16` to `i32` can be expressed infallibly using `From`
    --> crates/rrrah-decode/src/x3f.rs:1500:42
     |
1500 |             .any(|v| !(i16::MIN as i32..=i16::MAX as i32).contains(v))
     |                                          ^^^^^^^^^^^^^^^
     |
     = help: an `as` cast can become silently lossy if the types change in the future
     = help: for further information visit https://rust-lang.github.io/rust-clippy/rust-1.98.0/index.html#cast_lossless
help: use `i32::from` instead
     |
1500 -             .any(|v| !(i16::MIN as i32..=i16::MAX as i32).contains(v))
1500 +             .any(|v| !(i16::MIN as i32..=i32::from(i16::MAX)).contains(v))
     |

warning: using `chunks_exact_mut` with a constant chunk size
    --> crates/rrrah-decode/src/x3f.rs:1505:34
     |
1505 |     for (index, pixel) in pixels.chunks_exact_mut(3).enumerate() {
     |                                  ^^^^^^^^^^^^^^^^^^^ help: consider using `as_chunks` instead: `as_chunks_mut::<3>().0.iter()`
     |
     = help: for further information visit https://rust-lang.github.io/rust-clippy/rust-1.98.0/index.html#chunks_exact_to_as_chunks

warning: casting `i64` to `i32` may truncate the value
    --> crates/rrrah-decode/src/x3f.rs:1521:23
     |
1521 |                 *v += ((i64::from(high - *v) * weight) >> 14) as i32;
     |                       ^^^^^^^^^^^^^^^^^^^^^^^^^^^^^^^^^^^^^^^^^^^^^^
     |
     = help: if this is intentional allow the lint with `#[allow(clippy::cast_possible_truncation)]` ...
     = help: for further information visit https://rust-lang.github.io/rust-clippy/rust-1.98.0/index.html#cast_possible_truncation
help: ... or use `try_from` and handle the error accordingly
     |
1521 -                 *v += ((i64::from(high - *v) * weight) >> 14) as i32;
1521 +                 *v += i32::try_from((i64::from(high - *v) * weight) >> 14);
     |

warning: item in documentation is missing backticks
    --> crates/rrrah-decode/src/x3f.rs:1532:66
     |
1532 | /// Only interior red samples are changed; scratch is charged to MemoryBudget.
     |                                                                  ^^^^^^^^^^^^
     |
     = help: for further information visit https://rust-lang.github.io/rust-clippy/rust-1.98.0/index.html#doc_markdown
help: try
     |
1532 - /// Only interior red samples are changed; scratch is charged to MemoryBudget.
1532 + /// Only interior red samples are changed; scratch is charged to `MemoryBudget`.
     |

warning: casts from `i16` to `i32` can be expressed infallibly using `From`
    --> crates/rrrah-decode/src/x3f.rs:1552:24
     |
1552 |             .any(|v| !(i16::MIN as i32..=i16::MAX as i32).contains(v))
     |                        ^^^^^^^^^^^^^^^
     |
     = help: an `as` cast can become silently lossy if the types change in the future
     = help: for further information visit https://rust-lang.github.io/rust-clippy/rust-1.98.0/index.html#cast_lossless
help: use `i32::from` instead
     |
1552 -             .any(|v| !(i16::MIN as i32..=i16::MAX as i32).contains(v))
1552 +             .any(|v| !(i32::from(i16::MIN)..=i16::MAX as i32).contains(v))
     |

warning: casts from `i16` to `i32` can be expressed infallibly using `From`
    --> crates/rrrah-decode/src/x3f.rs:1552:42
     |
1552 |             .any(|v| !(i16::MIN as i32..=i16::MAX as i32).contains(v))
     |                                          ^^^^^^^^^^^^^^^
     |
     = help: an `as` cast can become silently lossy if the types change in the future
     = help: for further information visit https://rust-lang.github.io/rust-clippy/rust-1.98.0/index.html#cast_lossless
help: use `i32::from` instead
     |
1552 -             .any(|v| !(i16::MIN as i32..=i16::MAX as i32).contains(v))
1552 +             .any(|v| !(i16::MIN as i32..=i32::from(i16::MAX)).contains(v))
     |

warning: manual implementation of `.is_multiple_of()`
    --> crates/rrrah-decode/src/x3f.rs:1635:12
     |
1635 |         || codes.len() % 4 != 0
     |            ^^^^^^^^^^^^^^^^^^^^ help: replace with: `!codes.len().is_multiple_of(4)`
     |
     = help: for further information visit https://rust-lang.github.io/rust-clippy/rust-1.98.0/index.html#manual_is_multiple_of

warning: using `chunks_exact` with a constant chunk size
    --> crates/rrrah-decode/src/x3f.rs:1650:24
     |
1650 |     for bytes in codes.chunks_exact(4) {
     |                        ^^^^^^^^^^^^^^^ help: consider using `as_chunks` instead: `as_chunks::<4>().0`
     |
     = help: for further information visit https://rust-lang.github.io/rust-clippy/rust-1.98.0/index.html#chunks_exact_to_as_chunks

warning: casting `i64` to `u64` may lose the sign of the value
    --> crates/rrrah-decode/src/x3f.rs:1670:23
     |
1670 |             let row = (i64::from(y) + i64::from(*dy)) as u64;
     |                       ^^^^^^^^^^^^^^^^^^^^^^^^^^^^^^^^^^^^^^ help: if this is intentional, use `cast_unsigned()` instead: `(i64::from(y) + i64::from(*dy)).cast_unsigned()`
     |
     = help: for further information visit https://rust-lang.github.io/rust-clippy/rust-1.98.0/index.html#cast_sign_loss

warning: casting `i64` to `u64` may lose the sign of the value
    --> crates/rrrah-decode/src/x3f.rs:1671:23
     |
1671 |             let col = (i64::from(x) + i64::from(*dx)) as u64;
     |                       ^^^^^^^^^^^^^^^^^^^^^^^^^^^^^^^^^^^^^^ help: if this is intentional, use `cast_unsigned()` instead: `(i64::from(x) + i64::from(*dx)).cast_unsigned()`
     |
     = help: for further information visit https://rust-lang.github.io/rust-clippy/rust-1.98.0/index.html#cast_sign_loss

warning: casting `u64` to `usize` may truncate the value on targets with 32-bit wide pointers
    --> crates/rrrah-decode/src/x3f.rs:1672:25
     |
1672 |             let index = ((row * u64::from(width) + col) * 3) as usize;
     |                         ^^^^^^^^^^^^^^^^^^^^^^^^^^^^^^^^^^^^^^^^^^^^^
     |
     = help: if this is intentional allow the lint with `#[allow(clippy::cast_possible_truncation)]` ...
     = help: for further information visit https://rust-lang.github.io/rust-clippy/rust-1.98.0/index.html#cast_possible_truncation
help: ... or use `try_from` and handle the error accordingly
     |
1672 -             let index = ((row * u64::from(width) + col) * 3) as usize;
1672 +             let index = usize::try_from((row * u64::from(width) + col) * 3);
     |

warning: casts from `i16` to `i32` can be expressed infallibly using `From`
    --> crates/rrrah-decode/src/x3f.rs:1675:22
     |
1675 |                 if !(i16::MIN as i32..=i16::MAX as i32).contains(&sample) {
     |                      ^^^^^^^^^^^^^^^
     |
     = help: an `as` cast can become silently lossy if the types change in the future
     = help: for further information visit https://rust-lang.github.io/rust-clippy/rust-1.98.0/index.html#cast_lossless
help: use `i32::from` instead
     |
1675 -                 if !(i16::MIN as i32..=i16::MAX as i32).contains(&sample) {
1675 +                 if !(i32::from(i16::MIN)..=i16::MAX as i32).contains(&sample) {
     |

warning: casts from `i16` to `i32` can be expressed infallibly using `From`
    --> crates/rrrah-decode/src/x3f.rs:1675:40
     |
1675 |                 if !(i16::MIN as i32..=i16::MAX as i32).contains(&sample) {
     |                                        ^^^^^^^^^^^^^^^
     |
     = help: an `as` cast can become silently lossy if the types change in the future
     = help: for further information visit https://rust-lang.github.io/rust-clippy/rust-1.98.0/index.html#cast_lossless
help: use `i32::from` instead
     |
1675 -                 if !(i16::MIN as i32..=i16::MAX as i32).contains(&sample) {
1675 +                 if !(i16::MIN as i32..=i32::from(i16::MAX)).contains(&sample) {
     |

warning: casting `u64` to `usize` may truncate the value on targets with 32-bit wide pointers
    --> crates/rrrah-decode/src/x3f.rs:1683:25
     |
1683 |             let index = ((u64::from(y) * u64::from(width) + u64::from(x)) * 3) as usize;
     |                         ^^^^^^^^^^^^^^^^^^^^^^^^^^^^^^^^^^^^^^^^^^^^^^^^^^^^^^^^^^^^^^^
     |
     = help: if this is intentional allow the lint with `#[allow(clippy::cast_possible_truncation)]` ...
     = help: for further information visit https://rust-lang.github.io/rust-clippy/rust-1.98.0/index.html#cast_possible_truncation
help: ... or use `try_from` and handle the error accordingly
     |
1683 -             let index = ((u64::from(y) * u64::from(width) + u64::from(x)) * 3) as usize;
1683 +             let index = usize::try_from((u64::from(y) * u64::from(width) + u64::from(x)) * 3);
     |

warning: casting `i64` to `i32` may truncate the value
    --> crates/rrrah-decode/src/x3f.rs:1685:37
     |
1685 |                 pixels[index + c] = (sums[c] / count) as i32;
     |                                     ^^^^^^^^^^^^^^^^^^^^^^^^
     |
     = help: if this is intentional allow the lint with `#[allow(clippy::cast_possible_truncation)]` ...
     = help: for further information visit https://rust-lang.github.io/rust-clippy/rust-1.98.0/index.html#cast_possible_truncation
help: ... or use `try_from` and handle the error accordingly
     |
1685 -                 pixels[index + c] = (sums[c] / count) as i32;
1685 +                 pixels[index + c] = i32::try_from(sums[c] / count);
     |

warning: manual implementation of `.is_multiple_of()`
    --> crates/rrrah-decode/src/x3f.rs:1705:8
     |
1705 |     if rows.len() % 3 != 0 || rows.len() / 3 < 22 {
     |        ^^^^^^^^^^^^^^^^^^^ help: replace with: `!rows.len().is_multiple_of(3)`
     |
     = help: for further information visit https://rust-lang.github.io/rust-clippy/rust-1.98.0/index.html#manual_is_multiple_of

warning: manual implementation of `midpoint` which can overflow
    --> crates/rrrah-decode/src/x3f.rs:1741:38
     |
1741 |         rows[(height - 1) * 3 + c] = (last[0][c] + last[1][c]) / 2.0;
     |                                      ^^^^^^^^^^^^^^^^^^^^^^^^^^^^^^^ help: use `f32::midpoint` instead: `f32::midpoint(last[0][c], last[1][c])`
     |
     = help: for further information visit https://rust-lang.github.io/rust-clippy/rust-1.98.0/index.html#manual_midpoint

warning: manual implementation of `midpoint` which can overflow
    --> crates/rrrah-decode/src/x3f.rs:1742:19
     |
1742 |         rows[c] = (rows[3 + c] + rows[9 + c]) / 2.0;
     |                   ^^^^^^^^^^^^^^^^^^^^^^^^^^^^^^^^^ help: use `f32::midpoint` instead: `f32::midpoint(rows[3 + c], rows[9 + c])`
     |
     = help: for further information visit https://rust-lang.github.io/rust-clippy/rust-1.98.0/index.html#manual_midpoint

warning: casting `f64` to `f32` may truncate the value
    --> crates/rrrah-decode/src/x3f.rs:1744:17
     |
1744 |     let alpha = (1.0 - (-1.0f64 / 24.0).exp()) as f32;
     |                 ^^^^^^^^^^^^^^^^^^^^^^^^^^^^^^^^^^^^^
     |
     = help: if this is intentional allow the lint with `#[allow(clippy::cast_possible_truncation)]` ...
     = help: for further information visit https://rust-lang.github.io/rust-clippy/rust-1.98.0/index.html#cast_possible_truncation

warning: casting `i16` to `u16` may lose the sign of the value
    --> crates/rrrah-decode/src/x3f.rs:1861:72
     |
1861 |                         pixels[(row * width + column) * 3 + channel] = predictor[channel] as u16;
     |                                                                        ^^^^^^^^^^^^^^^^^^^^^^^^^ help: if this is intentional, use `cast_unsigned()` instead: `predictor[channel].cast_unsigned()`
     |
     = help: for further information visit https://rust-lang.github.io/rust-clippy/rust-1.98.0/index.html#cast_sign_loss

warning: casting `i16` to `u16` may lose the sign of the value
    --> crates/rrrah-decode/src/x3f.rs:1876:26
     |
1876 |                 *value = (*value as i16).wrapping_add(offset).max(0) as u16;
     |                          ^^^^^^^^^^^^^^^^^^^^^^^^^^^^^^^^^^^^^^^^^^^^^^^^^^ help: if this is intentional, use `cast_unsigned()` instead: `(*value as i16).wrapping_add(offset).max(0).cast_unsigned()`
     |
     = help: for further information visit https://rust-lang.github.io/rust-clippy/rust-1.98.0/index.html#cast_sign_loss

warning: casting `u16` to `i16` may wrap around the value
    --> crates/rrrah-decode/src/x3f.rs:1876:26
     |
1876 |                 *value = (*value as i16).wrapping_add(offset).max(0) as u16;
     |                          ^^^^^^^^^^^^^^^ help: if this is intentional, use `cast_signed()` instead: `(*value).cast_signed()`
     |
     = help: for further information visit https://rust-lang.github.io/rust-clippy/rust-1.98.0/index.html#cast_possible_wrap

warning: docs for function which may panic missing `# Panics` section
    --> crates/rrrah-decode/src/x3f.rs:1890:5
     |
1890 |     pub fn symbol(&self, index: usize) -> Option<(i16, u8, u32)> {
     |     ^^^^^^^^^^^^^^^^^^^^^^^^^^^^^^^^^^^^^^^^^^^^^^^^^^^^^^^^^^^^
     |
note: first possible panic found here
    --> crates/rrrah-decode/src/x3f.rs:1898:45
     |
1898 |         let difference = i16::from_le_bytes(self.mapping[index * 2..index * 2 + 2].try_into().unwrap());
     |                                             ^^^^^^^^^^^^^^^^^^^^^^^^^^^^^^^^^^^^^^^^^^^^^^^^^^^^^^^^^^
     = help: for further information visit https://rust-lang.github.io/rust-clippy/rust-1.98.0/index.html#missing_panics_doc

warning: casting `f64` to `f32` may truncate the value
    --> crates/rrrah-decode/src/x3f.rs:2032:26
     |
2032 |                 *value = (f64::from(top) + position * f64::from(bottom - top)) as f32;
     |                          ^^^^^^^^^^^^^^^^^^^^^^^^^^^^^^^^^^^^^^^^^^^^^^^^^^^^^^^^^^^^
     |
     = help: if this is intentional allow the lint with `#[allow(clippy::cast_possible_truncation)]` ...
     = help: for further information visit https://rust-lang.github.io/rust-clippy/rust-1.98.0/index.html#cast_possible_truncation

warning: casts from `i32` to `f64` can be expressed infallibly using `From`
    --> crates/rrrah-decode/src/x3f.rs:2070:48
     |
2070 |             if !result.is_finite() || result < i32::MIN as f64 || result > i32::MAX as f64 {
     |                                                ^^^^^^^^^^^^^^^
     |
     = help: an `as` cast can become silently lossy if the types change in the future
     = help: for further information visit https://rust-lang.github.io/rust-clippy/rust-1.98.0/index.html#cast_lossless
help: use `f64::from` instead
     |
2070 -             if !result.is_finite() || result < i32::MIN as f64 || result > i32::MAX as f64 {
2070 +             if !result.is_finite() || result < f64::from(i32::MIN) || result > i32::MAX as f64 {
     |

warning: casts from `i32` to `f64` can be expressed infallibly using `From`
    --> crates/rrrah-decode/src/x3f.rs:2070:76
     |
2070 |             if !result.is_finite() || result < i32::MIN as f64 || result > i32::MAX as f64 {
     |                                                                            ^^^^^^^^^^^^^^^
     |
     = help: an `as` cast can become silently lossy if the types change in the future
     = help: for further information visit https://rust-lang.github.io/rust-clippy/rust-1.98.0/index.html#cast_lossless
help: use `f64::from` instead
     |
2070 -             if !result.is_finite() || result < i32::MIN as f64 || result > i32::MAX as f64 {
2070 +             if !result.is_finite() || result < i32::MIN as f64 || result > f64::from(i32::MAX) {
     |

warning: casting `f64` to `i32` may truncate the value
    --> crates/rrrah-decode/src/x3f.rs:2073:25
     |
2073 |             output[c] = result as i32;
     |                         ^^^^^^^^^^^^^
     |
     = help: if this is intentional allow the lint with `#[allow(clippy::cast_possible_truncation)]` ...
     = help: for further information visit https://rust-lang.github.io/rust-clippy/rust-1.98.0/index.html#cast_possible_truncation

warning: item in documentation is missing backticks
    --> crates/rrrah-decode/src/x3f.rs:2079:9
     |
2079 |     /// SpatialGain stores row, column, channel dimensions; channel is fastest.
     |         ^^^^^^^^^^^
     |
     = help: for further information visit https://rust-lang.github.io/rust-clippy/rust-1.98.0/index.html#doc_markdown
help: try
     |
2079 -     /// SpatialGain stores row, column, channel dimensions; channel is fastest.
2079 +     /// `SpatialGain` stores row, column, channel dimensions; channel is fastest.
     |

warning: casting `f32` to `usize` may truncate the value
    --> crates/rrrah-decode/src/x3f.rs:2104:20
     |
2104 |         let left = (gx.floor() as usize).min(columns - 2);
     |                    ^^^^^^^^^^^^^^^^^^^^^
     |
     = help: if this is intentional allow the lint with `#[allow(clippy::cast_possible_truncation)]` ...
     = help: for further information visit https://rust-lang.github.io/rust-clippy/rust-1.98.0/index.html#cast_possible_truncation

warning: casting `f32` to `usize` may lose the sign of the value
    --> crates/rrrah-decode/src/x3f.rs:2104:20
     |
2104 |         let left = (gx.floor() as usize).min(columns - 2);
     |                    ^^^^^^^^^^^^^^^^^^^^^
     |
     = help: for further information visit https://rust-lang.github.io/rust-clippy/rust-1.98.0/index.html#cast_sign_loss

warning: casting `f32` to `usize` may truncate the value
    --> crates/rrrah-decode/src/x3f.rs:2105:19
     |
2105 |         let top = (gy.floor() as usize).min(rows - 2);
     |                   ^^^^^^^^^^^^^^^^^^^^^
     |
     = help: if this is intentional allow the lint with `#[allow(clippy::cast_possible_truncation)]` ...
     = help: for further information visit https://rust-lang.github.io/rust-clippy/rust-1.98.0/index.html#cast_possible_truncation

warning: casting `f32` to `usize` may lose the sign of the value
    --> crates/rrrah-decode/src/x3f.rs:2105:19
     |
2105 |         let top = (gy.floor() as usize).min(rows - 2);
     |                   ^^^^^^^^^^^^^^^^^^^^^
     |
     = help: for further information visit https://rust-lang.github.io/rust-clippy/rust-1.98.0/index.html#cast_sign_loss

warning: docs for function which may panic missing `# Panics` section
    --> crates/rrrah-decode/src/x3f.rs:2126:5
     |
2126 |     pub fn float32(&self, index: usize) -> Result<f32, X3fError> {
     |     ^^^^^^^^^^^^^^^^^^^^^^^^^^^^^^^^^^^^^^^^^^^^^^^^^^^^^^^^^^^^
     |
note: first possible panic found here
    --> crates/rrrah-decode/src/x3f.rs:2133:40
     |
2133 |         let value = f32::from_le_bytes(bytes.try_into().unwrap());
     |                                        ^^^^^^^^^^^^^^^^^^^^^^^^^
     = help: for further information visit https://rust-lang.github.io/rust-clippy/rust-1.98.0/index.html#missing_panics_doc

warning: using `chunks_exact` with a constant chunk size
    --> crates/rrrah-decode/src/x3f.rs:2142:14
     |
2142 |             .chunks_exact(12)
     |              ^^^^^^^^^^^^^^^^ help: consider using `as_chunks` instead: `as_chunks::<12>().0.iter()`
     |
     = help: for further information visit https://rust-lang.github.io/rust-clippy/rust-1.98.0/index.html#chunks_exact_to_as_chunks

warning: using `chunks_exact` with a constant chunk size
    --> crates/rrrah-decode/src/x3f.rs:2180:27
     |
2180 |         for pair in table.chunks_exact(8) {
     |                           ^^^^^^^^^^^^^^^ help: consider using `as_chunks` instead: `as_chunks::<8>().0`
     |
     = help: for further information visit https://rust-lang.github.io/rust-clippy/rust-1.98.0/index.html#chunks_exact_to_as_chunks

warning: this OR pattern can be rewritten using a range
    --> crates/rrrah-decode/src/x3f.rs:2203:13
     |
2203 |             1 | 2 | 3 => 4,
     |             ^^^^^^^^^ help: try: `1..=3`
     |
     = help: for further information visit https://rust-lang.github.io/rust-clippy/rust-1.98.0/index.html#manual_range_patterns

warning: using `chunks_exact` with a constant chunk size
    --> crates/rrrah-decode/src/x3f.rs:2214:29
     |
2214 |         for d in dimensions.chunks_exact(12) {
     |                             ^^^^^^^^^^^^^^^^ help: consider using `as_chunks` instead: `as_chunks::<12>().0`
     |
     = help: for further information visit https://rust-lang.github.io/rust-clippy/rust-1.98.0/index.html#chunks_exact_to_as_chunks

warning: item in documentation is missing backticks
    --> crates/rrrah-decode/src/x3f.rs:2276:5
     |
2276 | /// IncludeBlocks is a presence table: an empty value still enables the block.
     |     ^^^^^^^^^^^^^
     |
     = help: for further information visit https://rust-lang.github.io/rust-clippy/rust-1.98.0/index.html#doc_markdown
help: try
     |
2276 - /// IncludeBlocks is a presence table: an empty value still enables the block.
2276 + /// `IncludeBlocks` is a presence table: an empty value still enables the block.
     |

warning: casting `f64` to `f32` may truncate the value
    --> crates/rrrah-decode/src/x3f.rs:2369:13
     |
2369 |             (f64::from(row[0]) * 0.3127 + f64::from(row[1]) * 0.329 + f64::from(row[2]) * 0.3583) as f32
     |             ^^^^^^^^^^^^^^^^^^^^^^^^^^^^^^^^^^^^^^^^^^^^^^^^^^^^^^^^^^^^^^^^^^^^^^^^^^^^^^^^^^^^^^^^^^^^
     |
     = help: if this is intentional allow the lint with `#[allow(clippy::cast_possible_truncation)]` ...
     = help: for further information visit https://rust-lang.github.io/rust-clippy/rust-1.98.0/index.html#cast_possible_truncation

warning: docs for function which may panic missing `# Panics` section
    --> crates/rrrah-decode/src/x3f.rs:2462:1
     |
2462 | / pub fn visit_x3f_camf<'a>(
2463 | |     bytes: &'a [u8],
2464 | |     mut cancelled: impl FnMut() -> bool,
2465 | |     mut visitor: impl FnMut(X3fCamfEntry<'a>),
2466 | | ) -> Result<(), X3fError> {
     | |_________________________^
     |
note: first possible panic found here
    --> crates/rrrah-decode/src/x3f.rs:2480:29
     |
2480 |         let kind: [u8; 4] = remaining[..4].try_into().unwrap();
     |                             ^^^^^^^^^^^^^^^^^^^^^^^^^^^^^^^^^^
     = help: for further information visit https://rust-lang.github.io/rust-clippy/rust-1.98.0/index.html#missing_panics_doc

warning: casting `u64` to `u32` may truncate the value
    --> crates/rrrah-decode/src/x3f.rs:2532:28
     |
2532 |             let quotient = ((u64::from(state) * 301593171) >> 24) as u32;
     |                            ^^^^^^^^^^^^^^^^^^^^^^^^^^^^^^^^^^^^^^^^^^^^^
     |
     = help: if this is intentional allow the lint with `#[allow(clippy::cast_possible_truncation)]` ...
     = help: for further information visit https://rust-lang.github.io/rust-clippy/rust-1.98.0/index.html#cast_possible_truncation
help: ... or use `try_from` and handle the error accordingly
     |
2532 -             let quotient = ((u64::from(state) * 301593171) >> 24) as u32;
2532 +             let quotient = u32::try_from((u64::from(state) * 301593171) >> 24);
     |

warning: casting `u32` to `u8` may truncate the value
    --> crates/rrrah-decode/src/x3f.rs:2534:31
     |
2534 |             *result = input ^ mask as u8;
     |                               ^^^^^^^^^^
     |
     = help: if this is intentional allow the lint with `#[allow(clippy::cast_possible_truncation)]` ...
     = help: for further information visit https://rust-lang.github.io/rust-clippy/rust-1.98.0/index.html#cast_possible_truncation
help: ... or use `try_from` and handle the error accordingly
     |
2534 -             *result = input ^ mask as u8;
2534 +             *result = input ^ u8::try_from(mask);
     |

warning: docs for function which may panic missing `# Panics` section
    --> crates/rrrah-decode/src/x3f.rs:2569:5
     |
2569 |     pub fn entries(&self) -> impl ExactSizeIterator<Item = (&'a [u8], &'a [u8])> + '_ {
     |     ^^^^^^^^^^^^^^^^^^^^^^^^^^^^^^^^^^^^^^^^^^^^^^^^^^^^^^^^^^^^^^^^^^^^^^^^^^^^^^^^^
     |
note: first possible panic found here
    --> crates/rrrah-decode/src/x3f.rs:2572:17
     |
2572 |                 property_string(self.strings, word(pair, 0) as usize).unwrap(),
     |                 ^^^^^^^^^^^^^^^^^^^^^^^^^^^^^^^^^^^^^^^^^^^^^^^^^^^^^^^^^^^^^^
     = help: for further information visit https://rust-lang.github.io/rust-clippy/rust-1.98.0/index.html#missing_panics_doc

warning: using `chunks_exact` with a constant chunk size
    --> crates/rrrah-decode/src/x3f.rs:2570:20
     |
2570 |         self.table.chunks_exact(8).map(|pair| {
     |                    ^^^^^^^^^^^^^^^ help: consider using `as_chunks` instead: `as_chunks::<8>().0.iter()`
     |
     = help: for further information visit https://rust-lang.github.io/rust-clippy/rust-1.98.0/index.html#chunks_exact_to_as_chunks

warning: using `chunks_exact` with a constant chunk size
    --> crates/rrrah-decode/src/x3f.rs:2583:10
     |
2583 |         .chunks_exact(2)
     |          ^^^^^^^^^^^^^^^ help: consider using `as_chunks` instead: `as_chunks::<2>().0.iter()`
     |
     = help: for further information visit https://rust-lang.github.io/rust-clippy/rust-1.98.0/index.html#chunks_exact_to_as_chunks

warning: using `chunks_exact` with a constant chunk size
    --> crates/rrrah-decode/src/x3f.rs:2588:32
     |
2588 |     if char::decode_utf16(text.chunks_exact(2).map(|c| u16::from_le_bytes([c[0], c[1]]))).any(|c| c.is_err())
     |                                ^^^^^^^^^^^^^^^ help: consider using `as_chunks` instead: `as_chunks::<2>().0.iter()`
     |
     = help: for further information visit https://rust-lang.github.io/rust-clippy/rust-1.98.0/index.html#chunks_exact_to_as_chunks

warning: using `chunks_exact` with a constant chunk size
    --> crates/rrrah-decode/src/x3f.rs:2629:27
     |
2629 |         for pair in table.chunks_exact(8) {
     |                           ^^^^^^^^^^^^^^^ help: consider using `as_chunks` instead: `as_chunks::<8>().0`
     |
     = help: for further information visit https://rust-lang.github.io/rust-clippy/rust-1.98.0/index.html#chunks_exact_to_as_chunks

warning: manual implementation of `.is_multiple_of()`
    --> crates/rrrah-decode/src/x3f.rs:2663:16
     |
2663 |             || info.row_bytes % 4 != 0
     |                ^^^^^^^^^^^^^^^^^^^^^^^ help: replace with: `!info.row_bytes.is_multiple_of(4)`
     |
     = help: for further information visit https://rust-lang.github.io/rust-clippy/rust-1.98.0/index.html#manual_is_multiple_of

warning: docs for function which may panic missing `# Panics` section
    --> crates/rrrah-decode/src/x3f.rs:2682:5
     |
2682 |     pub fn entries(&self) -> impl ExactSizeIterator<Item = X3fEntry<'a>> + '_ {
     |     ^^^^^^^^^^^^^^^^^^^^^^^^^^^^^^^^^^^^^^^^^^^^^^^^^^^^^^^^^^^^^^^^^^^^^^^^^
     |
note: first possible panic found here
    --> crates/rrrah-decode/src/x3f.rs:2687:23
     |
2687 |                 kind: record[8..12].try_into().unwrap(),
     |                       ^^^^^^^^^^^^^^^^^^^^^^^^^^^^^^^^^
     = help: for further information visit https://rust-lang.github.io/rust-clippy/rust-1.98.0/index.html#missing_panics_doc

warning: using `chunks_exact` with a constant chunk size
    --> crates/rrrah-decode/src/x3f.rs:2683:24
     |
2683 |         self.directory.chunks_exact(12).map(|record| {
     |                        ^^^^^^^^^^^^^^^^ help: consider using `as_chunks` instead: `as_chunks::<12>().0.iter()`
     |
     = help: for further information visit https://rust-lang.github.io/rust-clippy/rust-1.98.0/index.html#chunks_exact_to_as_chunks

warning: manual implementation of `.is_multiple_of()`
    --> crates/rrrah-decode/src/x3f.rs:2713:43
     |
2713 |     if directory_offset < header_bytes || directory_offset % 4 != 0 {
     |                                           ^^^^^^^^^^^^^^^^^^^^^^^^^ help: replace with: `!directory_offset.is_multiple_of(4)`
     |
     = help: for further information visit https://rust-lang.github.io/rust-clippy/rust-1.98.0/index.html#manual_is_multiple_of

warning: using `chunks_exact` with a constant chunk size
    --> crates/rrrah-decode/src/x3f.rs:2740:36
     |
2740 |     for (index, record) in records.chunks_exact(12).enumerate() {
     |                                    ^^^^^^^^^^^^^^^^ help: consider using `as_chunks` instead: `as_chunks::<12>().0.iter()`
     |
     = help: for further information visit https://rust-lang.github.io/rust-clippy/rust-1.98.0/index.html#chunks_exact_to_as_chunks

warning: using `chunks_exact` with a constant chunk size
    --> crates/rrrah-decode/src/x3f.rs:2749:44
     |
2749 |         for prior in records[..index * 12].chunks_exact(12) {
     |                                            ^^^^^^^^^^^^^^^^ help: consider using `as_chunks` instead: `as_chunks::<12>().0`
     |
     = help: for further information visit https://rust-lang.github.io/rust-clippy/rust-1.98.0/index.html#chunks_exact_to_as_chunks

warning: casting `f64` to `f32` may truncate the value
  --> crates/rrrah-decode/src/animation.rs:10:18
   |
10 |         dst[c] = ((f64::from(src[c]) * a + f64::from(dst[c]) * d * (1. - a)) / alpha) as f32;
   |                  ^^^^^^^^^^^^^^^^^^^^^^^^^^^^^^^^^^^^^^^^^^^^^^^^^^^^^^^^^^^^^^^^^^^^^^^^^^^
   |
   = help: if this is intentional allow the lint with `#[allow(clippy::cast_possible_truncation)]` ...
   = help: for further information visit https://rust-lang.github.io/rust-clippy/rust-1.98.0/index.html#cast_possible_truncation

warning: casting `f64` to `f32` may truncate the value
  --> crates/rrrah-decode/src/animation.rs:12:14
   |
12 |     dst[3] = alpha as f32;
   |              ^^^^^^^^^^^^
   |
   = help: if this is intentional allow the lint with `#[allow(clippy::cast_possible_truncation)]` ...
   = help: for further information visit https://rust-lang.github.io/rust-clippy/rust-1.98.0/index.html#cast_possible_truncation

warning: this function has too many lines (289/100)
   --> crates/rrrah-decode/src/aseprite.rs:197:1
    |
197 | fn inventory<'a>(b: &'a [u8], request: &DecodeRequest) -> Result<Inventory<'a>, RasterDecodeError> {
    | ^^^^^^^^^^^^^^^^^^^^^^^^^^^^^^^^^^^^^^^^^^^^^^^^^^^^^^^^^^^^^^^^^^^^^^^^^^^^^^^^^^^^^^^^^^^^^^^^^^
    |
    = help: for further information visit https://rust-lang.github.io/rust-clippy/rust-1.98.0/index.html#too_many_lines

warning: casting `u64` to `usize` may truncate the value on targets with 32-bit wide pointers
   --> crates/rrrah-decode/src/aseprite.rs:497:32
    |
497 |         let (input, output) = (before.0 as usize, before.1 as usize);
    |                                ^^^^^^^^^^^^^^^^^
    |
    = help: if this is intentional allow the lint with `#[allow(clippy::cast_possible_truncation)]` ...
    = help: for further information visit https://rust-lang.github.io/rust-clippy/rust-1.98.0/index.html#cast_possible_truncation
help: ... or use `try_from` and handle the error accordingly
    |
497 -         let (input, output) = (before.0 as usize, before.1 as usize);
497 +         let (input, output) = (usize::try_from(before.0), before.1 as usize);
    |

warning: casting `u64` to `usize` may truncate the value on targets with 32-bit wide pointers
   --> crates/rrrah-decode/src/aseprite.rs:497:51
    |
497 |         let (input, output) = (before.0 as usize, before.1 as usize);
    |                                                   ^^^^^^^^^^^^^^^^^
    |
    = help: if this is intentional allow the lint with `#[allow(clippy::cast_possible_truncation)]` ...
    = help: for further information visit https://rust-lang.github.io/rust-clippy/rust-1.98.0/index.html#cast_possible_truncation
help: ... or use `try_from` and handle the error accordingly
    |
497 -         let (input, output) = (before.0 as usize, before.1 as usize);
497 +         let (input, output) = (before.0 as usize, usize::try_from(before.1));
    |

warning: casting `u32` to `u8` may truncate the value
   --> crates/rrrah-decode/src/aseprite.rs:537:5
    |
537 |     ((t + (t >> 8)) >> 8) as u8
    |     ^^^^^^^^^^^^^^^^^^^^^^^^^^^
    |
    = help: if this is intentional allow the lint with `#[allow(clippy::cast_possible_truncation)]` ...
    = help: for further information visit https://rust-lang.github.io/rust-clippy/rust-1.98.0/index.html#cast_possible_truncation
help: ... or use `try_from` and handle the error accordingly
    |
537 -     ((t + (t >> 8)) >> 8) as u8
537 +     u8::try_from((t + (t >> 8)) >> 8)
    |

warning: this argument (4 byte) is passed by reference, but would be more efficient if passed by value (limit: 8 byte)
   --> crates/rrrah-decode/src/aseprite.rs:541:30
    |
541 | fn over(dst: &mut [u8], src: &[u8; 4], opacity: u8) {
    |                              ^^^^^^^^ help: consider passing by value instead: `[u8; 4]`
    |
    = help: for further information visit https://rust-lang.github.io/rust-clippy/rust-1.98.0/index.html#trivially_copy_pass_by_ref
    = note: `-W clippy::trivially-copy-pass-by-ref` implied by `-W clippy::pedantic`
    = help: to override `-W clippy::pedantic` add `#[allow(clippy::trivially_copy_pass_by_ref)]`

warning: casting `i32` to `u8` may truncate the value
   --> crates/rrrah-decode/src/aseprite.rs:553:18
    |
553 |           dst[c] = (i32::from(dst[c])
    |  __________________^
554 | |             + (i32::from(src[c]) - i32::from(dst[c])) * i32::from(alpha) / out_alpha as i32)
555 | |             as u8;
    | |_________________^
    |
    = help: if this is intentional allow the lint with `#[allow(clippy::cast_possible_truncation)]` ...
    = help: for further information visit https://rust-lang.github.io/rust-clippy/rust-1.98.0/index.html#cast_possible_truncation
help: ... or use `try_from` and handle the error accordingly
    |
553 -         dst[c] = (i32::from(dst[c])
554 -             + (i32::from(src[c]) - i32::from(dst[c])) * i32::from(alpha) / out_alpha as i32)
555 -             as u8;
553 +         dst[c] = u8::try_from(i32::from(dst[c]) + (i32::from(src[c]) - i32::from(dst[c])) * i32::from(alpha) / out_alpha as i32);
    |

warning: casting `i32` to `u8` may lose the sign of the value
   --> crates/rrrah-decode/src/aseprite.rs:553:18
    |
553 |           dst[c] = (i32::from(dst[c])
    |  __________________^
554 | |             + (i32::from(src[c]) - i32::from(dst[c])) * i32::from(alpha) / out_alpha as i32)
555 | |             as u8;
    | |_________________^
    |
    = help: for further information visit https://rust-lang.github.io/rust-clippy/rust-1.98.0/index.html#cast_sign_loss

warning: casting `u32` to `i32` may wrap around the value
   --> crates/rrrah-decode/src/aseprite.rs:554:76
    |
554 |             + (i32::from(src[c]) - i32::from(dst[c])) * i32::from(alpha) / out_alpha as i32)
    |                                                                            ^^^^^^^^^^^^^^^^ help: if this is intentional, use `cast_signed()` instead: `out_alpha.cast_signed()`
    |
    = help: for further information visit https://rust-lang.github.io/rust-clippy/rust-1.98.0/index.html#cast_possible_wrap

warning: casting `u32` to `u8` may truncate the value
   --> crates/rrrah-decode/src/aseprite.rs:557:14
    |
557 |     dst[3] = out_alpha as u8;
    |              ^^^^^^^^^^^^^^^
    |
    = help: if this is intentional allow the lint with `#[allow(clippy::cast_possible_truncation)]` ...
    = help: for further information visit https://rust-lang.github.io/rust-clippy/rust-1.98.0/index.html#cast_possible_truncation
help: ... or use `try_from` and handle the error accordingly
    |
557 -     dst[3] = out_alpha as u8;
557 +     dst[3] = u8::try_from(out_alpha);
    |

warning: casting `i32` to `usize` may lose the sign of the value
   --> crates/rrrah-decode/src/aseprite.rs:585:24
    |
585 |     let (left, top) = (cel.x.max(0) as usize, cel.y.max(0) as usize);
    |                        ^^^^^^^^^^^^^^^^^^^^^
    |
    = help: for further information visit https://rust-lang.github.io/rust-clippy/rust-1.98.0/index.html#cast_sign_loss

warning: casting `i32` to `usize` may lose the sign of the value
   --> crates/rrrah-decode/src/aseprite.rs:585:47
    |
585 |     let (left, top) = (cel.x.max(0) as usize, cel.y.max(0) as usize);
    |                                               ^^^^^^^^^^^^^^^^^^^^^
    |
    = help: for further information visit https://rust-lang.github.io/rust-clippy/rust-1.98.0/index.html#cast_sign_loss

warning: casting `i32` to `usize` may lose the sign of the value
   --> crates/rrrah-decode/src/aseprite.rs:587:9
    |
587 |         (cel.x + w as i32).max(0) as usize,
    |         ^^^^^^^^^^^^^^^^^^^^^^^^^^^^^^^^^^
    |
    = help: for further information visit https://rust-lang.github.io/rust-clippy/rust-1.98.0/index.html#cast_sign_loss

warning: casting `usize` to `i32` may truncate the value on targets with 64-bit wide pointers
   --> crates/rrrah-decode/src/aseprite.rs:587:18
    |
587 |         (cel.x + w as i32).max(0) as usize,
    |                  ^^^^^^^^
    |
    = help: if this is intentional allow the lint with `#[allow(clippy::cast_possible_truncation)]` ...
    = help: for further information visit https://rust-lang.github.io/rust-clippy/rust-1.98.0/index.html#cast_possible_truncation
help: ... or use `try_from` and handle the error accordingly
    |
587 -         (cel.x + w as i32).max(0) as usize,
587 +         (cel.x + i32::try_from(w)).max(0) as usize,
    |

warning: casting `usize` to `i32` may wrap around the value on targets with 32-bit wide pointers
   --> crates/rrrah-decode/src/aseprite.rs:587:18
    |
587 |         (cel.x + w as i32).max(0) as usize,
    |                  ^^^^^^^^
    |
    = help: for further information visit https://rust-lang.github.io/rust-clippy/rust-1.98.0/index.html#cast_possible_wrap

warning: casting `i32` to `usize` may lose the sign of the value
   --> crates/rrrah-decode/src/aseprite.rs:588:9
    |
588 |         (cel.y + h as i32).max(0) as usize,
    |         ^^^^^^^^^^^^^^^^^^^^^^^^^^^^^^^^^^
    |
    = help: for further information visit https://rust-lang.github.io/rust-clippy/rust-1.98.0/index.html#cast_sign_loss

warning: casting `usize` to `i32` may truncate the value on targets with 64-bit wide pointers
   --> crates/rrrah-decode/src/aseprite.rs:588:18
    |
588 |         (cel.y + h as i32).max(0) as usize,
    |                  ^^^^^^^^
    |
    = help: if this is intentional allow the lint with `#[allow(clippy::cast_possible_truncation)]` ...
    = help: for further information visit https://rust-lang.github.io/rust-clippy/rust-1.98.0/index.html#cast_possible_truncation
help: ... or use `try_from` and handle the error accordingly
    |
588 -         (cel.y + h as i32).max(0) as usize,
588 +         (cel.y + i32::try_from(h)).max(0) as usize,
    |

warning: casting `usize` to `i32` may wrap around the value on targets with 32-bit wide pointers
   --> crates/rrrah-decode/src/aseprite.rs:588:18
    |
588 |         (cel.y + h as i32).max(0) as usize,
    |                  ^^^^^^^^
    |
    = help: for further information visit https://rust-lang.github.io/rust-clippy/rust-1.98.0/index.html#cast_possible_wrap

warning: casting `i32` to `usize` may lose the sign of the value
   --> crates/rrrah-decode/src/aseprite.rs:607:22
    |
607 |             let i = ((y as i32 - cel.y) as usize * w + (x as i32 - cel.x) as usize) * inv.depth;
    |                      ^^^^^^^^^^^^^^^^^^^^^^^^^^^
    |
    = help: for further information visit https://rust-lang.github.io/rust-clippy/rust-1.98.0/index.html#cast_sign_loss

warning: casting `usize` to `i32` may truncate the value on targets with 64-bit wide pointers
   --> crates/rrrah-decode/src/aseprite.rs:607:23
    |
607 |             let i = ((y as i32 - cel.y) as usize * w + (x as i32 - cel.x) as usize) * inv.depth;
    |                       ^^^^^^^^
    |
    = help: if this is intentional allow the lint with `#[allow(clippy::cast_possible_truncation)]` ...
    = help: for further information visit https://rust-lang.github.io/rust-clippy/rust-1.98.0/index.html#cast_possible_truncation
help: ... or use `try_from` and handle the error accordingly
    |
607 -             let i = ((y as i32 - cel.y) as usize * w + (x as i32 - cel.x) as usize) * inv.depth;
607 +             let i = ((i32::try_from(y) - cel.y) as usize * w + (x as i32 - cel.x) as usize) * inv.depth;
    |

warning: casting `usize` to `i32` may wrap around the value on targets with 32-bit wide pointers
   --> crates/rrrah-decode/src/aseprite.rs:607:23
    |
607 |             let i = ((y as i32 - cel.y) as usize * w + (x as i32 - cel.x) as usize) * inv.depth;
    |                       ^^^^^^^^
    |
    = help: for further information visit https://rust-lang.github.io/rust-clippy/rust-1.98.0/index.html#cast_possible_wrap

warning: casting `i32` to `usize` may lose the sign of the value
   --> crates/rrrah-decode/src/aseprite.rs:607:56
    |
607 |             let i = ((y as i32 - cel.y) as usize * w + (x as i32 - cel.x) as usize) * inv.depth;
    |                                                        ^^^^^^^^^^^^^^^^^^^^^^^^^^^
    |
    = help: for further information visit https://rust-lang.github.io/rust-clippy/rust-1.98.0/index.html#cast_sign_loss

warning: casting `usize` to `i32` may truncate the value on targets with 64-bit wide pointers
   --> crates/rrrah-decode/src/aseprite.rs:607:57
    |
607 |             let i = ((y as i32 - cel.y) as usize * w + (x as i32 - cel.x) as usize) * inv.depth;
    |                                                         ^^^^^^^^
    |
    = help: if this is intentional allow the lint with `#[allow(clippy::cast_possible_truncation)]` ...
    = help: for further information visit https://rust-lang.github.io/rust-clippy/rust-1.98.0/index.html#cast_possible_truncation
help: ... or use `try_from` and handle the error accordingly
    |
607 -             let i = ((y as i32 - cel.y) as usize * w + (x as i32 - cel.x) as usize) * inv.depth;
607 +             let i = ((y as i32 - cel.y) as usize * w + (i32::try_from(x) - cel.x) as usize) * inv.depth;
    |

warning: casting `usize` to `i32` may wrap around the value on targets with 32-bit wide pointers
   --> crates/rrrah-decode/src/aseprite.rs:607:57
    |
607 |             let i = ((y as i32 - cel.y) as usize * w + (x as i32 - cel.x) as usize) * inv.depth;
    |                                                         ^^^^^^^^
    |
    = help: for further information visit https://rust-lang.github.io/rust-clippy/rust-1.98.0/index.html#cast_possible_wrap

warning: casting `usize` to `i32` may truncate the value on targets with 64-bit wide pointers
   --> crates/rrrah-decode/src/aseprite.rs:647:10
    |
647 |         (index as i32 + z, z)
    |          ^^^^^^^^^^^^
    |
    = help: if this is intentional allow the lint with `#[allow(clippy::cast_possible_truncation)]` ...
    = help: for further information visit https://rust-lang.github.io/rust-clippy/rust-1.98.0/index.html#cast_possible_truncation
help: ... or use `try_from` and handle the error accordingly
    |
647 -         (index as i32 + z, z)
647 +         (i32::try_from(index) + z, z)
    |

warning: casting `usize` to `i32` may wrap around the value on targets with 32-bit wide pointers
   --> crates/rrrah-decode/src/aseprite.rs:647:10
    |
647 |         (index as i32 + z, z)
    |          ^^^^^^^^^^^^
    |
    = help: for further information visit https://rust-lang.github.io/rust-clippy/rust-1.98.0/index.html#cast_possible_wrap

warning: using `chunks_exact_mut` with a constant chunk size
   --> crates/rrrah-decode/src/aseprite.rs:665:44
    |
665 |                 for (n, (dst, src)) in out.chunks_exact_mut(4).zip(group.chunks_exact(4)).enumerate() {
    |                                            ^^^^^^^^^^^^^^^^^^^ help: consider using `as_chunks` instead: `as_chunks_mut::<4>().0.iter()`
    |
    = help: for further information visit https://rust-lang.github.io/rust-clippy/rust-1.98.0/index.html#chunks_exact_to_as_chunks

warning: using `chunks_exact` with a constant chunk size
   --> crates/rrrah-decode/src/aseprite.rs:665:74
    |
665 |                 for (n, (dst, src)) in out.chunks_exact_mut(4).zip(group.chunks_exact(4)).enumerate() {
    |                                                                          ^^^^^^^^^^^^^^^
    |
help: consider using `as_chunks::<4>()` instead
   --> crates/rrrah-decode/src/aseprite.rs:665:74
    |
665 |                 for (n, (dst, src)) in out.chunks_exact_mut(4).zip(group.chunks_exact(4)).enumerate() {
    |                                                                          ^^^^^^^^^^^^^^^
    = help: for further information visit https://rust-lang.github.io/rust-clippy/rust-1.98.0/index.html#chunks_exact_to_as_chunks

warning: this `if` statement can be collapsed
   --> crates/rrrah-decode/src/aseprite.rs:675:16
    |
675 |           } else if let Some(&cel) = inv.cels[request.image_index].get(&index) {
    |  ________________^
676 | |             if render_cel(out, index, cel, inv, request, *empty)? {
677 | |                 *empty = false;
678 | |             }
679 | |         }
    | |_________^
    |
    = help: for further information visit https://rust-lang.github.io/rust-clippy/rust-1.98.0/index.html#collapsible_if
help: collapse nested if block
    |
675 ~         } else if let Some(&cel) = inv.cels[request.image_index].get(&index)
676 ~             && render_cel(out, index, cel, inv, request, *empty)? {
677 |                 *empty = false;
678 ~             }
    |

warning: casting `usize` to `u32` may truncate the value on targets with 64-bit wide pointers
   --> crates/rrrah-decode/src/aseprite.rs:693:13
    |
693 |             inv.w as u32,
    |             ^^^^^^^^^^^^
    |
    = help: if this is intentional allow the lint with `#[allow(clippy::cast_possible_truncation)]` ...
    = help: for further information visit https://rust-lang.github.io/rust-clippy/rust-1.98.0/index.html#cast_possible_truncation
help: ... or use `try_from` and handle the error accordingly
    |
693 -             inv.w as u32,
693 +             u32::try_from(inv.w),
    |

warning: casting `usize` to `u32` may truncate the value on targets with 64-bit wide pointers
   --> crates/rrrah-decode/src/aseprite.rs:694:13
    |
694 |             inv.h as u32,
    |             ^^^^^^^^^^^^
    |
    = help: if this is intentional allow the lint with `#[allow(clippy::cast_possible_truncation)]` ...
    = help: for further information visit https://rust-lang.github.io/rust-clippy/rust-1.98.0/index.html#cast_possible_truncation
help: ... or use `try_from` and handle the error accordingly
    |
694 -             inv.h as u32,
694 +             u32::try_from(inv.h),
    |

warning: item in documentation is missing backticks
 --> crates/rrrah-decode/src/jpegls.rs:1:13
  |
1 | //! Bounded CharLS decoding with retained sample precision and explicit layout.
  |             ^^^^^^
  |
  = help: for further information visit https://rust-lang.github.io/rust-clippy/rust-1.98.0/index.html#doc_markdown
help: try
  |
1 - //! Bounded CharLS decoding with retained sample precision and explicit layout.
1 + //! Bounded `CharLS` decoding with retained sample precision and explicit layout.
  |

warning: manual implementation of `.is_multiple_of()`
  --> crates/rrrah-decode/src/jpegls.rs:33:20
   |
33 |                 if at % 65536 == 0 {
   |                    ^^^^^^^^^^^^^^^ help: replace with: `at.is_multiple_of(65536)`
   |
   = help: for further information visit https://rust-lang.github.io/rust-clippy/rust-1.98.0/index.html#manual_is_multiple_of

warning: this function has too many lines (189/100)
   --> crates/rrrah-decode/src/jpegls.rs:124:1
    |
124 | pub(crate) fn decode(b: &[u8], request: &DecodeRequest) -> Result<JpegLsImage, RasterDecodeError> {
    | ^^^^^^^^^^^^^^^^^^^^^^^^^^^^^^^^^^^^^^^^^^^^^^^^^^^^^^^^^^^^^^^^^^^^^^^^^^^^^^^^^^^^^^^^^^^^^^^^^
    |
    = help: for further information visit https://rust-lang.github.io/rust-clippy/rust-1.98.0/index.html#too_many_lines

warning: casting `i32` to `u8` may truncate the value
   --> crates/rrrah-decode/src/jpegls.rs:150:16
    |
150 |     let bits = info.bits_per_sample as u8;
    |                ^^^^^^^^^^^^^^^^^^^^^^^^^^
    |
    = help: if this is intentional allow the lint with `#[allow(clippy::cast_possible_truncation)]` ...
    = help: for further information visit https://rust-lang.github.io/rust-clippy/rust-1.98.0/index.html#cast_possible_truncation
help: ... or use `try_from` and handle the error accordingly
    |
150 -     let bits = info.bits_per_sample as u8;
150 +     let bits = u8::try_from(info.bits_per_sample);
    |

warning: casting `i32` to `u8` may lose the sign of the value
   --> crates/rrrah-decode/src/jpegls.rs:150:16
    |
150 |     let bits = info.bits_per_sample as u8;
    |                ^^^^^^^^^^^^^^^^^^^^^^^^^^
    |
    = help: for further information visit https://rust-lang.github.io/rust-clippy/rust-1.98.0/index.html#cast_sign_loss

warning: casting `i32` to `u8` may truncate the value
   --> crates/rrrah-decode/src/jpegls.rs:172:31
    |
172 |                 || data[9] != info.component_count as u8
    |                               ^^^^^^^^^^^^^^^^^^^^^^^^^^
    |
    = help: if this is intentional allow the lint with `#[allow(clippy::cast_possible_truncation)]` ...
    = help: for further information visit https://rust-lang.github.io/rust-clippy/rust-1.98.0/index.html#cast_possible_truncation
help: ... or use `try_from` and handle the error accordingly
    |
172 -                 || data[9] != info.component_count as u8
172 +                 || data[9] != u8::try_from(info.component_count)
    |

warning: casting `i32` to `u8` may lose the sign of the value
   --> crates/rrrah-decode/src/jpegls.rs:172:31
    |
172 |                 || data[9] != info.component_count as u8
    |                               ^^^^^^^^^^^^^^^^^^^^^^^^^^
    |
    = help: for further information visit https://rust-lang.github.io/rust-clippy/rust-1.98.0/index.html#cast_sign_loss

warning: casting `i32` to `usize` may lose the sign of the value
   --> crates/rrrah-decode/src/jpegls.rs:216:52
    |
216 |     if sof.len() != 1 || sof[0].1.len() != 6 + 3 * info.component_count as usize {
    |                                                    ^^^^^^^^^^^^^^^^^^^^^^^^^^^^^
    |
    = help: for further information visit https://rust-lang.github.io/rust-clippy/rust-1.98.0/index.html#cast_sign_loss

warning: using `chunks_exact` with a constant chunk size
   --> crates/rrrah-decode/src/jpegls.rs:219:37
    |
219 |     let ids: Vec<_> = sof[0].1[6..].chunks_exact(3).map(|v| v[0]).collect();
    |                                     ^^^^^^^^^^^^^^^ help: consider using `as_chunks` instead: `as_chunks::<3>().0.iter()`
    |
    = help: for further information visit https://rust-lang.github.io/rust-clippy/rust-1.98.0/index.html#chunks_exact_to_as_chunks

warning: casting `i32` to `usize` may lose the sign of the value
   --> crates/rrrah-decode/src/jpegls.rs:232:17
    |
232 |                 info.component_count as usize
    |                 ^^^^^^^^^^^^^^^^^^^^^^^^^^^^^
    |
    = help: for further information visit https://rust-lang.github.io/rust-clippy/rust-1.98.0/index.html#cast_sign_loss

warning: using `chunks_exact` with a constant chunk size
   --> crates/rrrah-decode/src/jpegls.rs:249:52
    |
249 |         let selectors: Vec<_> = data[1..1 + 2 * n].chunks_exact(2).map(|v| v[0]).collect();
    |                                                    ^^^^^^^^^^^^^^^ help: consider using `as_chunks` instead: `as_chunks::<2>().0.iter()`
    |
    = help: for further information visit https://rust-lang.github.io/rust-clippy/rust-1.98.0/index.html#chunks_exact_to_as_chunks

warning: an inclusive range would be more readable
   --> crates/rrrah-decode/src/jpegls.rs:249:38
    |
249 |         let selectors: Vec<_> = data[1..1 + 2 * n].chunks_exact(2).map(|v| v[0]).collect();
    |                                      ^^^^^^^^^^^^ help: use: `1..=(2 * n)`
    |
    = help: for further information visit https://rust-lang.github.io/rust-clippy/rust-1.98.0/index.html#range_plus_one
    = note: `-W clippy::range-plus-one` implied by `-W clippy::pedantic`
    = help: to override `-W clippy::pedantic` add `#[allow(clippy::range_plus_one)]`

warning: casting `i32` to `usize` may lose the sign of the value
   --> crates/rrrah-decode/src/jpegls.rs:258:22
    |
258 |     let components = info.component_count as usize;
    |                      ^^^^^^^^^^^^^^^^^^^^^^^^^^^^^
    |
    = help: for further information visit https://rust-lang.github.io/rust-clippy/rust-1.98.0/index.html#cast_sign_loss

warning: casting `u64` to `usize` may truncate the value on targets with 32-bit wide pointers
   --> crates/rrrah-decode/src/jpegls.rs:259:18
    |
259 |     let pixels = pixels as usize;
    |                  ^^^^^^^^^^^^^^^
    |
    = help: if this is intentional allow the lint with `#[allow(clippy::cast_possible_truncation)]` ...
    = help: for further information visit https://rust-lang.github.io/rust-clippy/rust-1.98.0/index.html#cast_possible_truncation
help: ... or use `try_from` and handle the error accordingly
    |
259 -     let pixels = pixels as usize;
259 +     let pixels = usize::try_from(pixels);
    |

warning: casting `u32` to `u8` may truncate the value
   --> crates/rrrah-decode/src/jpegls.rs:288:26
    |
288 |                 out.push(((v * 255 + max / 2) / max) as u8);
    |                          ^^^^^^^^^^^^^^^^^^^^^^^^^^^^^^^^^
    |
    = help: if this is intentional allow the lint with `#[allow(clippy::cast_possible_truncation)]` ...
    = help: for further information visit https://rust-lang.github.io/rust-clippy/rust-1.98.0/index.html#cast_possible_truncation
help: ... or use `try_from` and handle the error accordingly
    |
288 -                 out.push(((v * 255 + max / 2) / max) as u8);
288 +                 out.push(u8::try_from((v * 255 + max / 2) / max));
    |

warning: casting `u32` to `u16` may truncate the value
   --> crates/rrrah-decode/src/jpegls.rs:301:26
    |
301 |                 out.push(((v * 65535 + max / 2) / max) as u16);
    |                          ^^^^^^^^^^^^^^^^^^^^^^^^^^^^^^^^^^^^
    |
    = help: if this is intentional allow the lint with `#[allow(clippy::cast_possible_truncation)]` ...
    = help: for further information visit https://rust-lang.github.io/rust-clippy/rust-1.98.0/index.html#cast_possible_truncation
help: ... or use `try_from` and handle the error accordingly
    |
301 -                 out.push(((v * 65535 + max / 2) / max) as u16);
301 +                 out.push(u16::try_from((v * 65535 + max / 2) / max));
    |

warning: casting `u32` to `u16` may truncate the value
   --> crates/rrrah-decode/src/jpegls.rs:310:31
    |
310 |         maximum_sample_value: max as u16,
    |                               ^^^^^^^^^^
    |
    = help: if this is intentional allow the lint with `#[allow(clippy::cast_possible_truncation)]` ...
    = help: for further information visit https://rust-lang.github.io/rust-clippy/rust-1.98.0/index.html#cast_possible_truncation
help: ... or use `try_from` and handle the error accordingly
    |
310 -         maximum_sample_value: max as u16,
310 +         maximum_sample_value: u16::try_from(max),
    |

warning: this function has too many lines (309/100)
  --> crates/rrrah-decode/src/jpegxr.rs:47:1
   |
47 | fn layout(guid: &[u8]) -> Result<Layout, RasterDecodeError> {
   | ^^^^^^^^^^^^^^^^^^^^^^^^^^^^^^^^^^^^^^^^^^^^^^^^^^^^^^^^^^^
   |
   = help: for further information visit https://rust-lang.github.io/rust-clippy/rust-1.98.0/index.html#too_many_lines

warning: this function has too many lines (135/100)
   --> crates/rrrah-decode/src/jpegxr.rs:420:1
    |
420 | fn metadata(b: &[u8], request: &DecodeRequest) -> Result<Metadata, RasterDecodeError> {
    | ^^^^^^^^^^^^^^^^^^^^^^^^^^^^^^^^^^^^^^^^^^^^^^^^^^^^^^^^^^^^^^^^^^^^^^^^^^^^^^^^^^^^^
    |
    = help: for further information visit https://rust-lang.github.io/rust-clippy/rust-1.98.0/index.html#too_many_lines

warning: using `chunks_exact` with a constant chunk size
   --> crates/rrrah-decode/src/jpegxr.rs:441:42
    |
441 |     for (index, e) in b[at + 2..end - 4].chunks_exact(12).enumerate() {
    |                                          ^^^^^^^^^^^^^^^^ help: consider using `as_chunks` instead: `as_chunks::<12>().0.iter()`
    |
    = help: for further information visit https://rust-lang.github.io/rust-clippy/rust-1.98.0/index.html#chunks_exact_to_as_chunks

warning: casting `u64` to `usize` may truncate the value on targets with 32-bit wide pointers
   --> crates/rrrah-decode/src/jpegxr.rs:564:21
    |
564 |         let start = self.inner.position() as usize;
    |                     ^^^^^^^^^^^^^^^^^^^^^^^^^^^^^^
    |
    = help: if this is intentional allow the lint with `#[allow(clippy::cast_possible_truncation)]` ...
    = help: for further information visit https://rust-lang.github.io/rust-clippy/rust-1.98.0/index.html#cast_possible_truncation
help: ... or use `try_from` and handle the error accordingly
    |
564 -         let start = self.inner.position() as usize;
564 +         let start = usize::try_from(self.inner.position());
    |

warning: casting `usize` to `u32` may truncate the value on targets with 64-bit wide pointers
   --> crates/rrrah-decode/src/jpegxr.rs:649:24
    |
649 |         (0xbcc1, 4, 1, (end - start) as u32),
    |                        ^^^^^^^^^^^^^^^^^^^^
    |
    = help: if this is intentional allow the lint with `#[allow(clippy::cast_possible_truncation)]` ...
    = help: for further information visit https://rust-lang.github.io/rust-clippy/rust-1.98.0/index.html#cast_possible_truncation
help: ... or use `try_from` and handle the error accordingly
    |
649 -         (0xbcc1, 4, 1, (end - start) as u32),
649 +         (0xbcc1, 4, 1, u32::try_from(end - start)),
    |

warning: casting `u32` to `i32` may wrap around the value
   --> crates/rrrah-decode/src/jpegxr.rs:663:32
    |
663 |     if decoder.get_size()? != (m.w as i32, m.h as i32) || decoder.get_pixel_format()? != layout(&guid)?.format
    |                                ^^^^^^^^^^ help: if this is intentional, use `cast_signed()` instead: `m.w.cast_signed()`
    |
    = help: for further information visit https://rust-lang.github.io/rust-clippy/rust-1.98.0/index.html#cast_possible_wrap

warning: casting `u32` to `i32` may wrap around the value
   --> crates/rrrah-decode/src/jpegxr.rs:663:44
    |
663 |     if decoder.get_size()? != (m.w as i32, m.h as i32) || decoder.get_pixel_format()? != layout(&guid)?.format
    |                                            ^^^^^^^^^^ help: if this is intentional, use `cast_signed()` instead: `m.h.cast_signed()`
    |
    = help: for further information visit https://rust-lang.github.io/rust-clippy/rust-1.98.0/index.html#cast_possible_wrap

warning: this function has too many lines (133/100)
   --> crates/rrrah-decode/src/jpegxr.rs:698:1
    |
698 | pub(crate) fn decode(b: &[u8], request: &DecodeRequest) -> Result<DecodedRaster, RasterDecodeError> {
    | ^^^^^^^^^^^^^^^^^^^^^^^^^^^^^^^^^^^^^^^^^^^^^^^^^^^^^^^^^^^^^^^^^^^^^^^^^^^^^^^^^^^^^^^^^^^^^^^^^^^
    |
    = help: for further information visit https://rust-lang.github.io/rust-clippy/rust-1.98.0/index.html#too_many_lines

warning: casting `u32` to `i32` may wrap around the value
   --> crates/rrrah-decode/src/jpegxr.rs:722:19
    |
722 |     if (w, h) != (metadata.w as i32, metadata.h as i32) {
    |                   ^^^^^^^^^^^^^^^^^ help: if this is intentional, use `cast_signed()` instead: `metadata.w.cast_signed()`
    |
    = help: for further information visit https://rust-lang.github.io/rust-clippy/rust-1.98.0/index.html#cast_possible_wrap

warning: casting `u32` to `i32` may wrap around the value
   --> crates/rrrah-decode/src/jpegxr.rs:722:38
    |
722 |     if (w, h) != (metadata.w as i32, metadata.h as i32) {
    |                                      ^^^^^^^^^^^^^^^^^ help: if this is intentional, use `cast_signed()` instead: `metadata.h.cast_signed()`
    |
    = help: for further information visit https://rust-lang.github.io/rust-clippy/rust-1.98.0/index.html#cast_possible_wrap

warning: casting `i32` to `usize` may lose the sign of the value
   --> crates/rrrah-decode/src/jpegxr.rs:725:18
    |
725 |     let pixels = w as usize * h as usize;
    |                  ^^^^^^^^^^
    |
    = help: for further information visit https://rust-lang.github.io/rust-clippy/rust-1.98.0/index.html#cast_sign_loss

warning: casting `i32` to `usize` may lose the sign of the value
   --> crates/rrrah-decode/src/jpegxr.rs:725:31
    |
725 |     let pixels = w as usize * h as usize;
    |                               ^^^^^^^^^^
    |
    = help: for further information visit https://rust-lang.github.io/rust-clippy/rust-1.98.0/index.html#cast_sign_loss

warning: casting `i32` to `usize` may lose the sign of the value
   --> crates/rrrah-decode/src/jpegxr.rs:726:18
    |
726 |     let stride = w as usize * layout.bytes;
    |                  ^^^^^^^^^^
    |
    = help: for further information visit https://rust-lang.github.io/rust-clippy/rust-1.98.0/index.html#cast_sign_loss

warning: casting `i32` to `usize` may lose the sign of the value
   --> crates/rrrah-decode/src/jpegxr.rs:827:41
    |
827 |             Arc::new(orient(rgba_float, w as usize, h as usize, metadata.orientation)).into(),
    |                                         ^^^^^^^^^^
    |
    = help: for further information visit https://rust-lang.github.io/rust-clippy/rust-1.98.0/index.html#cast_sign_loss

warning: casting `i32` to `usize` may lose the sign of the value
   --> crates/rrrah-decode/src/jpegxr.rs:827:53
    |
827 |             Arc::new(orient(rgba_float, w as usize, h as usize, metadata.orientation)).into(),
    |                                                     ^^^^^^^^^^
    |
    = help: for further information visit https://rust-lang.github.io/rust-clippy/rust-1.98.0/index.html#cast_sign_loss

warning: casting `i32` to `usize` may lose the sign of the value
   --> crates/rrrah-decode/src/jpegxr.rs:830:52
    |
830 |         RasterPixels::Rgba8(Arc::new(orient(rgba8, w as usize, h as usize, metadata.orientation)).into())
    |                                                    ^^^^^^^^^^
    |
    = help: for further information visit https://rust-lang.github.io/rust-clippy/rust-1.98.0/index.html#cast_sign_loss

warning: casting `i32` to `usize` may lose the sign of the value
   --> crates/rrrah-decode/src/jpegxr.rs:830:64
    |
830 |         RasterPixels::Rgba8(Arc::new(orient(rgba8, w as usize, h as usize, metadata.orientation)).into())
    |                                                                ^^^^^^^^^^
    |
    = help: for further information visit https://rust-lang.github.io/rust-clippy/rust-1.98.0/index.html#cast_sign_loss

warning: casting `i32` to `usize` may lose the sign of the value
   --> crates/rrrah-decode/src/jpegxr.rs:832:54
    |
832 |         RasterPixels::Rgba16(Arc::new(orient(rgba16, w as usize, h as usize, metadata.orientation)).into())
    |                                                      ^^^^^^^^^^
    |
    = help: for further information visit https://rust-lang.github.io/rust-clippy/rust-1.98.0/index.html#cast_sign_loss

warning: casting `i32` to `usize` may lose the sign of the value
   --> crates/rrrah-decode/src/jpegxr.rs:832:66
    |
832 |         RasterPixels::Rgba16(Arc::new(orient(rgba16, w as usize, h as usize, metadata.orientation)).into())
    |                                                                  ^^^^^^^^^^
    |
    = help: for further information visit https://rust-lang.github.io/rust-clippy/rust-1.98.0/index.html#cast_sign_loss

warning: casting `usize` to `u32` may truncate the value on targets with 64-bit wide pointers
  --> crates/rrrah-decode/src/jng.rs:23:28
   |
23 |     out.extend_from_slice(&(data.len() as u32).to_be_bytes());
   |                            ^^^^^^^^^^^^^^^^^^^
   |
   = help: if this is intentional allow the lint with `#[allow(clippy::cast_possible_truncation)]` ...
   = help: for further information visit https://rust-lang.github.io/rust-clippy/rust-1.98.0/index.html#cast_possible_truncation
help: ... or use `try_from` and handle the error accordingly
   |
23 -     out.extend_from_slice(&(data.len() as u32).to_be_bytes());
23 +     out.extend_from_slice(&u32::try_from(data.len()).to_be_bytes());
   |

warning: this OR pattern can be rewritten using a range
  --> crates/rrrah-decode/src/jng.rs:68:29
   |
68 |         if matches!(marker, 0xc0 | 0xc1 | 0xc2) {
   |                             ^^^^^^^^^^^^^^^^^^ help: try: `0xc0..=0xc2`
   |
   = help: for further information visit https://rust-lang.github.io/rust-clippy/rust-1.98.0/index.html#manual_range_patterns

warning: this function has too many lines (199/100)
  --> crates/rrrah-decode/src/jng.rs:83:1
   |
83 | pub(crate) fn decode(b: &[u8], request: &DecodeRequest) -> Result<DecodedRaster, RasterDecodeError> {
   | ^^^^^^^^^^^^^^^^^^^^^^^^^^^^^^^^^^^^^^^^^^^^^^^^^^^^^^^^^^^^^^^^^^^^^^^^^^^^^^^^^^^^^^^^^^^^^^^^^^^
   |
   = help: for further information visit https://rust-lang.github.io/rust-clippy/rust-1.98.0/index.html#too_many_lines

warning: using `chunks_exact` with a constant chunk size
   --> crates/rrrah-decode/src/jng.rs:259:34
    |
259 |         for (i, (rgb, a)) in rgb.chunks_exact(3).zip(a).enumerate() {
    |                                  ^^^^^^^^^^^^^^^ help: consider using `as_chunks` instead: `as_chunks::<3>().0.iter()`
    |
    = help: for further information visit https://rust-lang.github.io/rust-clippy/rust-1.98.0/index.html#chunks_exact_to_as_chunks

warning: using `chunks_exact` with a constant chunk size
   --> crates/rrrah-decode/src/jng.rs:274:29
    |
274 |         for (i, rgb) in rgb.chunks_exact(3).enumerate() {
    |                             ^^^^^^^^^^^^^^^ help: consider using `as_chunks` instead: `as_chunks::<3>().0.iter()`
    |
    = help: for further information visit https://rust-lang.github.io/rust-clippy/rust-1.98.0/index.html#chunks_exact_to_as_chunks

warning: very complex type used. Consider factoring parts into `type` definitions
  --> crates/rrrah-decode/src/webp_animation.rs:27:56
   |
27 | fn chunks<'a>(b: &'a [u8], request: &DecodeRequest) -> Result<Vec<(&'a [u8], &'a [u8])>, RasterDecodeError> {
   |                                                        ^^^^^^^^^^^^^^^^^^^^^^^^^^^^^^^^^^^^^^^^^^^^^^^^^^^^
   |
   = help: for further information visit https://rust-lang.github.io/rust-clippy/rust-1.98.0/index.html#type_complexity
   = note: `-W clippy::type-complexity` implied by `-W clippy::all`
   = help: to override `-W clippy::all` add `#[allow(clippy::type_complexity)]`

warning: this function has too many lines (170/100)
  --> crates/rrrah-decode/src/webp_animation.rs:68:1
   |
68 | pub(crate) fn decode(b: &[u8], request: &DecodeRequest) -> Result<WebpImage, RasterDecodeError> {
   | ^^^^^^^^^^^^^^^^^^^^^^^^^^^^^^^^^^^^^^^^^^^^^^^^^^^^^^^^^^^^^^^^^^^^^^^^^^^^^^^^^^^^^^^^^^^^^^^
   |
   = help: for further information visit https://rust-lang.github.io/rust-clippy/rust-1.98.0/index.html#too_many_lines

warning: casting `usize` to `u32` may truncate the value on targets with 64-bit wide pointers
   --> crates/rrrah-decode/src/webp_animation.rs:182:39
    |
182 |         standalone.extend_from_slice(&((f.data.len() + 22) as u32).to_le_bytes());
    |                                       ^^^^^^^^^^^^^^^^^^^^^^^^^^^^
    |
    = help: if this is intentional allow the lint with `#[allow(clippy::cast_possible_truncation)]` ...
    = help: for further information visit https://rust-lang.github.io/rust-clippy/rust-1.98.0/index.html#cast_possible_truncation
help: ... or use `try_from` and handle the error accordingly
    |
182 -         standalone.extend_from_slice(&((f.data.len() + 22) as u32).to_le_bytes());
182 +         standalone.extend_from_slice(&u32::try_from(f.data.len() + 22).to_le_bytes());
    |

warning: using `chunks_exact_mut` with a constant chunk size
   --> crates/rrrah-decode/src/webp_animation.rs:222:60
    |
222 |                 for p in canvas[at..at + f.w as usize * 4].chunks_exact_mut(4) {
    |                                                            ^^^^^^^^^^^^^^^^^^^ help: consider using `as_chunks` instead: `as_chunks_mut::<4>().0`
    |
    = help: for further information visit https://rust-lang.github.io/rust-clippy/rust-1.98.0/index.html#chunks_exact_to_as_chunks

warning: casts from `u16` to `u32` can be expressed infallibly using `From`
  --> crates/rrrah-decode/src/gif_animation.rs:61:21
   |
61 |     let (w, hgt) = (word(&h[..2]) as u32, word(&h[2..4]) as u32);
   |                     ^^^^^^^^^^^^^^^^^^^^
   |
   = help: an `as` cast can become silently lossy if the types change in the future
   = help: for further information visit https://rust-lang.github.io/rust-clippy/rust-1.98.0/index.html#cast_lossless
help: use `u32::from` instead
   |
61 -     let (w, hgt) = (word(&h[..2]) as u32, word(&h[2..4]) as u32);
61 +     let (w, hgt) = (u32::from(word(&h[..2])), word(&h[2..4]) as u32);
   |

warning: casts from `u16` to `u32` can be expressed infallibly using `From`
  --> crates/rrrah-decode/src/gif_animation.rs:61:43
   |
61 |     let (w, hgt) = (word(&h[..2]) as u32, word(&h[2..4]) as u32);
   |                                           ^^^^^^^^^^^^^^^^^^^^^
   |
   = help: an `as` cast can become silently lossy if the types change in the future
   = help: for further information visit https://rust-lang.github.io/rust-clippy/rust-1.98.0/index.html#cast_lossless
help: use `u32::from` instead
   |
61 -     let (w, hgt) = (word(&h[..2]) as u32, word(&h[2..4]) as u32);
61 +     let (w, hgt) = (word(&h[..2]) as u32, u32::from(word(&h[2..4])));
   |

warning: casts from `u16` to `u32` can be expressed infallibly using `From`
  --> crates/rrrah-decode/src/gif_animation.rs:84:21
   |
84 |                     word(&d[..2]) as u32,
   |                     ^^^^^^^^^^^^^^^^^^^^
   |
   = help: an `as` cast can become silently lossy if the types change in the future
   = help: for further information visit https://rust-lang.github.io/rust-clippy/rust-1.98.0/index.html#cast_lossless
help: use `u32::from` instead
   |
84 -                     word(&d[..2]) as u32,
84 +                     u32::from(word(&d[..2])),
   |

warning: casts from `u16` to `u32` can be expressed infallibly using `From`
  --> crates/rrrah-decode/src/gif_animation.rs:85:21
   |
85 |                     word(&d[2..4]) as u32,
   |                     ^^^^^^^^^^^^^^^^^^^^^
   |
   = help: an `as` cast can become silently lossy if the types change in the future
   = help: for further information visit https://rust-lang.github.io/rust-clippy/rust-1.98.0/index.html#cast_lossless
help: use `u32::from` instead
   |
85 -                     word(&d[2..4]) as u32,
85 +                     u32::from(word(&d[2..4])),
   |

warning: casts from `u16` to `u32` can be expressed infallibly using `From`
  --> crates/rrrah-decode/src/gif_animation.rs:86:21
   |
86 |                     word(&d[4..6]) as u32,
   |                     ^^^^^^^^^^^^^^^^^^^^^
   |
   = help: an `as` cast can become silently lossy if the types change in the future
   = help: for further information visit https://rust-lang.github.io/rust-clippy/rust-1.98.0/index.html#cast_lossless
help: use `u32::from` instead
   |
86 -                     word(&d[4..6]) as u32,
86 +                     u32::from(word(&d[4..6])),
   |

warning: casts from `u16` to `u32` can be expressed infallibly using `From`
  --> crates/rrrah-decode/src/gif_animation.rs:87:21
   |
87 |                     word(&d[6..8]) as u32,
   |                     ^^^^^^^^^^^^^^^^^^^^^
   |
   = help: an `as` cast can become silently lossy if the types change in the future
   = help: for further information visit https://rust-lang.github.io/rust-clippy/rust-1.98.0/index.html#cast_lossless
help: use `u32::from` instead
   |
87 -                     word(&d[6..8]) as u32,
87 +                     u32::from(word(&d[6..8])),
   |

warning: this function has too many lines (103/100)
  --> crates/rrrah-decode/src/basis.rs:11:1
   |
11 | pub(crate) fn decode(bytes: &[u8], request: &DecodeRequest) -> Result<DecodedRaster, RasterDecodeError> {
   | ^^^^^^^^^^^^^^^^^^^^^^^^^^^^^^^^^^^^^^^^^^^^^^^^^^^^^^^^^^^^^^^^^^^^^^^^^^^^^^^^^^^^^^^^^^^^^^^^^^^^^^^
   |
   = help: for further information visit https://rust-lang.github.io/rust-clippy/rust-1.98.0/index.html#too_many_lines

warning: manual implementation of `.is_multiple_of()`
  --> crates/rrrah-decode/src/basis.rs:31:60
   |
31 |     if !(1..=1024).contains(&images) || (bytes[23] == 2 && images % 6 != 0) {
   |                                                            ^^^^^^^^^^^^^^^ help: replace with: `!images.is_multiple_of(6)`
   |
   = help: for further information visit https://rust-lang.github.io/rust-clippy/rust-1.98.0/index.html#manual_is_multiple_of

warning: matching over `()` is more explicit
  --> crates/rrrah-decode/src/basis.rs:78:19
   |
78 |         .map_err(|_| bad("codebook preparation"))?;
   |                   ^ help: use `()` instead of `_`: `()`
   |
   = help: for further information visit https://rust-lang.github.io/rust-clippy/rust-1.98.0/index.html#ignored_unit_patterns
   = note: `-W clippy::ignored-unit-patterns` implied by `-W clippy::pedantic`
   = help: to override `-W clippy::pedantic` add `#[allow(clippy::ignored_unit_patterns)]`

warning: casts from `i32` to `i64` can be expressed infallibly using `From`
  --> crates/rrrah-decode/src/emf.rs:11:5
   |
11 |     i32::from_le_bytes(b[n..n + 4].try_into().unwrap()) as i64
   |     ^^^^^^^^^^^^^^^^^^^^^^^^^^^^^^^^^^^^^^^^^^^^^^^^^^^^^^^^^^
   |
   = help: an `as` cast can become silently lossy if the types change in the future
   = help: for further information visit https://rust-lang.github.io/rust-clippy/rust-1.98.0/index.html#cast_lossless
help: use `i64::from` instead
   |
11 -     i32::from_le_bytes(b[n..n + 4].try_into().unwrap()) as i64
11 +     i64::from(i32::from_le_bytes(b[n..n + 4].try_into().unwrap()))
   |

warning: the loop variable `axis` is used to index `scale`
  --> crates/rrrah-decode/src/emf.rs:25:25
   |
25 |             for axis in 0..2 {
   |                         ^^^^
   |
   = help: for further information visit https://rust-lang.github.io/rust-clippy/rust-1.98.0/index.html#needless_range_loop
help: consider using an iterator and enumerate()
   |
25 -             for axis in 0..2 {
25 +             for (axis, <item>) in scale.iter_mut().enumerate() {
   |

warning: the loop variable `axis` is used to index `scale`
  --> crates/rrrah-decode/src/emf.rs:37:25
   |
37 |             for axis in 0..2 {
   |                         ^^^^
   |
   = help: for further information visit https://rust-lang.github.io/rust-clippy/rust-1.98.0/index.html#needless_range_loop
help: consider using an iterator and enumerate()
   |
37 -             for axis in 0..2 {
37 +             for (axis, <item>) in scale.iter_mut().enumerate() {
   |

warning: this function has too many lines (372/100)
  --> crates/rrrah-decode/src/emf.rs:77:1
   |
77 | / pub(crate) fn decode(
78 | |     b: &[u8],
79 | |     request: &DecodeRequest,
80 | | ) -> Result<rrrah_core::DecodedRaster, RasterDecodeError> {
   | |_________________________________________________________^
   |
   = help: for further information visit https://rust-lang.github.io/rust-clippy/rust-1.98.0/index.html#too_many_lines

warning: manual implementation of `.is_multiple_of()`
  --> crates/rrrah-decode/src/emf.rs:93:12
   |
93 |         || header_size % 4 != 0
   |            ^^^^^^^^^^^^^^^^^^^^ help: replace with: `!header_size.is_multiple_of(4)`
   |
   = help: for further information visit https://rust-lang.github.io/rust-clippy/rust-1.98.0/index.html#manual_is_multiple_of

warning: manual implementation of `.is_multiple_of()`
   --> crates/rrrah-decode/src/emf.rs:110:39
    |
110 |         if description_offset < 88 || description_offset % 2 != 0 || b[end - 2..end] != [0, 0] {
    |                                       ^^^^^^^^^^^^^^^^^^^^^^^^^^^ help: replace with: `!description_offset.is_multiple_of(2)`
    |
    = help: for further information visit https://rust-lang.github.io/rust-clippy/rust-1.98.0/index.html#manual_is_multiple_of

warning: casting `u64` to `i64` may wrap around the value
   --> crates/rrrah-decode/src/emf.rs:127:64
    |
127 |     if width > 65536 || height > 65536 || width * height * 4 > crate::raster::MAX_RASTER_BYTES as i64 {
    |                                                                ^^^^^^^^^^^^^^^^^^^^^^^^^^^^^^^^^^^^^^ help: if this is intentional, use `cast_signed()` instead: `crate::raster::MAX_RASTER_BYTES.cast_signed()`
    |
    = help: for further information visit https://rust-lang.github.io/rust-clippy/rust-1.98.0/index.html#cast_possible_wrap

warning: manual implementation of `.is_multiple_of()`
   --> crates/rrrah-decode/src/emf.rs:159:24
    |
159 |         if size < 8 || size % 4 != 0 {
    |                        ^^^^^^^^^^^^^ help: replace with: `!size.is_multiple_of(4)`
    |
    = help: for further information visit https://rust-lang.github.io/rust-clippy/rust-1.98.0/index.html#manual_is_multiple_of

warning: manual implementation of `.is_multiple_of()`
   --> crates/rrrah-decode/src/emf.rs:219:39
    |
219 |                         count >= 3 && count % 3 == 0
    |                                       ^^^^^^^^^^^^^^ help: replace with: `count.is_multiple_of(3)`
    |
    = help: for further information visit https://rust-lang.github.io/rust-clippy/rust-1.98.0/index.html#manual_is_multiple_of

warning: manual implementation of `.is_multiple_of()`
   --> crates/rrrah-decode/src/emf.rs:221:39
    |
221 |                         count >= 4 && (count - 1) % 3 == 0
    |                                       ^^^^^^^^^^^^^^^^^^^^ help: replace with: `(count - 1).is_multiple_of(3)`
    |
    = help: for further information visit https://rust-lang.github.io/rust-clippy/rust-1.98.0/index.html#manual_is_multiple_of

warning: casts from `i16` to `i64` can be expressed infallibly using `From`
   --> crates/rrrah-decode/src/emf.rs:233:29
    |
233 | ...                   i16::from_le_bytes(data[at..at + 2].try_into().unwrap()) as i64
    |                       ^^^^^^^^^^^^^^^^^^^^^^^^^^^^^^^^^^^^^^^^^^^^^^^^^^^^^^^^^^^^^^^
    |
    = help: an `as` cast can become silently lossy if the types change in the future
    = help: for further information visit https://rust-lang.github.io/rust-clippy/rust-1.98.0/index.html#cast_lossless
help: use `i64::from` instead
    |
233 -                             i16::from_le_bytes(data[at..at + 2].try_into().unwrap()) as i64
233 +                             i64::from(i16::from_le_bytes(data[at..at + 2].try_into().unwrap()))
    |

warning: casts from `i16` to `i64` can be expressed infallibly using `From`
   --> crates/rrrah-decode/src/emf.rs:284:29
    |
284 | ...                   i16::from_le_bytes(data[offset..offset + 2].try_into().unwrap()) as i64
    |                       ^^^^^^^^^^^^^^^^^^^^^^^^^^^^^^^^^^^^^^^^^^^^^^^^^^^^^^^^^^^^^^^^^^^^^^^
    |
    = help: an `as` cast can become silently lossy if the types change in the future
    = help: for further information visit https://rust-lang.github.io/rust-clippy/rust-1.98.0/index.html#cast_lossless
help: use `i64::from` instead
    |
284 -                             i16::from_le_bytes(data[offset..offset + 2].try_into().unwrap()) as i64
284 +                             i64::from(i16::from_le_bytes(data[offset..offset + 2].try_into().unwrap()))
    |

warning: casting `usize` to `i64` may wrap around the value on targets with 64-bit wide pointers
   --> crates/rrrah-decode/src/emf.rs:313:30
    |
313 |                 let target = saved.len() as i64 + relative;
    |                              ^^^^^^^^^^^^^^^^^^
    |
    = help: for further information visit https://rust-lang.github.io/rust-clippy/rust-1.98.0/index.html#cast_possible_wrap

warning: casting `i64` to `usize` may truncate the value on targets with 32-bit wide pointers
   --> crates/rrrah-decode/src/emf.rs:326:27
    |
326 |                 ) = saved[target as usize].clone();
    |                           ^^^^^^^^^^^^^^^
    |
    = help: if this is intentional allow the lint with `#[allow(clippy::cast_possible_truncation)]` ...
    = help: for further information visit https://rust-lang.github.io/rust-clippy/rust-1.98.0/index.html#cast_possible_truncation
help: ... or use `try_from` and handle the error accordingly
    |
326 -                 ) = saved[target as usize].clone();
326 +                 ) = saved[usize::try_from(target)].clone();
    |

warning: casting `i64` to `usize` may lose the sign of the value
   --> crates/rrrah-decode/src/emf.rs:326:27
    |
326 |                 ) = saved[target as usize].clone();
    |                           ^^^^^^^^^^^^^^^
    |
    = help: for further information visit https://rust-lang.github.io/rust-clippy/rust-1.98.0/index.html#cast_sign_loss

warning: casting `i64` to `usize` may truncate the value on targets with 32-bit wide pointers
   --> crates/rrrah-decode/src/emf.rs:327:32
    |
327 |                 saved.truncate(target as usize);
    |                                ^^^^^^^^^^^^^^^
    |
    = help: if this is intentional allow the lint with `#[allow(clippy::cast_possible_truncation)]` ...
    = help: for further information visit https://rust-lang.github.io/rust-clippy/rust-1.98.0/index.html#cast_possible_truncation
help: ... or use `try_from` and handle the error accordingly
    |
327 -                 saved.truncate(target as usize);
327 +                 saved.truncate(usize::try_from(target));
    |

warning: casting `i64` to `usize` may lose the sign of the value
   --> crates/rrrah-decode/src/emf.rs:327:32
    |
327 |                 saved.truncate(target as usize);
    |                                ^^^^^^^^^^^^^^^
    |
    = help: for further information visit https://rust-lang.github.io/rust-clippy/rust-1.98.0/index.html#cast_sign_loss

warning: more than 3 bools in a struct
  --> crates/rrrah-decode/src/mng.rs:13:1
   |
13 | / struct Layer {
14 | |     bytes: std::ops::Range<usize>,
15 | |     colors: [Option<std::ops::Range<usize>>; 4],
16 | |     local_color: bool,
...  |
24 | |     intrapixel: bool,
25 | | }
   | |_^
   |
   = help: consider using a state machine or refactoring bools into two-variant enums
   = help: for further information visit https://rust-lang.github.io/rust-clippy/rust-1.98.0/index.html#struct_excessive_bools
   = note: `-W clippy::struct-excessive-bools` implied by `-W clippy::pedantic`
   = help: to override `-W clippy::pedantic` add `#[allow(clippy::struct_excessive_bools)]`

warning: this function has too many lines (239/100)
  --> crates/rrrah-decode/src/mng.rs:45:1
   |
45 | pub(crate) fn decode(bytes: &[u8], request: &DecodeRequest) -> Result<MngImage, RasterDecodeError> {
   | ^^^^^^^^^^^^^^^^^^^^^^^^^^^^^^^^^^^^^^^^^^^^^^^^^^^^^^^^^^^^^^^^^^^^^^^^^^^^^^^^^^^^^^^^^^^^^^^^^^
   |
   = help: for further information visit https://rust-lang.github.io/rust-clippy/rust-1.98.0/index.html#too_many_lines

warning: using decimal literal for bitwise operation
   --> crates/rrrah-decode/src/mng.rs:111:101
    |
111 |                 if profile & 1 == 0 || profile & 0x8000_fe34 != 0 || profile & 64 == 0 && profile & 384 != 0 {
    |                                                                                                     ^^^
    |
    = help: use binary (0b1_1000_0000), hex (0x0180), or octal (0o600) notation for better readability
    = help: for further information visit https://rust-lang.github.io/rust-clippy/rust-1.98.0/index.html#decimal_bitwise_operands
    = note: `-W clippy::decimal-bitwise-operands` implied by `-W clippy::pedantic`
    = help: to override `-W clippy::pedantic` add `#[allow(clippy::decimal_bitwise_operands)]`

warning: assigning the result of `Clone::clone()` may be inefficient
   --> crates/rrrah-decode/src/mng.rs:131:17
    |
131 |                 palette = global_palette.clone();
    |                 ^^^^^^^^^^^^^^^^^^^^^^^^^^^^^^^^ help: use `clone_from()`: `palette.clone_from(&global_palette)`
    |
    = help: for further information visit https://rust-lang.github.io/rust-clippy/rust-1.98.0/index.html#assigning_clones
    = note: `-W clippy::assigning-clones` implied by `-W clippy::pedantic`
    = help: to override `-W clippy::pedantic` add `#[allow(clippy::assigning_clones)]`

warning: assigning the result of `Clone::clone()` may be inefficient
   --> crates/rrrah-decode/src/mng.rs:132:17
    |
132 |                 transparency = global_transparency.clone();
    |                 ^^^^^^^^^^^^^^^^^^^^^^^^^^^^^^^^^^^^^^^^^^ help: use `clone_from()`: `transparency.clone_from(&global_transparency)`
    |
    = help: for further information visit https://rust-lang.github.io/rust-clippy/rust-1.98.0/index.html#assigning_clones

warning: assigning the result of `Clone::clone()` may be inefficient
   --> crates/rrrah-decode/src/mng.rs:135:17
    |
135 |                 frame_colors = globals.clone();
    |                 ^^^^^^^^^^^^^^^^^^^^^^^^^^^^^^ help: use `clone_from()`: `frame_colors.clone_from(&globals)`
    |
    = help: for further information visit https://rust-lang.github.io/rust-clippy/rust-1.98.0/index.html#assigning_clones

warning: unnecessary boolean `not` operation
   --> crates/rrrah-decode/src/mng.rs:170:17
    |
170 | /                 if !data.is_empty() {
171 | |                     let valid = match kind {
172 | |                         b"sRGB" => data.len() == 1 && data[0] <= 3,
173 | |                         b"gAMA" => data.len() == 4 && data != [0; 4],
...   |
190 | |                     globals[slot] = None;
191 | |                 }
    | |_________________^
    |
    = help: for further information visit https://rust-lang.github.io/rust-clippy/rust-1.98.0/index.html#if_not_else
    = note: `-W clippy::if-not-else` implied by `-W clippy::pedantic`
    = help: to override `-W clippy::pedantic` add `#[allow(clippy::if_not_else)]`
help: try
    |
170 ~                 if data.is_empty() {
171 +                     globals[slot] = None;
172 +                 } else {
173 +                     let valid = match kind {
174 +                         b"sRGB" => data.len() == 1 && data[0] <= 3,
175 +                         b"gAMA" => data.len() == 4 && data != [0; 4],
176 +                         b"cHRM" => data.len() == 32,
177 +                         b"iCCP" => data.len() >= 3 && data.len() <= 16 * 1024 * 1024,
178 +                         _ => false,
179 +                     };
180 +                     if !valid {
181 +                         return Err(bad("global color chunk"));
182 +                     }
183 +                     if kind == b"sRGB" {
184 +                         globals[0] = None;
185 +                         globals[1] = None;
186 +                     }
187 +                     if kind == b"gAMA" || kind == b"cHRM" {
188 +                         globals[3] = None;
189 +                     }
190 +                     globals[slot] = Some(at..end);
191 +                 }
    |

warning: manual implementation of `.is_multiple_of()`
   --> crates/rrrah-decode/src/mng.rs:200:40
    |
200 |                 if data.len() > 768 || data.len() % 3 != 0 {
    |                                        ^^^^^^^^^^^^^^^^^^^ help: replace with: `!data.len().is_multiple_of(3)`
    |
    = help: for further information visit https://rust-lang.github.io/rust-clippy/rust-1.98.0/index.html#manual_is_multiple_of

warning: redundant closure
   --> crates/rrrah-decode/src/mng.rs:306:58
    |
306 |                 selected.transparency.as_ref().map_or(0, |r| r.len())
    |                                                          ^^^^^^^^^^^ help: replace the closure with the method itself: `std::iter::ExactSizeIterator::len`
    |
    = help: for further information visit https://rust-lang.github.io/rust-clippy/rust-1.98.0/index.html#redundant_closure_for_method_calls
    = note: `-W clippy::redundant-closure-for-method-calls` implied by `-W clippy::pedantic`
    = help: to override `-W clippy::pedantic` add `#[allow(clippy::redundant_closure_for_method_calls)]`

warning: this `if` statement can be collapsed
   --> crates/rrrah-decode/src/mng.rs:334:9
    |
334 | /         if !selected.local_transparency {
335 | |             if let Some(trns) = &selected.transparency {
336 | |                 png.extend_from_slice(&bytes[trns.clone()]);
337 | |             }
338 | |         }
    | |_________^
    |
    = help: for further information visit https://rust-lang.github.io/rust-clippy/rust-1.98.0/index.html#collapsible_if
help: collapse nested if block
    |
334 ~         if !selected.local_transparency
335 ~             && let Some(trns) = &selected.transparency {
336 |                 png.extend_from_slice(&bytes[trns.clone()]);
337 ~             }
    |

warning: using `chunks_exact_mut` with a constant chunk size
   --> crates/rrrah-decode/src/mng.rs:370:37
    |
370 |             for (index, pixel) in p.chunks_exact_mut(4).enumerate() {
    |                                     ^^^^^^^^^^^^^^^^^^^ help: consider using `as_chunks` instead: `as_chunks_mut::<4>().0.iter()`
    |
    = help: for further information visit https://rust-lang.github.io/rust-clippy/rust-1.98.0/index.html#chunks_exact_to_as_chunks

warning: using `chunks_exact_mut` with a constant chunk size
   --> crates/rrrah-decode/src/mng.rs:378:37
    |
378 |             for (index, pixel) in p.chunks_exact_mut(4).enumerate() {
    |                                     ^^^^^^^^^^^^^^^^^^^ help: consider using `as_chunks` instead: `as_chunks_mut::<4>().0.iter()`
    |
    = help: for further information visit https://rust-lang.github.io/rust-clippy/rust-1.98.0/index.html#chunks_exact_to_as_chunks

warning: using `chunks_exact` with a constant chunk size
   --> crates/rrrah-decode/src/mng.rs:441:66
    |
441 |         if layer_index == 0 && !transparent_background && canvas.chunks_exact(4).any(|p| p[3] != 1.) {
    |                                                                  ^^^^^^^^^^^^^^^ help: consider using `as_chunks` instead: `as_chunks::<4>().0.iter()`
    |
    = help: for further information visit https://rust-lang.github.io/rust-clippy/rust-1.98.0/index.html#chunks_exact_to_as_chunks

warning: strict comparison of `f32` or `f64`
   --> crates/rrrah-decode/src/mng.rs:441:90
    |
441 |         if layer_index == 0 && !transparent_background && canvas.chunks_exact(4).any(|p| p[3] != 1.) {
    |                                                                                          ^^^^^^^^^^ help: consider comparing them within some margin of error: `(p[3] - 1.).abs() > error_margin`
    |
    = help: for further information visit https://rust-lang.github.io/rust-clippy/rust-1.98.0/index.html#float_cmp

warning: using `chunks_exact` with a constant chunk size
   --> crates/rrrah-decode/src/mng.rs:445:42
    |
445 |     if !transparent_background && canvas.chunks_exact(4).any(|p| p[3] != 1.) {
    |                                          ^^^^^^^^^^^^^^^ help: consider using `as_chunks` instead: `as_chunks::<4>().0.iter()`
    |
    = help: for further information visit https://rust-lang.github.io/rust-clippy/rust-1.98.0/index.html#chunks_exact_to_as_chunks

warning: strict comparison of `f32` or `f64`
   --> crates/rrrah-decode/src/mng.rs:445:66
    |
445 |     if !transparent_background && canvas.chunks_exact(4).any(|p| p[3] != 1.) {
    |                                                                  ^^^^^^^^^^ help: consider comparing them within some margin of error: `(p[3] - 1.).abs() > error_margin`
    |
    = help: for further information visit https://rust-lang.github.io/rust-clippy/rust-1.98.0/index.html#float_cmp

warning: wildcard matches only a single variant and will also match any future added variants
   --> crates/rrrah-decode/src/mng.rs:558:21
    |
558 |                     _ => return Err(bad("opaque integer layer expected")),
    |                     ^ help: try: `rrrah_core::RasterPixels::Rgba32Float(_)`
    |
    = help: for further information visit https://rust-lang.github.io/rust-clippy/rust-1.98.0/index.html#match_wildcard_for_single_variants

warning: item in documentation is missing backticks
 --> crates/rrrah-decode/src/pdf.rs:2:5
  |
2 | //! DeviceCMYK currently uses Hayro's fixed CGATS001Compat-v2-micro ICC profile.
  |     ^^^^^^^^^^
  |
  = help: for further information visit https://rust-lang.github.io/rust-clippy/rust-1.98.0/index.html#doc_markdown
help: try
  |
2 - //! DeviceCMYK currently uses Hayro's fixed CGATS001Compat-v2-micro ICC profile.
2 + //! `DeviceCMYK` currently uses Hayro's fixed CGATS001Compat-v2-micro ICC profile.
  |

warning: this function has too many lines (120/100)
  --> crates/rrrah-decode/src/pdf.rs:92:1
   |
92 | pub(crate) fn decode(bytes: &[u8], request: &DecodeRequest) -> Result<DecodedRaster, RasterDecodeError> {
   | ^^^^^^^^^^^^^^^^^^^^^^^^^^^^^^^^^^^^^^^^^^^^^^^^^^^^^^^^^^^^^^^^^^^^^^^^^^^^^^^^^^^^^^^^^^^^^^^^^^^^^^^
   |
   = help: for further information visit https://rust-lang.github.io/rust-clippy/rust-1.98.0/index.html#too_many_lines

warning: casting `f32` to `u16` may truncate the value
   --> crates/rrrah-decode/src/pdf.rs:142:28
    |
142 |     let (width, height) = (w.ceil() as u16, h.ceil() as u16);
    |                            ^^^^^^^^^^^^^^^
    |
    = help: if this is intentional allow the lint with `#[allow(clippy::cast_possible_truncation)]` ...
    = help: for further information visit https://rust-lang.github.io/rust-clippy/rust-1.98.0/index.html#cast_possible_truncation

warning: casting `f32` to `u16` may lose the sign of the value
   --> crates/rrrah-decode/src/pdf.rs:142:28
    |
142 |     let (width, height) = (w.ceil() as u16, h.ceil() as u16);
    |                            ^^^^^^^^^^^^^^^
    |
    = help: for further information visit https://rust-lang.github.io/rust-clippy/rust-1.98.0/index.html#cast_sign_loss

warning: casting `f32` to `u16` may truncate the value
   --> crates/rrrah-decode/src/pdf.rs:142:45
    |
142 |     let (width, height) = (w.ceil() as u16, h.ceil() as u16);
    |                                             ^^^^^^^^^^^^^^^
    |
    = help: if this is intentional allow the lint with `#[allow(clippy::cast_possible_truncation)]` ...
    = help: for further information visit https://rust-lang.github.io/rust-clippy/rust-1.98.0/index.html#cast_possible_truncation

warning: casting `f32` to `u16` may lose the sign of the value
   --> crates/rrrah-decode/src/pdf.rs:142:45
    |
142 |     let (width, height) = (w.ceil() as u16, h.ceil() as u16);
    |                                             ^^^^^^^^^^^^^^^
    |
    = help: for further information visit https://rust-lang.github.io/rust-clippy/rust-1.98.0/index.html#cast_sign_loss

warning: using `chunks_exact_mut` with a constant chunk size
   --> crates/rrrah-decode/src/pdf.rs:195:34
    |
195 |     for (index, pixel) in values.chunks_exact_mut(4).enumerate() {
    |                                  ^^^^^^^^^^^^^^^^^^^ help: consider using `as_chunks` instead: `as_chunks_mut::<4>().0.iter()`
    |
    = help: for further information visit https://rust-lang.github.io/rust-clippy/rust-1.98.0/index.html#chunks_exact_to_as_chunks

warning: manual checked division
   --> crates/rrrah-decode/src/pdf.rs:201:27
    |
201 |             *channel = if alpha == 0 {
    |                           ^^^^^^^^^^ check performed here
...
204 |                 ((u32::from(*channel) * 255 + alpha / 2) / alpha).min(255) as u8
    |                 ------------------------------------------------- division performed here
    |
    = help: consider using `checked_div`
    = help: for further information visit https://rust-lang.github.io/rust-clippy/rust-1.98.0/index.html#manual_checked_ops
    = note: `-W clippy::manual-checked-ops` implied by `-W clippy::all`
    = help: to override `-W clippy::all` add `#[allow(clippy::manual_checked_ops)]`

warning: casting `i32` to `u64` may lose the sign of the value
  --> crates/rrrah-decode/src/pict.rs:56:12
   |
56 |         if width as u64 * height as u64 > 100_000_000 {
   |            ^^^^^^^^^^^^
   |
   = help: for further information visit https://rust-lang.github.io/rust-clippy/rust-1.98.0/index.html#cast_sign_loss

warning: casting `i32` to `u64` may lose the sign of the value
  --> crates/rrrah-decode/src/pict.rs:56:27
   |
56 |         if width as u64 * height as u64 > 100_000_000 {
   |                           ^^^^^^^^^^^^^
   |
   = help: for further information visit https://rust-lang.github.io/rust-clippy/rust-1.98.0/index.html#cast_sign_loss

warning: casting `i32` to `u32` may lose the sign of the value
  --> crates/rrrah-decode/src/pict.rs:61:24
   |
61 |         header.width = width as u32;
   |                        ^^^^^^^^^^^^ help: if this is intentional, use `cast_unsigned()` instead: `width.cast_unsigned()`
   |
   = help: for further information visit https://rust-lang.github.io/rust-clippy/rust-1.98.0/index.html#cast_sign_loss

warning: casting `i32` to `u32` may lose the sign of the value
  --> crates/rrrah-decode/src/pict.rs:62:25
   |
62 |         header.height = height as u32;
   |                         ^^^^^^^^^^^^^ help: if this is intentional, use `cast_unsigned()` instead: `height.cast_unsigned()`
   |
   = help: for further information visit https://rust-lang.github.io/rust-clippy/rust-1.98.0/index.html#cast_sign_loss

warning: casting `i32` to `u32` may lose the sign of the value
  --> crates/rrrah-decode/src/pict.rs:80:21
   |
80 |         let width = width as u32;
   |                     ^^^^^^^^^^^^ help: if this is intentional, use `cast_unsigned()` instead: `width.cast_unsigned()`
   |
   = help: for further information visit https://rust-lang.github.io/rust-clippy/rust-1.98.0/index.html#cast_sign_loss

warning: casting `i32` to `u32` may lose the sign of the value
  --> crates/rrrah-decode/src/pict.rs:81:22
   |
81 |         let height = height as u32;
   |                      ^^^^^^^^^^^^^ help: if this is intentional, use `cast_unsigned()` instead: `height.cast_unsigned()`
   |
   = help: for further information visit https://rust-lang.github.io/rust-clippy/rust-1.98.0/index.html#cast_sign_loss

warning: casting `i32` to `usize` may lose the sign of the value
   --> crates/rrrah-decode/src/pict.rs:267:25
    |
267 |         || row_bytes != width as usize * if unit == 2 { 2 } else { 4 }
    |                         ^^^^^^^^^^^^^^
    |
    = help: for further information visit https://rust-lang.github.io/rust-clippy/rust-1.98.0/index.html#cast_sign_loss

warning: casting `i32` to `usize` may lose the sign of the value
   --> crates/rrrah-decode/src/pict.rs:280:21
    |
280 |     let raw_bytes = width as usize * raw_stride;
    |                     ^^^^^^^^^^^^^^
    |
    = help: for further information visit https://rust-lang.github.io/rust-clippy/rust-1.98.0/index.html#cast_sign_loss

warning: manual implementation of `.is_multiple_of()`
   --> crates/rrrah-decode/src/pict.rs:301:8
    |
301 |     if offset % 2 != 0 {
    |        ^^^^^^^^^^^^^^^ help: replace with: `!offset.is_multiple_of(2)`
    |
    = help: for further information visit https://rust-lang.github.io/rust-clippy/rust-1.98.0/index.html#manual_is_multiple_of

warning: casting `i32` to `usize` may lose the sign of the value
   --> crates/rrrah-decode/src/pict.rs:308:16
    |
308 |         width: width as usize,
    |                ^^^^^^^^^^^^^^
    |
    = help: for further information visit https://rust-lang.github.io/rust-clippy/rust-1.98.0/index.html#cast_sign_loss

warning: casting `i32` to `usize` may lose the sign of the value
   --> crates/rrrah-decode/src/pict.rs:309:17
    |
309 |         height: height as usize,
    |                 ^^^^^^^^^^^^^^^
    |
    = help: for further information visit https://rust-lang.github.io/rust-clippy/rust-1.98.0/index.html#cast_sign_loss

warning: unnecessary boolean `not` operation
   --> crates/rrrah-decode/src/pict.rs:311:18
    |
311 |           scratch: if !packed {
    |  __________________^
312 | |             raw_bytes
313 | |         } else {
314 | |             width as usize * if unit == 2 { 2 } else { 3 }
315 | |         },
    | |_________^
    |
    = help: for further information visit https://rust-lang.github.io/rust-clippy/rust-1.98.0/index.html#if_not_else
help: try
    |
311 ~         scratch: if packed {
312 +             width as usize * if unit == 2 { 2 } else { 3 }
313 +         } else {
314 +             raw_bytes
315 ~         },
    |

warning: casting `i32` to `usize` may lose the sign of the value
   --> crates/rrrah-decode/src/pict.rs:314:13
    |
314 |             width as usize * if unit == 2 { 2 } else { 3 }
    |             ^^^^^^^^^^^^^^
    |
    = help: for further information visit https://rust-lang.github.io/rust-clippy/rust-1.98.0/index.html#cast_sign_loss

warning: casting `i32` to `usize` may lose the sign of the value
   --> crates/rrrah-decode/src/pict.rs:321:13
    |
321 |             (source[0] - bounds[0]) as usize,
    |             ^^^^^^^^^^^^^^^^^^^^^^^^^^^^^^^^
    |
    = help: for further information visit https://rust-lang.github.io/rust-clippy/rust-1.98.0/index.html#cast_sign_loss

warning: casting `i32` to `usize` may lose the sign of the value
   --> crates/rrrah-decode/src/pict.rs:322:13
    |
322 |             (source[1] - bounds[1]) as usize,
    |             ^^^^^^^^^^^^^^^^^^^^^^^^^^^^^^^^
    |
    = help: for further information visit https://rust-lang.github.io/rust-clippy/rust-1.98.0/index.html#cast_sign_loss

warning: casting `i32` to `usize` may lose the sign of the value
   --> crates/rrrah-decode/src/pict.rs:323:13
    |
323 |             (source[2] - bounds[0]) as usize,
    |             ^^^^^^^^^^^^^^^^^^^^^^^^^^^^^^^^
    |
    = help: for further information visit https://rust-lang.github.io/rust-clippy/rust-1.98.0/index.html#cast_sign_loss

warning: casting `i32` to `usize` may lose the sign of the value
   --> crates/rrrah-decode/src/pict.rs:324:13
    |
324 |             (source[3] - bounds[1]) as usize,
    |             ^^^^^^^^^^^^^^^^^^^^^^^^^^^^^^^^
    |
    = help: for further information visit https://rust-lang.github.io/rust-clippy/rust-1.98.0/index.html#cast_sign_loss

warning: item in documentation is missing backticks
   --> crates/rrrah-decode/src/pict.rs:329:40
    |
329 | /// Decode one length-delimited packed DirectBits row into caller-owned memory.
    |                                        ^^^^^^^^^^
    |
    = help: for further information visit https://rust-lang.github.io/rust-clippy/rust-1.98.0/index.html#doc_markdown
help: try
    |
329 - /// Decode one length-delimited packed DirectBits row into caller-owned memory.
329 + /// Decode one length-delimited packed `DirectBits` row into caller-owned memory.
    |

warning: manual implementation of `.is_multiple_of()`
   --> crates/rrrah-decode/src/pict.rs:338:34
    |
338 |     if !matches!(unit, 1 | 2) || output.len() % unit != 0 {
    |                                  ^^^^^^^^^^^^^^^^^^^^^^^^ help: replace with: `!output.len().is_multiple_of(unit)`
    |
    = help: for further information visit https://rust-lang.github.io/rust-clippy/rust-1.98.0/index.html#manual_is_multiple_of

warning: casting `u8` to `i8` may wrap around the value
   --> crates/rrrah-decode/src/pict.rs:347:23
    |
347 |         let control = input[source] as i8;
    |                       ^^^^^^^^^^^^^^^^^^^ help: if this is intentional, use `cast_signed()` instead: `input[source].cast_signed()`
    |
    = help: for further information visit https://rust-lang.github.io/rust-clippy/rust-1.98.0/index.html#cast_possible_wrap

warning: casting `i8` to `usize` may lose the sign of the value
   --> crates/rrrah-decode/src/pict.rs:353:13
    |
353 |             control as usize + 1
    |             ^^^^^^^^^^^^^^^^
    |
    = help: for further information visit https://rust-lang.github.io/rust-clippy/rust-1.98.0/index.html#cast_sign_loss

warning: item in documentation is missing backticks
   --> crates/rrrah-decode/src/pict.rs:604:11
    |
604 | /// Wider QuickDraw modes/patterns require their own interpretation, not skipping.
    |           ^^^^^^^^^
    |
    = help: for further information visit https://rust-lang.github.io/rust-clippy/rust-1.98.0/index.html#doc_markdown
help: try
    |
604 - /// Wider QuickDraw modes/patterns require their own interpretation, not skipping.
604 + /// Wider `QuickDraw` modes/patterns require their own interpretation, not skipping.
    |

warning: this function has too many lines (190/100)
   --> crates/rrrah-decode/src/pict.rs:605:1
    |
605 | / pub(crate) fn render_rectangles(
606 | |     bytes: &[u8],
607 | |     data_fork: bool,
608 | |     budget: &rrrah_core::MemoryBudget,
609 | |     cancelled: impl Fn() -> bool,
610 | | ) -> Result<rrrah_core::SharedBuffer<u8>, crate::RasterDecodeError> {
    | |___________________________________________________________________^
    |
    = help: for further information visit https://rust-lang.github.io/rust-clippy/rust-1.98.0/index.html#too_many_lines

warning: casting `u32` to `i32` may wrap around the value
   --> crates/rrrah-decode/src/pict.rs:633:41
    |
633 |                 && fixed(12) == (left + header.width as i32) * 65536
    |                                         ^^^^^^^^^^^^^^^^^^^ help: if this is intentional, use `cast_signed()` instead: `header.width.cast_signed()`
    |
    = help: for further information visit https://rust-lang.github.io/rust-clippy/rust-1.98.0/index.html#cast_possible_wrap

warning: casting `u32` to `i32` may wrap around the value
   --> crates/rrrah-decode/src/pict.rs:634:40
    |
634 |                 && fixed(16) == (top + header.height as i32) * 65536
    |                                        ^^^^^^^^^^^^^^^^^^^^ help: if this is intentional, use `cast_signed()` instead: `header.height.cast_signed()`
    |
    = help: for further information visit https://rust-lang.github.io/rust-clippy/rust-1.98.0/index.html#cast_possible_wrap

warning: casting `u32` to `i32` may wrap around the value
   --> crates/rrrah-decode/src/pict.rs:643:38
    |
643 |                 && word(16) == top + header.height as i32
    |                                      ^^^^^^^^^^^^^^^^^^^^ help: if this is intentional, use `cast_signed()` instead: `header.height.cast_signed()`
    |
    = help: for further information visit https://rust-lang.github.io/rust-clippy/rust-1.98.0/index.html#cast_possible_wrap

warning: casting `u32` to `i32` may wrap around the value
   --> crates/rrrah-decode/src/pict.rs:644:39
    |
644 |                 && word(18) == left + header.width as i32
    |                                       ^^^^^^^^^^^^^^^^^^^ help: if this is intentional, use `cast_signed()` instead: `header.width.cast_signed()`
    |
    = help: for further information visit https://rust-lang.github.io/rust-clippy/rust-1.98.0/index.html#cast_possible_wrap

warning: using `chunks_exact` with a constant chunk size
   --> crates/rrrah-decode/src/pict.rs:658:24
    |
658 |         0x1a if c.data.chunks_exact(2).all(|v| v[0] == v[1]) => Ok(()),
    |                        ^^^^^^^^^^^^^^^ help: consider using `as_chunks` instead: `as_chunks::<2>().0.iter()`
    |
    = help: for further information visit https://rust-lang.github.io/rust-clippy/rust-1.98.0/index.html#chunks_exact_to_as_chunks

warning: using `chunks_exact_mut` with a constant chunk size
   --> crates/rrrah-decode/src/pict.rs:699:28
    |
699 |         for pixel in chunk.chunks_exact_mut(4) {
    |                            ^^^^^^^^^^^^^^^^^^^ help: consider using `as_chunks` instead: `as_chunks_mut::<4>().0`
    |
    = help: for further information visit https://rust-lang.github.io/rust-clippy/rust-1.98.0/index.html#chunks_exact_to_as_chunks

warning: casting `u32` to `i32` may wrap around the value
   --> crates/rrrah-decode/src/pict.rs:705:27
    |
705 |     let mut clip = [0, 0, header.height as i32, header.width as i32];
    |                           ^^^^^^^^^^^^^^^^^^^^ help: if this is intentional, use `cast_signed()` instead: `header.height.cast_signed()`
    |
    = help: for further information visit https://rust-lang.github.io/rust-clippy/rust-1.98.0/index.html#cast_possible_wrap

warning: casting `u32` to `i32` may wrap around the value
   --> crates/rrrah-decode/src/pict.rs:705:49
    |
705 |     let mut clip = [0, 0, header.height as i32, header.width as i32];
    |                                                 ^^^^^^^^^^^^^^^^^^^ help: if this is intentional, use `cast_signed()` instead: `header.width.cast_signed()`
    |
    = help: for further information visit https://rust-lang.github.io/rust-clippy/rust-1.98.0/index.html#cast_possible_wrap

warning: casting `usize` to `i32` may truncate the value on targets with 64-bit wide pointers
   --> crates/rrrah-decode/src/pict.rs:736:53
    |
736 |                     let dy = image.destination[0] + (y - image.crop[0]) as i32 - i32::from(header.top);
    |                                                     ^^^^^^^^^^^^^^^^^^^^^^^^^^
    |
    = help: if this is intentional allow the lint with `#[allow(clippy::cast_possible_truncation)]` ...
    = help: for further information visit https://rust-lang.github.io/rust-clippy/rust-1.98.0/index.html#cast_possible_truncation
help: ... or use `try_from` and handle the error accordingly
    |
736 -                     let dy = image.destination[0] + (y - image.crop[0]) as i32 - i32::from(header.top);
736 +                     let dy = image.destination[0] + i32::try_from(y - image.crop[0]) - i32::from(header.top);
    |

warning: casting `usize` to `i32` may wrap around the value on targets with 32-bit wide pointers
   --> crates/rrrah-decode/src/pict.rs:736:53
    |
736 |                     let dy = image.destination[0] + (y - image.crop[0]) as i32 - i32::from(header.top);
    |                                                     ^^^^^^^^^^^^^^^^^^^^^^^^^^
    |
    = help: for further information visit https://rust-lang.github.io/rust-clippy/rust-1.98.0/index.html#cast_possible_wrap

warning: casting `usize` to `i32` may truncate the value on targets with 64-bit wide pointers
   --> crates/rrrah-decode/src/pict.rs:738:57
    |
738 |                         let dx = image.destination[1] + (x - image.crop[1]) as i32 - i32::from(header.left);
    |                                                         ^^^^^^^^^^^^^^^^^^^^^^^^^^
    |
    = help: if this is intentional allow the lint with `#[allow(clippy::cast_possible_truncation)]` ...
    = help: for further information visit https://rust-lang.github.io/rust-clippy/rust-1.98.0/index.html#cast_possible_truncation
help: ... or use `try_from` and handle the error accordingly
    |
738 -                         let dx = image.destination[1] + (x - image.crop[1]) as i32 - i32::from(header.left);
738 +                         let dx = image.destination[1] + i32::try_from(x - image.crop[1]) - i32::from(header.left);
    |

warning: casting `usize` to `i32` may wrap around the value on targets with 32-bit wide pointers
   --> crates/rrrah-decode/src/pict.rs:738:57
    |
738 |                         let dx = image.destination[1] + (x - image.crop[1]) as i32 - i32::from(header.left);
    |                                                         ^^^^^^^^^^^^^^^^^^^^^^^^^^
    |
    = help: for further information visit https://rust-lang.github.io/rust-clippy/rust-1.98.0/index.html#cast_possible_wrap

warning: casting `u32` to `i32` may wrap around the value
   --> crates/rrrah-decode/src/pict.rs:741:38
    |
741 | ...                   || dy >= header.height as i32
    |                                ^^^^^^^^^^^^^^^^^^^^ help: if this is intentional, use `cast_signed()` instead: `header.height.cast_signed()`
    |
    = help: for further information visit https://rust-lang.github.io/rust-clippy/rust-1.98.0/index.html#cast_possible_wrap

warning: casting `u32` to `i32` may wrap around the value
   --> crates/rrrah-decode/src/pict.rs:742:38
    |
742 | ...                   || dx >= header.width as i32
    |                                ^^^^^^^^^^^^^^^^^^^ help: if this is intentional, use `cast_signed()` instead: `header.width.cast_signed()`
    |
    = help: for further information visit https://rust-lang.github.io/rust-clippy/rust-1.98.0/index.html#cast_possible_wrap

warning: casting `u16` to `u8` may truncate the value
   --> crates/rrrah-decode/src/pict.rs:753:42
    |
753 | ...                   .map(|v| ((v << 3) | (v >> 2)) as u8)
    |                                ^^^^^^^^^^^^^^^^^^^^^^^^^^^
    |
    = help: if this is intentional allow the lint with `#[allow(clippy::cast_possible_truncation)]` ...
    = help: for further information visit https://rust-lang.github.io/rust-clippy/rust-1.98.0/index.html#cast_possible_truncation
help: ... or use `try_from` and handle the error accordingly
    |
753 -                                 .map(|v| ((v << 3) | (v >> 2)) as u8)
753 +                                 .map(|v| u8::try_from((v << 3) | (v >> 2)))
    |

warning: casting `i32` to `usize` may lose the sign of the value
   --> crates/rrrah-decode/src/pict.rs:760:39
    |
760 |                         let target = (dy as usize * header.width as usize + dx as usize) * 4;
    |                                       ^^^^^^^^^^^
    |
    = help: for further information visit https://rust-lang.github.io/rust-clippy/rust-1.98.0/index.html#cast_sign_loss

warning: casting `i32` to `usize` may lose the sign of the value
   --> crates/rrrah-decode/src/pict.rs:760:77
    |
760 |                         let target = (dy as usize * header.width as usize + dx as usize) * 4;
    |                                                                             ^^^^^^^^^^^
    |
    = help: for further information visit https://rust-lang.github.io/rust-clippy/rust-1.98.0/index.html#cast_sign_loss

warning: casting `u32` to `i32` may wrap around the value
   --> crates/rrrah-decode/src/pict.rs:782:67
    |
782 |                 let x0 = (left - i32::from(header.left)).clamp(0, header.width as i32);
    |                                                                   ^^^^^^^^^^^^^^^^^^^ help: if this is intentional, use `cast_signed()` instead: `header.width.cast_signed()`
    |
    = help: for further information visit https://rust-lang.github.io/rust-clippy/rust-1.98.0/index.html#cast_possible_wrap

warning: casting `u32` to `i32` may wrap around the value
   --> crates/rrrah-decode/src/pict.rs:783:68
    |
783 |                 let x1 = (right - i32::from(header.left)).clamp(0, header.width as i32);
    |                                                                    ^^^^^^^^^^^^^^^^^^^ help: if this is intentional, use `cast_signed()` instead: `header.width.cast_signed()`
    |
    = help: for further information visit https://rust-lang.github.io/rust-clippy/rust-1.98.0/index.html#cast_possible_wrap

warning: casting `u32` to `i32` may wrap around the value
   --> crates/rrrah-decode/src/pict.rs:784:65
    |
784 |                 let y0 = (top - i32::from(header.top)).clamp(0, header.height as i32);
    |                                                                 ^^^^^^^^^^^^^^^^^^^^ help: if this is intentional, use `cast_signed()` instead: `header.height.cast_signed()`
    |
    = help: for further information visit https://rust-lang.github.io/rust-clippy/rust-1.98.0/index.html#cast_possible_wrap

warning: casting `u32` to `i32` may wrap around the value
   --> crates/rrrah-decode/src/pict.rs:785:68
    |
785 |                 let y1 = (bottom - i32::from(header.top)).clamp(0, header.height as i32);
    |                                                                    ^^^^^^^^^^^^^^^^^^^^ help: if this is intentional, use `cast_signed()` instead: `header.height.cast_signed()`
    |
    = help: for further information visit https://rust-lang.github.io/rust-clippy/rust-1.98.0/index.html#cast_possible_wrap

warning: casting `i32` to `usize` may lose the sign of the value
   --> crates/rrrah-decode/src/pict.rs:791:38
    |
791 |                         let index = (y as usize * header.width as usize + x as usize) * 4;
    |                                      ^^^^^^^^^^
    |
    = help: for further information visit https://rust-lang.github.io/rust-clippy/rust-1.98.0/index.html#cast_sign_loss

warning: casting `i32` to `usize` may lose the sign of the value
   --> crates/rrrah-decode/src/pict.rs:791:75
    |
791 |                         let index = (y as usize * header.width as usize + x as usize) * 4;
    |                                                                           ^^^^^^^^^^
    |
    = help: for further information visit https://rust-lang.github.io/rust-clippy/rust-1.98.0/index.html#cast_sign_loss

warning: this function has too many lines (151/100)
  --> crates/rrrah-decode/src/sti.rs:11:1
   |
11 | pub(crate) fn decode(b: &[u8], request: &DecodeRequest) -> Result<DecodedRaster, RasterDecodeError> {
   | ^^^^^^^^^^^^^^^^^^^^^^^^^^^^^^^^^^^^^^^^^^^^^^^^^^^^^^^^^^^^^^^^^^^^^^^^^^^^^^^^^^^^^^^^^^^^^^^^^^^
   |
   = help: for further information visit https://rust-lang.github.io/rust-clippy/rust-1.98.0/index.html#too_many_lines

warning: casting `usize` to `u32` may truncate the value on targets with 64-bit wide pointers
   --> crates/rrrah-decode/src/sti.rs:157:9
    |
157 |         width as u32,
    |         ^^^^^^^^^^^^
    |
    = help: if this is intentional allow the lint with `#[allow(clippy::cast_possible_truncation)]` ...
    = help: for further information visit https://rust-lang.github.io/rust-clippy/rust-1.98.0/index.html#cast_possible_truncation
help: ... or use `try_from` and handle the error accordingly
    |
157 -         width as u32,
157 +         u32::try_from(width),
    |

warning: casting `usize` to `u32` may truncate the value on targets with 64-bit wide pointers
   --> crates/rrrah-decode/src/sti.rs:158:9
    |
158 |         height as u32,
    |         ^^^^^^^^^^^^^
    |
    = help: if this is intentional allow the lint with `#[allow(clippy::cast_possible_truncation)]` ...
    = help: for further information visit https://rust-lang.github.io/rust-clippy/rust-1.98.0/index.html#cast_possible_truncation
help: ... or use `try_from` and handle the error accordingly
    |
158 -         height as u32,
158 +         u32::try_from(height),
    |

warning: using decimal literal for bitwise operation
   --> crates/rrrah-decode/src/sti.rs:169:45
    |
169 |     if flags & 32 != 0 || !matches!(flags & 12, 4 | 8) {
    |                                             ^^
    |
    = help: use binary (0b1100), hex (0x000c), or octal (0o14) notation for better readability
    = help: for further information visit https://rust-lang.github.io/rust-clippy/rust-1.98.0/index.html#decimal_bitwise_operands

warning: casting `usize` to `u32` may truncate the value on targets with 64-bit wide pointers
   --> crates/rrrah-decode/src/sti.rs:228:39
    |
228 |     decoded[16..20].copy_from_slice(&((flags as u32) & !16).to_le_bytes());
    |                                       ^^^^^^^^^^^^^^
    |
    = help: if this is intentional allow the lint with `#[allow(clippy::cast_possible_truncation)]` ...
    = help: for further information visit https://rust-lang.github.io/rust-clippy/rust-1.98.0/index.html#cast_possible_truncation
help: ... or use `try_from` and handle the error accordingly
    |
228 -     decoded[16..20].copy_from_slice(&((flags as u32) & !16).to_le_bytes());
228 +     decoded[16..20].copy_from_slice(&(u32::try_from(flags) & !16).to_le_bytes());
    |

warning: casting `usize` to `u32` may truncate the value on targets with 64-bit wide pointers
   --> crates/rrrah-decode/src/sti.rs:229:37
    |
229 |     decoded[8..12].copy_from_slice(&(expanded as u32).to_le_bytes());
    |                                     ^^^^^^^^^^^^^^^^^
    |
    = help: if this is intentional allow the lint with `#[allow(clippy::cast_possible_truncation)]` ...
    = help: for further information visit https://rust-lang.github.io/rust-clippy/rust-1.98.0/index.html#cast_possible_truncation
help: ... or use `try_from` and handle the error accordingly
    |
229 -     decoded[8..12].copy_from_slice(&(expanded as u32).to_le_bytes());
229 +     decoded[8..12].copy_from_slice(&u32::try_from(expanded).to_le_bytes());
    |

warning: casts from `u8` to `u32` can be expressed infallibly using `From`
   --> crates/rrrah-decode/src/sti.rs:279:21
    |
279 |         let depth = b[40 + c] as u32;
    |                     ^^^^^^^^^^^^^^^^
    |
    = help: an `as` cast can become silently lossy if the types change in the future
    = help: for further information visit https://rust-lang.github.io/rust-clippy/rust-1.98.0/index.html#cast_lossless
help: use `u32::from` instead
    |
279 -         let depth = b[40 + c] as u32;
279 +         let depth = u32::from(b[40 + c]);
    |

warning: casts from `u8` to `u32` can be expressed infallibly using `From`
   --> crates/rrrah-decode/src/sti.rs:290:32
    |
290 |             || shift + depth > bits as u32
    |                                ^^^^^^^^^^^
    |
    = help: an `as` cast can become silently lossy if the types change in the future
    = help: for further information visit https://rust-lang.github.io/rust-clippy/rust-1.98.0/index.html#cast_lossless
help: use `u32::from` instead
    |
290 -             || shift + depth > bits as u32
290 +             || shift + depth > u32::from(bits)
    |

warning: casts from `u8` to `u32` can be expressed infallibly using `From`
   --> crates/rrrah-decode/src/sti.rs:318:46
    |
318 |             .fold(0u32, |v, (i, &byte)| v | ((byte as u32) << (i * 8)));
    |                                              ^^^^^^^^^^^^^
    |
    = help: an `as` cast can become silently lossy if the types change in the future
    = help: for further information visit https://rust-lang.github.io/rust-clippy/rust-1.98.0/index.html#cast_lossless
help: use `u32::from` instead
    |
318 -             .fold(0u32, |v, (i, &byte)| v | ((byte as u32) << (i * 8)));
318 +             .fold(0u32, |v, (i, &byte)| v | (u32::from(byte) << (i * 8)));
    |

warning: casting `u64` to `u16` may truncate the value
   --> crates/rrrah-decode/src/sti.rs:325:17
    |
325 |                 ((v as u64 * 65535 + max as u64 / 2) / max as u64) as u16
    |                 ^^^^^^^^^^^^^^^^^^^^^^^^^^^^^^^^^^^^^^^^^^^^^^^^^^^^^^^^^
    |
    = help: if this is intentional allow the lint with `#[allow(clippy::cast_possible_truncation)]` ...
    = help: for further information visit https://rust-lang.github.io/rust-clippy/rust-1.98.0/index.html#cast_possible_truncation
help: ... or use `try_from` and handle the error accordingly
    |
325 -                 ((v as u64 * 65535 + max as u64 / 2) / max as u64) as u16
325 +                 u16::try_from((v as u64 * 65535 + max as u64 / 2) / max as u64)
    |

warning: casts from `u32` to `u64` can be expressed infallibly using `From`
   --> crates/rrrah-decode/src/sti.rs:325:19
    |
325 |                 ((v as u64 * 65535 + max as u64 / 2) / max as u64) as u16
    |                   ^^^^^^^^
    |
    = help: an `as` cast can become silently lossy if the types change in the future
    = help: for further information visit https://rust-lang.github.io/rust-clippy/rust-1.98.0/index.html#cast_lossless
help: use `u64::from` instead
    |
325 -                 ((v as u64 * 65535 + max as u64 / 2) / max as u64) as u16
325 +                 ((u64::from(v) * 65535 + max as u64 / 2) / max as u64) as u16
    |

warning: casts from `u32` to `u64` can be expressed infallibly using `From`
   --> crates/rrrah-decode/src/sti.rs:325:38
    |
325 |                 ((v as u64 * 65535 + max as u64 / 2) / max as u64) as u16
    |                                      ^^^^^^^^^^
    |
    = help: an `as` cast can become silently lossy if the types change in the future
    = help: for further information visit https://rust-lang.github.io/rust-clippy/rust-1.98.0/index.html#cast_lossless
help: use `u64::from` instead
    |
325 -                 ((v as u64 * 65535 + max as u64 / 2) / max as u64) as u16
325 +                 ((v as u64 * 65535 + u64::from(max) / 2) / max as u64) as u16
    |

warning: casts from `u32` to `u64` can be expressed infallibly using `From`
   --> crates/rrrah-decode/src/sti.rs:325:56
    |
325 |                 ((v as u64 * 65535 + max as u64 / 2) / max as u64) as u16
    |                                                        ^^^^^^^^^^
    |
    = help: an `as` cast can become silently lossy if the types change in the future
    = help: for further information visit https://rust-lang.github.io/rust-clippy/rust-1.98.0/index.html#cast_lossless
help: use `u64::from` instead
    |
325 -                 ((v as u64 * 65535 + max as u64 / 2) / max as u64) as u16
325 +                 ((v as u64 * 65535 + max as u64 / 2) / u64::from(max)) as u16
    |

warning: casting `usize` to `u32` may truncate the value on targets with 64-bit wide pointers
   --> crates/rrrah-decode/src/sti.rs:338:9
    |
338 |         width as u32,
    |         ^^^^^^^^^^^^
    |
    = help: if this is intentional allow the lint with `#[allow(clippy::cast_possible_truncation)]` ...
    = help: for further information visit https://rust-lang.github.io/rust-clippy/rust-1.98.0/index.html#cast_possible_truncation
help: ... or use `try_from` and handle the error accordingly
    |
338 -         width as u32,
338 +         u32::try_from(width),
    |

warning: casting `usize` to `u32` may truncate the value on targets with 64-bit wide pointers
   --> crates/rrrah-decode/src/sti.rs:339:9
    |
339 |         height as u32,
    |         ^^^^^^^^^^^^^
    |
    = help: if this is intentional allow the lint with `#[allow(clippy::cast_possible_truncation)]` ...
    = help: for further information visit https://rust-lang.github.io/rust-clippy/rust-1.98.0/index.html#cast_possible_truncation
help: ... or use `try_from` and handle the error accordingly
    |
339 -         height as u32,
339 +         u32::try_from(height),
    |

warning: this function has too many lines (306/100)
  --> crates/rrrah-decode/src/wmf.rs:22:1
   |
22 | / pub(crate) fn decode(
23 | |     b: &[u8],
24 | |     request: &DecodeRequest,
25 | | ) -> Result<rrrah_core::DecodedRaster, RasterDecodeError> {
   | |_________________________________________________________^
   |
   = help: for further information visit https://rust-lang.github.io/rust-clippy/rust-1.98.0/index.html#too_many_lines

warning: casts from `i16` to `f64` can be expressed infallibly using `From`
  --> crates/rrrah-decode/src/wmf.rs:37:21
   |
37 |     let i16at = |n| i16::from_le_bytes(b[n..n + 2].try_into().unwrap()) as f64;
   |                     ^^^^^^^^^^^^^^^^^^^^^^^^^^^^^^^^^^^^^^^^^^^^^^^^^^^^^^^^^^
   |
   = help: an `as` cast can become silently lossy if the types change in the future
   = help: for further information visit https://rust-lang.github.io/rust-clippy/rust-1.98.0/index.html#cast_lossless
help: use `f64::from` instead
   |
37 -     let i16at = |n| i16::from_le_bytes(b[n..n + 2].try_into().unwrap()) as f64;
37 +     let i16at = |n| f64::from(i16::from_le_bytes(b[n..n + 2].try_into().unwrap()));
   |

warning: casts from `u16` to `f64` can be expressed infallibly using `From`
  --> crates/rrrah-decode/src/wmf.rs:43:16
   |
43 |     let inch = u16at(14) as f64;
   |                ^^^^^^^^^^^^^^^^
   |
   = help: an `as` cast can become silently lossy if the types change in the future
   = help: for further information visit https://rust-lang.github.io/rust-clippy/rust-1.98.0/index.html#cast_lossless
help: use `f64::from` instead
   |
43 -     let inch = u16at(14) as f64;
43 +     let inch = f64::from(u16at(14));
   |

warning: casts from `i16` to `f64` can be expressed infallibly using `From`
  --> crates/rrrah-decode/src/wmf.rs:94:21
   |
94 |         let p = |n| i16::from_le_bytes(data[n..n + 2].try_into().unwrap()) as f64;
   |                     ^^^^^^^^^^^^^^^^^^^^^^^^^^^^^^^^^^^^^^^^^^^^^^^^^^^^^^^^^^^^^
   |
   = help: an `as` cast can become silently lossy if the types change in the future
   = help: for further information visit https://rust-lang.github.io/rust-clippy/rust-1.98.0/index.html#cast_lossless
help: use `f64::from` instead
   |
94 -         let p = |n| i16::from_le_bytes(data[n..n + 2].try_into().unwrap()) as f64;
94 +         let p = |n| f64::from(i16::from_le_bytes(data[n..n + 2].try_into().unwrap()));
   |

warning: casting `usize` to `isize` may wrap around the value
   --> crates/rrrah-decode/src/wmf.rs:121:21
    |
121 |                     saved.len() as isize + index
    |                     ^^^^^^^^^^^^^^^^^^^^ help: if this is intentional, use `cast_signed()` instead: `saved.len().cast_signed()`
    |
    = help: for further information visit https://rust-lang.github.io/rust-clippy/rust-1.98.0/index.html#cast_possible_wrap

warning: casting `isize` to `usize` may lose the sign of the value
   --> crates/rrrah-decode/src/wmf.rs:125:48
    |
125 |                 if index == 0 || target < 0 || target as usize >= saved.len() {
    |                                                ^^^^^^^^^^^^^^^ help: if this is intentional, use `cast_unsigned()` instead: `target.cast_unsigned()`
    |
    = help: for further information visit https://rust-lang.github.io/rust-clippy/rust-1.98.0/index.html#cast_sign_loss

warning: casting `isize` to `usize` may lose the sign of the value
   --> crates/rrrah-decode/src/wmf.rs:137:27
    |
137 |                 ) = saved[target as usize].clone();
    |                           ^^^^^^^^^^^^^^^ help: if this is intentional, use `cast_unsigned()` instead: `target.cast_unsigned()`
    |
    = help: for further information visit https://rust-lang.github.io/rust-clippy/rust-1.98.0/index.html#cast_sign_loss

warning: casting `isize` to `usize` may lose the sign of the value
   --> crates/rrrah-decode/src/wmf.rs:138:32
    |
138 |                 saved.truncate(target as usize);
    |                                ^^^^^^^^^^^^^^^ help: if this is intentional, use `cast_unsigned()` instead: `target.cast_unsigned()`
    |
    = help: for further information visit https://rust-lang.github.io/rust-clippy/rust-1.98.0/index.html#cast_sign_loss

warning: redundant closure
   --> crates/rrrah-decode/src/wmf.rs:234:35
    |
234 |                         .and_then(|v| v.clone())
    |                                   ^^^^^^^^^^^^^ help: replace the closure with the method itself: `std::clone::Clone::clone`
    |
    = help: for further information visit https://rust-lang.github.io/rust-clippy/rust-1.98.0/index.html#redundant_closure_for_method_calls

warning: this function has too many lines (251/100)
  --> crates/rrrah-decode/src/apng.rs:48:1
   |
48 | pub(crate) fn decode(b: &[u8], request: &DecodeRequest) -> Result<ApngImage, RasterDecodeError> {
   | ^^^^^^^^^^^^^^^^^^^^^^^^^^^^^^^^^^^^^^^^^^^^^^^^^^^^^^^^^^^^^^^^^^^^^^^^^^^^^^^^^^^^^^^^^^^^^^^
   |
   = help: for further information visit https://rust-lang.github.io/rust-clippy/rust-1.98.0/index.html#too_many_lines

warning: this argument (4 byte) is passed by reference, but would be more efficient if passed by value (limit: 8 byte)
   --> crates/rrrah-decode/src/apng.rs:314:42
    |
314 | fn append_chunk(out: &mut Vec<u8>, kind: &[u8; 4], data: &[u8]) {
    |                                          ^^^^^^^^ help: consider passing by value instead: `[u8; 4]`
    |
    = help: for further information visit https://rust-lang.github.io/rust-clippy/rust-1.98.0/index.html#trivially_copy_pass_by_ref

warning: casting `usize` to `u32` may truncate the value on targets with 64-bit wide pointers
   --> crates/rrrah-decode/src/apng.rs:315:28
    |
315 |     out.extend_from_slice(&(data.len() as u32).to_be_bytes());
    |                            ^^^^^^^^^^^^^^^^^^^
    |
    = help: if this is intentional allow the lint with `#[allow(clippy::cast_possible_truncation)]` ...
    = help: for further information visit https://rust-lang.github.io/rust-clippy/rust-1.98.0/index.html#cast_possible_truncation
help: ... or use `try_from` and handle the error accordingly
    |
315 -     out.extend_from_slice(&(data.len() as u32).to_be_bytes());
315 +     out.extend_from_slice(&u32::try_from(data.len()).to_be_bytes());
    |

warning: this argument is passed by value, but not consumed in the function body
 --> crates/rrrah-decode/src/astc.rs:9:17
  |
9 | fn bad(message: impl ToString) -> RasterDecodeError {
  |                 ^^^^^^^^^^^^^
  |
  = help: for further information visit https://rust-lang.github.io/rust-clippy/rust-1.98.0/index.html#needless_pass_by_value
  = note: `-W clippy::needless-pass-by-value` implied by `-W clippy::pedantic`
  = help: to override `-W clippy::pedantic` add `#[allow(clippy::needless_pass_by_value)]`
help: consider taking a reference instead
  |
9 | fn bad(message: &impl ToString) -> RasterDecodeError {
  |                 +

warning: usage of wildcard import
   --> crates/rrrah-decode/src/astc.rs:145:9
    |
145 |     use super::*;
    |         ^^^^^^^^ help: try: `super::{RasterDecodeError, bad, DecodeRequest, RasterPixels, RasterColorSpace, Arc}`
    |
    = help: for further information visit https://rust-lang.github.io/rust-clippy/rust-1.98.0/index.html#wildcard_imports
    = note: `-W clippy::wildcard-imports` implied by `-W clippy::pedantic`
    = help: to override `-W clippy::pedantic` add `#[allow(clippy::wildcard_imports)]`

warning: implicit borrow as raw pointer
   --> crates/rrrah-decode/src/astc.rs:191:55
    |
191 |             check(unsafe { ffi::astcenc_context_alloc(&config, 1, &mut pointer) })?;
    |                                                       ^^^^^^^
    |
    = help: for further information visit https://rust-lang.github.io/rust-clippy/rust-1.98.0/index.html#borrow_as_ptr
    = note: `-W clippy::borrow-as-ptr` implied by `-W clippy::pedantic`
    = help: to override `-W clippy::pedantic` add `#[allow(clippy::borrow_as_ptr)]`
help: use a raw pointer instead
    |
191 |             check(unsafe { ffi::astcenc_context_alloc(&raw const config, 1, &mut pointer) })?;
    |                                                        +++++++++

warning: implicit borrow as raw pointer
   --> crates/rrrah-decode/src/astc.rs:191:67
    |
191 |             check(unsafe { ffi::astcenc_context_alloc(&config, 1, &mut pointer) })?;
    |                                                                   ^^^^^^^^^^^^
    |
    = help: for further information visit https://rust-lang.github.io/rust-clippy/rust-1.98.0/index.html#borrow_as_ptr
help: use a raw pointer instead
    |
191 |             check(unsafe { ffi::astcenc_context_alloc(&config, 1, &raw mut pointer) })?;
    |                                                                    +++

warning: implicit borrow as raw pointer
   --> crates/rrrah-decode/src/astc.rs:241:21
    |
241 |                     &mut image,
    |                     ^^^^^^^^^^
    |
    = help: for further information visit https://rust-lang.github.io/rust-clippy/rust-1.98.0/index.html#borrow_as_ptr
help: use a raw pointer instead
    |
241 |                     &raw mut image,
    |                      +++

warning: implicit borrow as raw pointer
   --> crates/rrrah-decode/src/astc.rs:242:21
    |
242 |                     &swizzle,
    |                     ^^^^^^^^
    |
    = help: for further information visit https://rust-lang.github.io/rust-clippy/rust-1.98.0/index.html#borrow_as_ptr
help: use a raw pointer instead
    |
242 |                     &raw const swizzle,
    |                      +++++++++

warning: using `chunks_exact` with a constant chunk size
   --> crates/rrrah-decode/src/astc.rs:258:30
    |
258 |         for block in payload.chunks_exact(16) {
    |                              ^^^^^^^^^^^^^^^^ help: consider using `as_chunks` instead: `as_chunks::<16>().0`
    |
    = help: for further information visit https://rust-lang.github.io/rust-clippy/rust-1.98.0/index.html#chunks_exact_to_as_chunks

warning: very complex type used. Consider factoring parts into `type` definitions
 --> crates/rrrah-decode/src/avif_color.rs:7:27
  |
7 | fn boxes(mut b: &[u8]) -> Result<Vec<([u8; 4], &[u8])>, RasterDecodeError> {
  |                           ^^^^^^^^^^^^^^^^^^^^^^^^^^^^^^^^^^^^^^^^^^^^^^^^
  |
  = help: for further information visit https://rust-lang.github.io/rust-clippy/rust-1.98.0/index.html#type_complexity

warning: this function has too many lines (181/100)
  --> crates/rrrah-decode/src/avif_color.rs:66:1
   |
66 | pub(crate) fn properties(bytes: &[u8]) -> Result<Properties, RasterDecodeError> {
   | ^^^^^^^^^^^^^^^^^^^^^^^^^^^^^^^^^^^^^^^^^^^^^^^^^^^^^^^^^^^^^^^^^^^^^^^^^^^^^^^
   |
   = help: for further information visit https://rust-lang.github.io/rust-clippy/rust-1.98.0/index.html#too_many_lines

warning: this `if` can be collapsed into the outer `match`
   --> crates/rrrah-decode/src/avif_color.rs:101:17
    |
101 | /                 if iprp.replace(data).is_some() {
102 | |                     return Err(invalid("duplicate item properties"));
103 | |                 }
    | |_________________^
    |
    = help: for further information visit https://rust-lang.github.io/rust-clippy/rust-1.98.0/index.html#collapsible_match
help: collapse nested if block
    |
100 ~             b"iprp"
101 ~                 if iprp.replace(data).is_some() => {
102 |                     return Err(invalid("duplicate item properties"));
103 ~                 }
    |

warning: casting `usize` to `u32` may truncate the value on targets with 64-bit wide pointers
   --> crates/rrrah-decode/src/avif_color.rs:142:28
    |
142 |                 if index > properties.len() as u32 {
    |                            ^^^^^^^^^^^^^^^^^^^^^^^
    |
    = help: if this is intentional allow the lint with `#[allow(clippy::cast_possible_truncation)]` ...
    = help: for further information visit https://rust-lang.github.io/rust-clippy/rust-1.98.0/index.html#cast_possible_truncation
help: ... or use `try_from` and handle the error accordingly
    |
142 -                 if index > properties.len() as u32 {
142 +                 if index > u32::try_from(properties.len()) {
    |

warning: casting `i128` to `u32` may truncate the value
   --> crates/rrrah-decode/src/avif_color.rs:273:13
    |
273 |         Ok((origin as u32, extent))
    |             ^^^^^^^^^^^^^
    |
    = help: if this is intentional allow the lint with `#[allow(clippy::cast_possible_truncation)]` ...
    = help: for further information visit https://rust-lang.github.io/rust-clippy/rust-1.98.0/index.html#cast_possible_truncation
help: ... or use `try_from` and handle the error accordingly
    |
273 -         Ok((origin as u32, extent))
273 +         Ok((u32::try_from(origin), extent))
    |

warning: casting `i128` to `u32` may lose the sign of the value
   --> crates/rrrah-decode/src/avif_color.rs:273:13
    |
273 |         Ok((origin as u32, extent))
    |             ^^^^^^^^^^^^^
    |
    = help: for further information visit https://rust-lang.github.io/rust-clippy/rust-1.98.0/index.html#cast_sign_loss

warning: using `chunks_exact` with a constant chunk size
   --> crates/rrrah-decode/src/camtiff/arw.rs:918:64
    |
918 |     for (target, bytes) in row_output.iter_mut().zip(row_bytes.chunks_exact(2)) {
    |                                                                ^^^^^^^^^^^^^^^
    |
help: consider using `as_chunks::<2>()` instead
   --> crates/rrrah-decode/src/camtiff/arw.rs:918:64
    |
918 |     for (target, bytes) in row_output.iter_mut().zip(row_bytes.chunks_exact(2)) {
    |                                                                ^^^^^^^^^^^^^^^
    = help: for further information visit https://rust-lang.github.io/rust-clippy/rust-1.98.0/index.html#chunks_exact_to_as_chunks

warning: casting `f64` to `f32` may truncate the value
   --> crates/rrrah-decode/src/camtiff/color.rs:510:38
    |
510 |         values: [1, 0, 2, 3].map(|i| values[i] as f32).to_vec(),
    |                                      ^^^^^^^^^^^^^^^^
    |
    = help: if this is intentional allow the lint with `#[allow(clippy::cast_possible_truncation)]` ...
    = help: for further information visit https://rust-lang.github.io/rust-clippy/rust-1.98.0/index.html#cast_possible_truncation

warning: adding items after statements is confusing, since items exist from the start of the scope
  --> crates/rrrah-decode/src/camtiff/dcr.rs:78:9
   |
78 |         use rrrah_core::{CfaColor, CfaPattern, LevelGrid, Rect, WhiteLevel};
   |         ^^^^^^^^^^^^^^^^^^^^^^^^^^^^^^^^^^^^^^^^^^^^^^^^^^^^^^^^^^^^^^^^^^^^
   |
   = help: for further information visit https://rust-lang.github.io/rust-clippy/rust-1.98.0/index.html#items_after_statements

warning: adding items after statements is confusing, since items exist from the start of the scope
  --> crates/rrrah-decode/src/camtiff/dcr.rs:78:26
   |
78 |         use rrrah_core::{CfaColor, CfaPattern, LevelGrid, Rect, WhiteLevel};
   |                          ^^^^^^^^
   |
   = help: for further information visit https://rust-lang.github.io/rust-clippy/rust-1.98.0/index.html#items_after_statements

warning: adding items after statements is confusing, since items exist from the start of the scope
  --> crates/rrrah-decode/src/camtiff/dcr.rs:78:36
   |
78 |         use rrrah_core::{CfaColor, CfaPattern, LevelGrid, Rect, WhiteLevel};
   |                                    ^^^^^^^^^^
   |
   = help: for further information visit https://rust-lang.github.io/rust-clippy/rust-1.98.0/index.html#items_after_statements

warning: adding items after statements is confusing, since items exist from the start of the scope
  --> crates/rrrah-decode/src/camtiff/dcr.rs:78:48
   |
78 |         use rrrah_core::{CfaColor, CfaPattern, LevelGrid, Rect, WhiteLevel};
   |                                                ^^^^^^^^^
   |
   = help: for further information visit https://rust-lang.github.io/rust-clippy/rust-1.98.0/index.html#items_after_statements

warning: adding items after statements is confusing, since items exist from the start of the scope
  --> crates/rrrah-decode/src/camtiff/dcr.rs:78:59
   |
78 |         use rrrah_core::{CfaColor, CfaPattern, LevelGrid, Rect, WhiteLevel};
   |                                                           ^^^^
   |
   = help: for further information visit https://rust-lang.github.io/rust-clippy/rust-1.98.0/index.html#items_after_statements

warning: adding items after statements is confusing, since items exist from the start of the scope
  --> crates/rrrah-decode/src/camtiff/dcr.rs:78:65
   |
78 |         use rrrah_core::{CfaColor, CfaPattern, LevelGrid, Rect, WhiteLevel};
   |                                                                 ^^^^^^^^^^
   |
   = help: for further information visit https://rust-lang.github.io/rust-clippy/rust-1.98.0/index.html#items_after_statements

warning: adding items after statements is confusing, since items exist from the start of the scope
  --> crates/rrrah-decode/src/camtiff/dcs_sensor.rs:77:9
   |
77 |         use rrrah_core::{CfaColor, CfaPattern, LevelGrid, Rect, WhiteLevel};
   |         ^^^^^^^^^^^^^^^^^^^^^^^^^^^^^^^^^^^^^^^^^^^^^^^^^^^^^^^^^^^^^^^^^^^^
   |
   = help: for further information visit https://rust-lang.github.io/rust-clippy/rust-1.98.0/index.html#items_after_statements

warning: adding items after statements is confusing, since items exist from the start of the scope
  --> crates/rrrah-decode/src/camtiff/dcs_sensor.rs:77:26
   |
77 |         use rrrah_core::{CfaColor, CfaPattern, LevelGrid, Rect, WhiteLevel};
   |                          ^^^^^^^^
   |
   = help: for further information visit https://rust-lang.github.io/rust-clippy/rust-1.98.0/index.html#items_after_statements

warning: adding items after statements is confusing, since items exist from the start of the scope
  --> crates/rrrah-decode/src/camtiff/dcs_sensor.rs:77:36
   |
77 |         use rrrah_core::{CfaColor, CfaPattern, LevelGrid, Rect, WhiteLevel};
   |                                    ^^^^^^^^^^
   |
   = help: for further information visit https://rust-lang.github.io/rust-clippy/rust-1.98.0/index.html#items_after_statements

warning: adding items after statements is confusing, since items exist from the start of the scope
  --> crates/rrrah-decode/src/camtiff/dcs_sensor.rs:77:48
   |
77 |         use rrrah_core::{CfaColor, CfaPattern, LevelGrid, Rect, WhiteLevel};
   |                                                ^^^^^^^^^
   |
   = help: for further information visit https://rust-lang.github.io/rust-clippy/rust-1.98.0/index.html#items_after_statements

warning: adding items after statements is confusing, since items exist from the start of the scope
  --> crates/rrrah-decode/src/camtiff/dcs_sensor.rs:77:59
   |
77 |         use rrrah_core::{CfaColor, CfaPattern, LevelGrid, Rect, WhiteLevel};
   |                                                           ^^^^
   |
   = help: for further information visit https://rust-lang.github.io/rust-clippy/rust-1.98.0/index.html#items_after_statements

warning: adding items after statements is confusing, since items exist from the start of the scope
  --> crates/rrrah-decode/src/camtiff/dcs_sensor.rs:77:65
   |
77 |         use rrrah_core::{CfaColor, CfaPattern, LevelGrid, Rect, WhiteLevel};
   |                                                                 ^^^^^^^^^^
   |
   = help: for further information visit https://rust-lang.github.io/rust-clippy/rust-1.98.0/index.html#items_after_statements

warning: item in documentation is missing backticks
 --> crates/rrrah-decode/src/camtiff/erf.rs:1:15
  |
1 | //! Epson ERF MakerNote color parameters, with bounded native TIFF access.
  |               ^^^^^^^^^
  |
  = help: for further information visit https://rust-lang.github.io/rust-clippy/rust-1.98.0/index.html#doc_markdown
help: try
  |
1 - //! Epson ERF MakerNote color parameters, with bounded native TIFF access.
1 + //! Epson ERF `MakerNote` color parameters, with bounded native TIFF access.
  |

warning: casting `f64` to `f32` may truncate the value
  --> crates/rrrah-decode/src/camtiff/erf.rs:55:45
   |
55 |         black_grid: std::array::from_fn(|i| black[i] as f32),
   |                                             ^^^^^^^^^^^^^^^
   |
   = help: if this is intentional allow the lint with `#[allow(clippy::cast_possible_truncation)]` ...
   = help: for further information visit https://rust-lang.github.io/rust-clippy/rust-1.98.0/index.html#cast_possible_truncation

warning: using `chunks_exact` with a constant chunk size
   --> crates/rrrah-decode/src/camtiff/erf.rs:159:33
    |
159 |         for (i, block) in bytes.chunks_exact(16).enumerate() {
    |                                 ^^^^^^^^^^^^^^^^ help: consider using `as_chunks` instead: `as_chunks::<16>().0.iter()`
    |
    = help: for further information visit https://rust-lang.github.io/rust-clippy/rust-1.98.0/index.html#chunks_exact_to_as_chunks

warning: using `chunks_exact` with a constant chunk size
   --> crates/rrrah-decode/src/camtiff/erf.rs:163:37
    |
163 |             for pair in block[..15].chunks_exact(3) {
    |                                     ^^^^^^^^^^^^^^^ help: consider using `as_chunks` instead: `as_chunks::<3>().0`
    |
    = help: for further information visit https://rust-lang.github.io/rust-clippy/rust-1.98.0/index.html#chunks_exact_to_as_chunks

warning: adding items after statements is confusing, since items exist from the start of the scope
  --> crates/rrrah-decode/src/camtiff/fff.rs:87:9
   |
87 |         use rrrah_core::{CfaColor, CfaPattern, LevelGrid, Rect, WhiteLevel};
   |         ^^^^^^^^^^^^^^^^^^^^^^^^^^^^^^^^^^^^^^^^^^^^^^^^^^^^^^^^^^^^^^^^^^^^
   |
   = help: for further information visit https://rust-lang.github.io/rust-clippy/rust-1.98.0/index.html#items_after_statements

warning: adding items after statements is confusing, since items exist from the start of the scope
  --> crates/rrrah-decode/src/camtiff/fff.rs:87:26
   |
87 |         use rrrah_core::{CfaColor, CfaPattern, LevelGrid, Rect, WhiteLevel};
   |                          ^^^^^^^^
   |
   = help: for further information visit https://rust-lang.github.io/rust-clippy/rust-1.98.0/index.html#items_after_statements

warning: adding items after statements is confusing, since items exist from the start of the scope
  --> crates/rrrah-decode/src/camtiff/fff.rs:87:36
   |
87 |         use rrrah_core::{CfaColor, CfaPattern, LevelGrid, Rect, WhiteLevel};
   |                                    ^^^^^^^^^^
   |
   = help: for further information visit https://rust-lang.github.io/rust-clippy/rust-1.98.0/index.html#items_after_statements

warning: adding items after statements is confusing, since items exist from the start of the scope
  --> crates/rrrah-decode/src/camtiff/fff.rs:87:48
   |
87 |         use rrrah_core::{CfaColor, CfaPattern, LevelGrid, Rect, WhiteLevel};
   |                                                ^^^^^^^^^
   |
   = help: for further information visit https://rust-lang.github.io/rust-clippy/rust-1.98.0/index.html#items_after_statements

warning: adding items after statements is confusing, since items exist from the start of the scope
  --> crates/rrrah-decode/src/camtiff/fff.rs:87:59
   |
87 |         use rrrah_core::{CfaColor, CfaPattern, LevelGrid, Rect, WhiteLevel};
   |                                                           ^^^^
   |
   = help: for further information visit https://rust-lang.github.io/rust-clippy/rust-1.98.0/index.html#items_after_statements

warning: adding items after statements is confusing, since items exist from the start of the scope
  --> crates/rrrah-decode/src/camtiff/fff.rs:87:65
   |
87 |         use rrrah_core::{CfaColor, CfaPattern, LevelGrid, Rect, WhiteLevel};
   |                                                                 ^^^^^^^^^^
   |
   = help: for further information visit https://rust-lang.github.io/rust-clippy/rust-1.98.0/index.html#items_after_statements

warning: casting `f64` to `f32` may truncate the value
  --> crates/rrrah-decode/src/camtiff/hasselblad.rs:27:16
   |
27 |         *dst = src as f32;
   |                ^^^^^^^^^^
   |
   = help: if this is intentional allow the lint with `#[allow(clippy::cast_possible_truncation)]` ...
   = help: for further information visit https://rust-lang.github.io/rust-clippy/rust-1.98.0/index.html#cast_possible_truncation

warning: casting `u64` to `u32` may truncate the value
  --> crates/rrrah-decode/src/camtiff/hasselblad_entropy.rs:33:12
   |
33 |         Ok(((self.buffer >> (self.available - count)) & ((1u64 << count) - 1)) as u32)
   |            ^^^^^^^^^^^^^^^^^^^^^^^^^^^^^^^^^^^^^^^^^^^^^^^^^^^^^^^^^^^^^^^^^^^^^^^^^^
   |
   = help: if this is intentional allow the lint with `#[allow(clippy::cast_possible_truncation)]` ...
   = help: for further information visit https://rust-lang.github.io/rust-clippy/rust-1.98.0/index.html#cast_possible_truncation
help: ... or use `try_from` and handle the error accordingly
   |
33 -         Ok(((self.buffer >> (self.available - count)) & ((1u64 << count) - 1)) as u32)
33 +         Ok(u32::try_from((self.buffer >> (self.available - count)) & ((1u64 << count) - 1)))
   |

warning: casting `usize` to `u16` may truncate the value
  --> crates/rrrah-decode/src/camtiff/hasselblad_entropy.rs:61:48
   |
61 |                     prefixes[start..end].fill(((length as u16) << 8) | u16::from(values[index]));
   |                                                ^^^^^^^^^^^^^^^
   |
   = help: if this is intentional allow the lint with `#[allow(clippy::cast_possible_truncation)]` ...
   = help: for further information visit https://rust-lang.github.io/rust-clippy/rust-1.98.0/index.html#cast_possible_truncation
help: ... or use `try_from` and handle the error accordingly
   |
61 -                     prefixes[start..end].fill(((length as u16) << 8) | u16::from(values[index]));
61 +                     prefixes[start..end].fill((u16::try_from(length) << 8) | u16::from(values[index]));
   |

warning: this function has too many lines (114/100)
   --> crates/rrrah-decode/src/camtiff/hasselblad_entropy.rs:107:1
    |
107 | / fn decode_inner<const FAST: bool>(
108 | |     data: &[u8],
109 | |     width: usize,
110 | |     height: usize,
111 | |     cancelled: &(dyn Fn() -> bool + Sync),
112 | | ) -> Result<Vec<u16>, DecodeError> {
    | |__________________________________^
    |
    = help: for further information visit https://rust-lang.github.io/rust-clippy/rust-1.98.0/index.html#too_many_lines

warning: manual implementation of `.is_multiple_of()`
   --> crates/rrrah-decode/src/camtiff/hasselblad_entropy.rs:113:60
    |
113 |     if data.get(..2) != Some(&[255, 216]) || width == 0 || width % 2 != 0 || height == 0 {
    |                                                            ^^^^^^^^^^^^^^ help: replace with: `!width.is_multiple_of(2)`
    |
    = help: for further information visit https://rust-lang.github.io/rust-clippy/rust-1.98.0/index.html#manual_is_multiple_of

warning: casting `u32` to `i32` may wrap around the value
   --> crates/rrrah-decode/src/camtiff/hasselblad_entropy.rs:212:38
    |
212 |                 let mut difference = amplitude as i32;
    |                                      ^^^^^^^^^^^^^^^^ help: if this is intentional, use `cast_signed()` instead: `amplitude.cast_signed()`
    |
    = help: for further information visit https://rust-lang.github.io/rust-clippy/rust-1.98.0/index.html#cast_possible_wrap

warning: casting `i32` to `u16` may lose the sign of the value
   --> crates/rrrah-decode/src/camtiff/hasselblad_entropy.rs:222:26
    |
222 |                 out.push((predictor[channel] & 65535) as u16);
    |                          ^^^^^^^^^^^^^^^^^^^^^^^^^^^^^^^^^^^
    |
    = help: for further information visit https://rust-lang.github.io/rust-clippy/rust-1.98.0/index.html#cast_sign_loss

warning: adding items after statements is confusing, since items exist from the start of the scope
   --> crates/rrrah-decode/src/camtiff/kdc.rs:123:9
    |
123 |         use rrrah_core::{CfaColor, CfaPattern, LevelGrid, WhiteLevel};
    |         ^^^^^^^^^^^^^^^^^^^^^^^^^^^^^^^^^^^^^^^^^^^^^^^^^^^^^^^^^^^^^^
    |
    = help: for further information visit https://rust-lang.github.io/rust-clippy/rust-1.98.0/index.html#items_after_statements

warning: adding items after statements is confusing, since items exist from the start of the scope
   --> crates/rrrah-decode/src/camtiff/kdc.rs:123:26
    |
123 |         use rrrah_core::{CfaColor, CfaPattern, LevelGrid, WhiteLevel};
    |                          ^^^^^^^^
    |
    = help: for further information visit https://rust-lang.github.io/rust-clippy/rust-1.98.0/index.html#items_after_statements

warning: adding items after statements is confusing, since items exist from the start of the scope
   --> crates/rrrah-decode/src/camtiff/kdc.rs:123:36
    |
123 |         use rrrah_core::{CfaColor, CfaPattern, LevelGrid, WhiteLevel};
    |                                    ^^^^^^^^^^
    |
    = help: for further information visit https://rust-lang.github.io/rust-clippy/rust-1.98.0/index.html#items_after_statements

warning: adding items after statements is confusing, since items exist from the start of the scope
   --> crates/rrrah-decode/src/camtiff/kdc.rs:123:48
    |
123 |         use rrrah_core::{CfaColor, CfaPattern, LevelGrid, WhiteLevel};
    |                                                ^^^^^^^^^
    |
    = help: for further information visit https://rust-lang.github.io/rust-clippy/rust-1.98.0/index.html#items_after_statements

warning: adding items after statements is confusing, since items exist from the start of the scope
   --> crates/rrrah-decode/src/camtiff/kdc.rs:123:59
    |
123 |         use rrrah_core::{CfaColor, CfaPattern, LevelGrid, WhiteLevel};
    |                                                           ^^^^^^^^^^
    |
    = help: for further information visit https://rust-lang.github.io/rust-clippy/rust-1.98.0/index.html#items_after_statements

warning: using `chunks_exact` with a constant chunk size
   --> crates/rrrah-decode/src/camtiff/kdc.rs:164:32
    |
164 |         for (i, pair) in bytes.chunks_exact(3).enumerate() {
    |                                ^^^^^^^^^^^^^^^ help: consider using `as_chunks` instead: `as_chunks::<3>().0.iter()`
    |
    = help: for further information visit https://rust-lang.github.io/rust-clippy/rust-1.98.0/index.html#chunks_exact_to_as_chunks

warning: using `chunks_exact` with a constant chunk size
  --> crates/rrrah-decode/src/camtiff/kodak_65000.rs:39:57
   |
39 |                 for (w, pair) in words.iter_mut().zip(b.chunks_exact(2)) {
   |                                                         ^^^^^^^^^^^^^^^
   |
help: consider using `as_chunks::<2>()` instead
  --> crates/rrrah-decode/src/camtiff/kodak_65000.rs:39:57
   |
39 |                 for (w, pair) in words.iter_mut().zip(b.chunks_exact(2)) {
   |                                                         ^^^^^^^^^^^^^^^
   = help: for further information visit https://rust-lang.github.io/rust-clippy/rust-1.98.0/index.html#chunks_exact_to_as_chunks

warning: casting `u64` to `i32` may truncate the value
  --> crates/rrrah-decode/src/camtiff/kodak_65000.rs:69:29
   |
69 |             let amplitude = (buffer & ((1u64 << length) - 1)) as i32;
   |                             ^^^^^^^^^^^^^^^^^^^^^^^^^^^^^^^^^^^^^^^^
   |
   = help: if this is intentional allow the lint with `#[allow(clippy::cast_possible_truncation)]` ...
   = help: for further information visit https://rust-lang.github.io/rust-clippy/rust-1.98.0/index.html#cast_possible_truncation
help: ... or use `try_from` and handle the error accordingly
   |
69 -             let amplitude = (buffer & ((1u64 << length) - 1)) as i32;
69 +             let amplitude = i32::try_from(buffer & ((1u64 << length) - 1));
   |

warning: casting `i32` to `u16` may truncate the value
  --> crates/rrrah-decode/src/camtiff/kodak_65000.rs:83:29
   |
83 |                 output.push(value as u16);
   |                             ^^^^^^^^^^^^
   |
   = help: if this is intentional allow the lint with `#[allow(clippy::cast_possible_truncation)]` ...
   = help: for further information visit https://rust-lang.github.io/rust-clippy/rust-1.98.0/index.html#cast_possible_truncation
help: ... or use `try_from` and handle the error accordingly
   |
83 -                 output.push(value as u16);
83 +                 output.push(u16::try_from(value));
   |

warning: casting `i32` to `u16` may lose the sign of the value
  --> crates/rrrah-decode/src/camtiff/kodak_65000.rs:83:29
   |
83 |                 output.push(value as u16);
   |                             ^^^^^^^^^^^^
   |
   = help: for further information visit https://rust-lang.github.io/rust-clippy/rust-1.98.0/index.html#cast_sign_loss

warning: casting `f64` to `f32` may truncate the value
  --> crates/rrrah-decode/src/camtiff/kodak_dcr_color.rs:44:40
   |
44 |     let v = values.into_iter().map(|x| x as f32).collect::<Vec<_>>();
   |                                        ^^^^^^^^
   |
   = help: if this is intentional allow the lint with `#[allow(clippy::cast_possible_truncation)]` ...
   = help: for further information visit https://rust-lang.github.io/rust-clippy/rust-1.98.0/index.html#cast_possible_truncation

warning: this `if` statement can be collapsed
  --> crates/rrrah-decode/src/camtiff/leaf_packets.rs:82:9
   |
82 | /         if let Some(index) = names.iter().position(|candidate| *candidate == name) {
83 | |             if fields[index].replace(payload).is_some() {
84 | |                 return Err(error("duplicate calibration packet"));
85 | |             }
86 | |         }
   | |_________^
   |
   = help: for further information visit https://rust-lang.github.io/rust-clippy/rust-1.98.0/index.html#collapsible_if
help: collapse nested if block
   |
82 ~         if let Some(index) = names.iter().position(|candidate| *candidate == name)
83 ~             && fields[index].replace(payload).is_some() {
84 |                 return Err(error("duplicate calibration packet"));
85 ~             }
   |

warning: manual implementation of `.is_multiple_of()`
  --> crates/rrrah-decode/src/camtiff/mef_sensor.rs:19:37
   |
19 |     if width == 0 || height == 0 || width % 2 != 0 {
   |                                     ^^^^^^^^^^^^^^ help: replace with: `!width.is_multiple_of(2)`
   |
   = help: for further information visit https://rust-lang.github.io/rust-clippy/rust-1.98.0/index.html#manual_is_multiple_of

warning: using `chunks_exact` with a constant chunk size
  --> crates/rrrah-decode/src/camtiff/mef_sensor.rs:41:42
   |
41 |         for (encoded, decoded) in source.chunks_exact(3).zip(destination.chunks_exact_mut(2)) {
   |                                          ^^^^^^^^^^^^^^^ help: consider using `as_chunks` instead: `as_chunks::<3>().0.iter()`
   |
   = help: for further information visit https://rust-lang.github.io/rust-clippy/rust-1.98.0/index.html#chunks_exact_to_as_chunks

warning: using `chunks_exact_mut` with a constant chunk size
  --> crates/rrrah-decode/src/camtiff/mef_sensor.rs:41:74
   |
41 |         for (encoded, decoded) in source.chunks_exact(3).zip(destination.chunks_exact_mut(2)) {
   |                                                                          ^^^^^^^^^^^^^^^^^^^
   |
help: consider using `as_chunks_mut::<2>()` instead
  --> crates/rrrah-decode/src/camtiff/mef_sensor.rs:41:74
   |
41 |         for (encoded, decoded) in source.chunks_exact(3).zip(destination.chunks_exact_mut(2)) {
   |                                                                          ^^^^^^^^^^^^^^^^^^^
   = help: for further information visit https://rust-lang.github.io/rust-clippy/rust-1.98.0/index.html#chunks_exact_to_as_chunks

warning: this `if` statement can be collapsed
  --> crates/rrrah-decode/src/camtiff/mef_sensor.rs:82:9
   |
82 | /         if super::optional_scalar("MEF", directory, 256)? == Some(4016)
83 | |             && super::optional_scalar("MEF", directory, 257)? == Some(5344)
84 | |         {
85 | |             if sensor.replace(directory).is_some() {
...  |
88 | |         }
   | |_________^
   |
   = help: for further information visit https://rust-lang.github.io/rust-clippy/rust-1.98.0/index.html#collapsible_if
help: collapse nested if block
   |
83 ~             && super::optional_scalar("MEF", directory, 257)? == Some(5344)
84 ~             && sensor.replace(directory).is_some() {
85 |                 return Err(error("ambiguous sensor directory"));
86 ~             }
   |

warning: adding items after statements is confusing, since items exist from the start of the scope
  --> crates/rrrah-decode/src/camtiff/mos.rs:52:9
   |
52 |         use rrrah_core::{CfaColor, CfaPattern, LevelGrid, Orientation, Rect, WhiteLevel};
   |         ^^^^^^^^^^^^^^^^^^^^^^^^^^^^^^^^^^^^^^^^^^^^^^^^^^^^^^^^^^^^^^^^^^^^^^^^^^^^^^^^^
   |
   = help: for further information visit https://rust-lang.github.io/rust-clippy/rust-1.98.0/index.html#items_after_statements

warning: adding items after statements is confusing, since items exist from the start of the scope
  --> crates/rrrah-decode/src/camtiff/mos.rs:52:26
   |
52 |         use rrrah_core::{CfaColor, CfaPattern, LevelGrid, Orientation, Rect, WhiteLevel};
   |                          ^^^^^^^^
   |
   = help: for further information visit https://rust-lang.github.io/rust-clippy/rust-1.98.0/index.html#items_after_statements

warning: adding items after statements is confusing, since items exist from the start of the scope
  --> crates/rrrah-decode/src/camtiff/mos.rs:52:36
   |
52 |         use rrrah_core::{CfaColor, CfaPattern, LevelGrid, Orientation, Rect, WhiteLevel};
   |                                    ^^^^^^^^^^
   |
   = help: for further information visit https://rust-lang.github.io/rust-clippy/rust-1.98.0/index.html#items_after_statements

warning: adding items after statements is confusing, since items exist from the start of the scope
  --> crates/rrrah-decode/src/camtiff/mos.rs:52:48
   |
52 |         use rrrah_core::{CfaColor, CfaPattern, LevelGrid, Orientation, Rect, WhiteLevel};
   |                                                ^^^^^^^^^
   |
   = help: for further information visit https://rust-lang.github.io/rust-clippy/rust-1.98.0/index.html#items_after_statements

warning: adding items after statements is confusing, since items exist from the start of the scope
  --> crates/rrrah-decode/src/camtiff/mos.rs:52:59
   |
52 |         use rrrah_core::{CfaColor, CfaPattern, LevelGrid, Orientation, Rect, WhiteLevel};
   |                                                           ^^^^^^^^^^^
   |
   = help: for further information visit https://rust-lang.github.io/rust-clippy/rust-1.98.0/index.html#items_after_statements

warning: adding items after statements is confusing, since items exist from the start of the scope
  --> crates/rrrah-decode/src/camtiff/mos.rs:52:72
   |
52 |         use rrrah_core::{CfaColor, CfaPattern, LevelGrid, Orientation, Rect, WhiteLevel};
   |                                                                        ^^^^
   |
   = help: for further information visit https://rust-lang.github.io/rust-clippy/rust-1.98.0/index.html#items_after_statements

warning: adding items after statements is confusing, since items exist from the start of the scope
  --> crates/rrrah-decode/src/camtiff/mos.rs:52:78
   |
52 |         use rrrah_core::{CfaColor, CfaPattern, LevelGrid, Orientation, Rect, WhiteLevel};
   |                                                                              ^^^^^^^^^^
   |
   = help: for further information visit https://rust-lang.github.io/rust-clippy/rust-1.98.0/index.html#items_after_statements

warning: using `chunks_exact` with a constant chunk size
   --> crates/rrrah-decode/src/camtiff/nef.rs:464:27
    |
464 |         pixels.extend(row.chunks_exact(2).map(|v| u16::from_be_bytes([v[0], v[1]])));
    |                           ^^^^^^^^^^^^^^^ help: consider using `as_chunks` instead: `as_chunks::<2>().0.iter()`
    |
    = help: for further information visit https://rust-lang.github.io/rust-clippy/rust-1.98.0/index.html#chunks_exact_to_as_chunks

warning: using `chunks_exact_mut` with a constant chunk size
   --> crates/rrrah-decode/src/camtiff/orf.rs:708:31
    |
708 |     for (pair, pixels) in out.chunks_exact_mut(2).enumerate() {
    |                               ^^^^^^^^^^^^^^^^^^^ help: consider using `as_chunks` instead: `as_chunks_mut::<2>().0.iter()`
    |
    = help: for further information visit https://rust-lang.github.io/rust-clippy/rust-1.98.0/index.html#chunks_exact_to_as_chunks

warning: using `chunks_exact` with a constant chunk size
   --> crates/rrrah-decode/src/camtiff/orf.rs:768:28
    |
768 |             .zip(row_bytes.chunks_exact(2))
    |                            ^^^^^^^^^^^^^^^
    |
help: consider using `as_chunks::<2>()` instead
   --> crates/rrrah-decode/src/camtiff/orf.rs:768:28
    |
768 |             .zip(row_bytes.chunks_exact(2))
    |                            ^^^^^^^^^^^^^^^
    = help: for further information visit https://rust-lang.github.io/rust-clippy/rust-1.98.0/index.html#chunks_exact_to_as_chunks

warning: using `chunks_exact` with a constant chunk size
   --> crates/rrrah-decode/src/camtiff/pef.rs:412:72
    |
412 |                     for (sample, word) in target.iter_mut().zip(source.chunks_exact(2)) {
    |                                                                        ^^^^^^^^^^^^^^^
    |
help: consider using `as_chunks::<2>()` instead
   --> crates/rrrah-decode/src/camtiff/pef.rs:412:72
    |
412 |                     for (sample, word) in target.iter_mut().zip(source.chunks_exact(2)) {
    |                                                                        ^^^^^^^^^^^^^^^
    = help: for further information visit https://rust-lang.github.io/rust-clippy/rust-1.98.0/index.html#chunks_exact_to_as_chunks

warning: using `chunks_exact` with a constant chunk size
    --> crates/rrrah-decode/src/camtiff/pef.rs:1182:36
     |
1182 |         for (row, chunk) in values.chunks_exact(3).enumerate() {
     |                                    ^^^^^^^^^^^^^^^ help: consider using `as_chunks` instead: `as_chunks::<3>().0.iter()`
     |
     = help: for further information visit https://rust-lang.github.io/rust-clippy/rust-1.98.0/index.html#chunks_exact_to_as_chunks

warning: using `chunks_exact` with a constant chunk size
  --> crates/rrrah-decode/src/camtiff/phaseone.rs:45:54
   |
45 |         for (value, word) in gains.iter_mut().zip(wb.chunks_exact(4)) {
   |                                                      ^^^^^^^^^^^^^^^
   |
help: consider using `as_chunks::<4>()` instead
  --> crates/rrrah-decode/src/camtiff/phaseone.rs:45:54
   |
45 |         for (value, word) in gains.iter_mut().zip(wb.chunks_exact(4)) {
   |                                                      ^^^^^^^^^^^^^^^
   = help: for further information visit https://rust-lang.github.io/rust-clippy/rust-1.98.0/index.html#chunks_exact_to_as_chunks

warning: casts from `f32` to `f64` can be expressed infallibly using `From`
  --> crates/rrrah-decode/src/camtiff/phaseone.rs:46:22
   |
46 |             *value = f32::from_le_bytes(word.try_into().unwrap()) as f64;
   |                      ^^^^^^^^^^^^^^^^^^^^^^^^^^^^^^^^^^^^^^^^^^^^^^^^^^^
   |
   = help: an `as` cast can become silently lossy if the types change in the future
   = help: for further information visit https://rust-lang.github.io/rust-clippy/rust-1.98.0/index.html#cast_lossless
help: use `f64::from` instead
   |
46 -             *value = f32::from_le_bytes(word.try_into().unwrap()) as f64;
46 +             *value = f64::from(f32::from_le_bytes(word.try_into().unwrap()));
   |

warning: using `chunks_exact` with a constant chunk size
   --> crates/rrrah-decode/src/camtiff/phaseone.rs:122:14
    |
122 |             .chunks_exact(4)
    |              ^^^^^^^^^^^^^^^ help: consider using `as_chunks` instead: `as_chunks::<4>().0.iter()`
    |
    = help: for further information visit https://rust-lang.github.io/rust-clippy/rust-1.98.0/index.html#chunks_exact_to_as_chunks

warning: this function has too many lines (101/100)
  --> crates/rrrah-decode/src/camtiff/phaseone_calibration.rs:42:1
   |
42 | / fn flat_field_impl<const CHANNELS: usize>(
43 | |     samples: &mut [u16],
44 | |     width: usize,
45 | |     height: usize,
46 | |     bytes: &[u8],
47 | |     cancelled: &dyn Fn() -> bool,
48 | | ) -> Result<(), DecodeError> {
   | |____________________________^
   |
   = help: for further information visit https://rust-lang.github.io/rust-clippy/rust-1.98.0/index.html#too_many_lines

warning: using `chunks_exact` with a constant chunk size
  --> crates/rrrah-decode/src/camtiff/phaseone_calibration.rs:60:43
   |
60 |     for (v, b) in h.iter_mut().zip(header.chunks_exact(2)) {
   |                                           ^^^^^^^^^^^^^^^
   |
help: consider using `as_chunks::<2>()` instead
  --> crates/rrrah-decode/src/camtiff/phaseone_calibration.rs:60:43
   |
60 |     for (v, b) in h.iter_mut().zip(header.chunks_exact(2)) {
   |                                           ^^^^^^^^^^^^^^^
   = help: for further information visit https://rust-lang.github.io/rust-clippy/rust-1.98.0/index.html#chunks_exact_to_as_chunks

warning: casts from `u16` to `f32` can be expressed infallibly using `From`
  --> crates/rrrah-decode/src/camtiff/phaseone_calibration.rs:95:21
   |
95 |                     u16::from_le_bytes(bytes[position..position + 2].try_into().unwrap()) as f32 / 32768.;
   |                     ^^^^^^^^^^^^^^^^^^^^^^^^^^^^^^^^^^^^^^^^^^^^^^^^^^^^^^^^^^^^^^^^^^^^^^^^^^^^
   |
   = help: an `as` cast can become silently lossy if the types change in the future
   = help: for further information visit https://rust-lang.github.io/rust-clippy/rust-1.98.0/index.html#cast_lossless
help: use `f32::from` instead
   |
95 -                     u16::from_le_bytes(bytes[position..position + 2].try_into().unwrap()) as f32 / 32768.;
95 +                     f32::from(u16::from_le_bytes(bytes[position..position + 2].try_into().unwrap())) / 32768.;
   |

warning: casting `f32` to `u16` may truncate the value
   --> crates/rrrah-decode/src/camtiff/phaseone_calibration.rs:134:38
    |
134 |                         samples[i] = (samples[i] as f32 * gain[c]).clamp(0., 65535.) as u16;
    |                                      ^^^^^^^^^^^^^^^^^^^^^^^^^^^^^^^^^^^^^^^^^^^^^^^^^^^^^^
    |
    = help: if this is intentional allow the lint with `#[allow(clippy::cast_possible_truncation)]` ...
    = help: for further information visit https://rust-lang.github.io/rust-clippy/rust-1.98.0/index.html#cast_possible_truncation

warning: casting `f32` to `u16` may lose the sign of the value
   --> crates/rrrah-decode/src/camtiff/phaseone_calibration.rs:134:38
    |
134 |                         samples[i] = (samples[i] as f32 * gain[c]).clamp(0., 65535.) as u16;
    |                                      ^^^^^^^^^^^^^^^^^^^^^^^^^^^^^^^^^^^^^^^^^^^^^^^^^^^^^^
    |
    = help: for further information visit https://rust-lang.github.io/rust-clippy/rust-1.98.0/index.html#cast_sign_loss

warning: casts from `u16` to `f32` can be expressed infallibly using `From`
   --> crates/rrrah-decode/src/camtiff/phaseone_calibration.rs:134:39
    |
134 |                         samples[i] = (samples[i] as f32 * gain[c]).clamp(0., 65535.) as u16;
    |                                       ^^^^^^^^^^^^^^^^^
    |
    = help: an `as` cast can become silently lossy if the types change in the future
    = help: for further information visit https://rust-lang.github.io/rust-clippy/rust-1.98.0/index.html#cast_lossless
help: use `f32::from` instead
    |
134 -                         samples[i] = (samples[i] as f32 * gain[c]).clamp(0., 65535.) as u16;
134 +                         samples[i] = (f32::from(samples[i]) * gain[c]).clamp(0., 65535.) as u16;
    |

warning: using `chunks_exact` with a constant chunk size
   --> crates/rrrah-decode/src/camtiff/phaseone_calibration.rs:278:27
    |
278 |     for record in defects.chunks_exact(8) {
    |                           ^^^^^^^^^^^^^^^ help: consider using `as_chunks` instead: `as_chunks::<8>().0`
    |
    = help: for further information visit https://rust-lang.github.io/rust-clippy/rust-1.98.0/index.html#chunks_exact_to_as_chunks

warning: this `if` statement can be collapsed
   --> crates/rrrah-decode/src/camtiff/phaseone_calibration.rs:319:13
    |
319 | /             if let (Some(row), Some(column)) = (y.checked_add_signed(dy), x.checked_add_signed(dx)) {
320 | |                 if row < height && column < width {
321 | |                     sum += u32::from(samples[row * width + column]);
322 | |                     count += 1;
323 | |                 }
324 | |             }
    | |_____________^
    |
    = help: for further information visit https://rust-lang.github.io/rust-clippy/rust-1.98.0/index.html#collapsible_if
help: collapse nested if block
    |
319 ~             if let (Some(row), Some(column)) = (y.checked_add_signed(dy), x.checked_add_signed(dx))
320 ~                 && row < height && column < width {
321 |                     sum += u32::from(samples[row * width + column]);
322 |                     count += 1;
323 ~                 }
    |

warning: casting `u32` to `u16` may truncate the value
   --> crates/rrrah-decode/src/camtiff/phaseone_calibration.rs:329:34
    |
329 |         samples[y * width + x] = ((sum + count / 2) / count) as u16;
    |                                  ^^^^^^^^^^^^^^^^^^^^^^^^^^^^^^^^^^
    |
    = help: if this is intentional allow the lint with `#[allow(clippy::cast_possible_truncation)]` ...
    = help: for further information visit https://rust-lang.github.io/rust-clippy/rust-1.98.0/index.html#cast_possible_truncation
help: ... or use `try_from` and handle the error accordingly
    |
329 -         samples[y * width + x] = ((sum + count / 2) / count) as u16;
329 +         samples[y * width + x] = u16::try_from((sum + count / 2) / count);
    |

warning: this function has too many lines (158/100)
   --> crates/rrrah-decode/src/camtiff/phaseone_calibration.rs:336:1
    |
336 | / pub(super) fn repair_columns(
337 | |     samples: &mut [u16],
338 | |     width: usize,
339 | |     height: usize,
340 | |     defects: &[u8],
341 | |     cancelled: &dyn Fn() -> bool,
342 | | ) -> Result<(), DecodeError> {
    | |____________________________^
    |
    = help: for further information visit https://rust-lang.github.io/rust-clippy/rust-1.98.0/index.html#too_many_lines

warning: adding items after statements is confusing, since items exist from the start of the scope
   --> crates/rrrah-decode/src/camtiff/phaseone_calibration.rs:371:5
    |
371 | /     const DIRECTIONS: [[(isize, isize); 12]; 4] = [
372 | |         [
373 | |             (-4, -2),
374 | |             (4, 2),
...   |
427 | |         ],
428 | |     ];
    | |______^
    |
    = help: for further information visit https://rust-lang.github.io/rust-clippy/rust-1.98.0/index.html#items_after_statements

warning: using `chunks_exact` with a constant chunk size
   --> crates/rrrah-decode/src/camtiff/phaseone_calibration.rs:355:27
    |
355 |     for record in defects.chunks_exact(8) {
    |                           ^^^^^^^^^^^^^^^ help: consider using `as_chunks` instead: `as_chunks::<8>().0`
    |
    = help: for further information visit https://rust-lang.github.io/rust-clippy/rust-1.98.0/index.html#chunks_exact_to_as_chunks

warning: this `if` statement can be collapsed
   --> crates/rrrah-decode/src/camtiff/phaseone_calibration.rs:449:29
    |
449 | / ...                   if selected {
450 | | ...                       if let (Some(r), Some(c)) =
451 | | ...                           (y.checked_add_signed(dy), x.checked_add_signed(dx))
...   |
458 | | ...                   }
    | |_______________________^
    |
    = help: for further information visit https://rust-lang.github.io/rust-clippy/rust-1.98.0/index.html#collapsible_if
help: collapse nested if block
    |
449 ~                             if selected
450 ~                                 && let (Some(r), Some(c)) =
451 |                                     (y.checked_add_signed(dy), x.checked_add_signed(dx))
...
456 |                                     }
457 ~                                 }
    |

warning: this `if` statement can be collapsed
   --> crates/rrrah-decode/src/camtiff/phaseone_calibration.rs:450:33
    |
450 | / ...                   if let (Some(r), Some(c)) =
451 | | ...                       (y.checked_add_signed(dy), x.checked_add_signed(dx))
452 | | ...                   {
453 | | ...                       if r < height && c < width {
...   |
457 | | ...                   }
    | |_______________________^
    |
    = help: for further information visit https://rust-lang.github.io/rust-clippy/rust-1.98.0/index.html#collapsible_if
help: collapse nested if block
    |
451 ~                                     (y.checked_add_signed(dy), x.checked_add_signed(dx))
452 ~                                     && r < height && c < width {
453 |                                         sum += samples[r * width + c] as u32;
454 |                                         count += 1;
455 ~                                     }
    |

warning: casts from `u16` to `u32` can be expressed infallibly using `From`
   --> crates/rrrah-decode/src/camtiff/phaseone_calibration.rs:454:48
    |
454 | ...                   sum += samples[r * width + c] as u32;
    |                              ^^^^^^^^^^^^^^^^^^^^^^^^^^^^^
    |
    = help: an `as` cast can become silently lossy if the types change in the future
    = help: for further information visit https://rust-lang.github.io/rust-clippy/rust-1.98.0/index.html#cast_lossless
help: use `u32::from` instead
    |
454 -                                         sum += samples[r * width + c] as u32;
454 +                                         sum += u32::from(samples[r * width + c]);
    |

warning: manual checked division
   --> crates/rrrah-decode/src/camtiff/phaseone_calibration.rs:461:24
    |
461 |                     if count != 0 {
    |                        ^^^^^^^^^^ check performed here
462 |                         samples[y * width + x] = ((sum + count / 2) / count) as u16;
    |                                                  --------------------------- division performed here
    |
    = help: consider using `checked_div`
    = help: for further information visit https://rust-lang.github.io/rust-clippy/rust-1.98.0/index.html#manual_checked_ops

warning: casting `u32` to `u16` may truncate the value
   --> crates/rrrah-decode/src/camtiff/phaseone_calibration.rs:462:50
    |
462 |                         samples[y * width + x] = ((sum + count / 2) / count) as u16;
    |                                                  ^^^^^^^^^^^^^^^^^^^^^^^^^^^^^^^^^^
    |
    = help: if this is intentional allow the lint with `#[allow(clippy::cast_possible_truncation)]` ...
    = help: for further information visit https://rust-lang.github.io/rust-clippy/rust-1.98.0/index.html#cast_possible_truncation
help: ... or use `try_from` and handle the error accordingly
    |
462 -                         samples[y * width + x] = ((sum + count / 2) / count) as u16;
462 +                         samples[y * width + x] = u16::try_from((sum + count / 2) / count);
    |

warning: casts from `u16` to `u32` can be expressed infallibly using `From`
   --> crates/rrrah-decode/src/camtiff/phaseone_calibration.rs:470:70
    |
470 |                     (Some(r), Some(c)) if r < height && c < width => samples[r * width + c] as u32,
    |                                                                      ^^^^^^^^^^^^^^^^^^^^^^^^^^^^^
    |
    = help: an `as` cast can become silently lossy if the types change in the future
    = help: for further information visit https://rust-lang.github.io/rust-clippy/rust-1.98.0/index.html#cast_lossless
help: use `u32::from` instead
    |
470 -                     (Some(r), Some(c)) if r < height && c < width => samples[r * width + c] as u32,
470 +                     (Some(r), Some(c)) if r < height && c < width => u32::from(samples[r * width + c]),
    |

warning: using `chunks_exact` with a constant chunk size
   --> crates/rrrah-decode/src/camtiff/phaseone_calibration.rs:482:60
    |
482 |                 for (pair_index, pair) in DIRECTIONS[base].chunks_exact(2).enumerate() {
    |                                                            ^^^^^^^^^^^^^^^ help: consider using `as_chunks` instead: `as_chunks::<2>().0.iter()`
    |
    = help: for further information visit https://rust-lang.github.io/rust-clippy/rust-1.98.0/index.html#chunks_exact_to_as_chunks

warning: casting `u32` to `u16` may truncate the value
   --> crates/rrrah-decode/src/camtiff/phaseone_calibration.rs:501:17
    |
501 |                 ((sum + count / 2) / count).clamp(bounds[0].min(bounds[1]), bounds[0].max(bounds[1])) as u16;
    |                 ^^^^^^^^^^^^^^^^^^^^^^^^^^^^^^^^^^^^^^^^^^^^^^^^^^^^^^^^^^^^^^^^^^^^^^^^^^^^^^^^^^^^^^^^^^^^
    |
    = help: if this is intentional allow the lint with `#[allow(clippy::cast_possible_truncation)]` ...
    = help: for further information visit https://rust-lang.github.io/rust-clippy/rust-1.98.0/index.html#cast_possible_truncation
help: ... or use `try_from` and handle the error accordingly
    |
501 -                 ((sum + count / 2) / count).clamp(bounds[0].min(bounds[1]), bounds[0].max(bounds[1])) as u16;
501 +                 u16::try_from(((sum + count / 2) / count).clamp(bounds[0].min(bounds[1]), bounds[0].max(bounds[1])));
    |

warning: casting `u64` to `u32` may truncate the value
  --> crates/rrrah-decode/src/camtiff/phaseone_entropy.rs:32:21
   |
32 |         let value = ((self.buffer >> self.available) & ((1u64 << n) - 1)) as u32;
   |                     ^^^^^^^^^^^^^^^^^^^^^^^^^^^^^^^^^^^^^^^^^^^^^^^^^^^^^^^^^^^^
   |
   = help: if this is intentional allow the lint with `#[allow(clippy::cast_possible_truncation)]` ...
   = help: for further information visit https://rust-lang.github.io/rust-clippy/rust-1.98.0/index.html#cast_possible_truncation
help: ... or use `try_from` and handle the error accordingly
   |
32 -         let value = ((self.buffer >> self.available) & ((1u64 << n) - 1)) as u32;
32 +         let value = u32::try_from((self.buffer >> self.available) & ((1u64 << n) - 1));
   |

warning: casting `u32` to `i32` may wrap around the value
  --> crates/rrrah-decode/src/camtiff/phaseone_entropy.rs:96:17
   |
96 |                 bits.read(16)? as i32
   |                 ^^^^^^^^^^^^^^^^^^^^^ help: if this is intentional, use `cast_signed()` instead: `bits.read(16)?.cast_signed()`
   |
   = help: for further information visit https://rust-lang.github.io/rust-clippy/rust-1.98.0/index.html#cast_possible_wrap

warning: casting `u32` to `i32` may wrap around the value
  --> crates/rrrah-decode/src/camtiff/phaseone_entropy.rs:99:34
   |
99 |                     .checked_add(bits.read(length)? as i32 + 1 - (1i32 << (length - 1)))
   |                                  ^^^^^^^^^^^^^^^^^^^^^^^^^ help: if this is intentional, use `cast_signed()` instead: `bits.read(length)?.cast_signed()`
   |
   = help: for further information visit https://rust-lang.github.io/rust-clippy/rust-1.98.0/index.html#cast_possible_wrap

warning: casting `i32` to `u16` may truncate the value
   --> crates/rrrah-decode/src/camtiff/phaseone_entropy.rs:106:25
    |
106 |             output.push((value as u16).wrapping_shl(2));
    |                         ^^^^^^^^^^^^^^
    |
    = help: if this is intentional allow the lint with `#[allow(clippy::cast_possible_truncation)]` ...
    = help: for further information visit https://rust-lang.github.io/rust-clippy/rust-1.98.0/index.html#cast_possible_truncation
help: ... or use `try_from` and handle the error accordingly
    |
106 -             output.push((value as u16).wrapping_shl(2));
106 +             output.push(u16::try_from(value).wrapping_shl(2));
    |

warning: casting `i32` to `u16` may lose the sign of the value
   --> crates/rrrah-decode/src/camtiff/phaseone_entropy.rs:106:25
    |
106 |             output.push((value as u16).wrapping_shl(2));
    |                         ^^^^^^^^^^^^^^
    |
    = help: for further information visit https://rust-lang.github.io/rust-clippy/rust-1.98.0/index.html#cast_sign_loss

warning: this function has too many lines (110/100)
   --> crates/rrrah-decode/src/camtiff/raf.rs:337:5
    |
337 | /     fn check_raf_directory(
338 | |         data: &[u8],
339 | |     ) -> Result<(Option<rrrah_core::Rect>, Option<CfaPattern>), DecodeError> {
    | |____________________________________________________________________________^
    |
    = help: for further information visit https://rust-lang.github.io/rust-clippy/rust-1.98.0/index.html#too_many_lines

warning: using `chunks_exact` with a constant chunk size
   --> crates/rrrah-decode/src/camtiff/raf.rs:769:65
    |
769 |             for (sample, bytes) in target.iter_mut().zip(source.chunks_exact(2)) {
    |                                                                 ^^^^^^^^^^^^^^^
    |
help: consider using `as_chunks::<2>()` instead
   --> crates/rrrah-decode/src/camtiff/raf.rs:769:65
    |
769 |             for (sample, bytes) in target.iter_mut().zip(source.chunks_exact(2)) {
    |                                                                 ^^^^^^^^^^^^^^^
    = help: for further information visit https://rust-lang.github.io/rust-clippy/rust-1.98.0/index.html#chunks_exact_to_as_chunks

warning: item in documentation is missing backticks
  --> crates/rrrah-decode/src/camtiff/rw2.rs:20:25
   |
20 | //!   qualified against LibRaw, including nonzero discarded low bits.
   |                         ^^^^^^
   |
   = help: for further information visit https://rust-lang.github.io/rust-clippy/rust-1.98.0/index.html#doc_markdown
help: try
   |
20 - //!   qualified against LibRaw, including nonzero discarded low bits.
20 + //!   qualified against `LibRaw`, including nonzero discarded low bits.
   |

warning: using `chunks_exact` with a constant chunk size
   --> crates/rrrah-decode/src/camtiff/rw2.rs:289:34
    |
289 |                 for block in row.chunks_exact(16) {
    |                                  ^^^^^^^^^^^^^^^^ help: consider using `as_chunks` instead: `as_chunks::<16>().0`
    |
    = help: for further information visit https://rust-lang.github.io/rust-clippy/rust-1.98.0/index.html#chunks_exact_to_as_chunks

warning: using `chunks_exact` with a constant chunk size
   --> crates/rrrah-decode/src/camtiff/rw2.rs:290:45
    |
290 |                     for pair in block[..15].chunks_exact(3) {
    |                                             ^^^^^^^^^^^^^^^ help: consider using `as_chunks` instead: `as_chunks::<3>().0`
    |
    = help: for further information visit https://rust-lang.github.io/rust-clippy/rust-1.98.0/index.html#chunks_exact_to_as_chunks

warning: using `chunks_exact` with a constant chunk size
   --> crates/rrrah-decode/src/camtiff/rw2.rs:872:69
    |
872 |         for (index, (sample, chunk)) in target.iter_mut().zip(bytes.chunks_exact(2)).enumerate() {
    |                                                                     ^^^^^^^^^^^^^^^
    |
help: consider using `as_chunks::<2>()` instead
   --> crates/rrrah-decode/src/camtiff/rw2.rs:872:69
    |
872 |         for (index, (sample, chunk)) in target.iter_mut().zip(bytes.chunks_exact(2)).enumerate() {
    |                                                                     ^^^^^^^^^^^^^^^
    = help: for further information visit https://rust-lang.github.io/rust-clippy/rust-1.98.0/index.html#chunks_exact_to_as_chunks

warning: adding items after statements is confusing, since items exist from the start of the scope
  --> crates/rrrah-decode/src/camtiff/srf_sensor.rs:62:5
   |
62 |     const WIDTH: usize = 3360;
   |     ^^^^^^^^^^^^^^^^^^^^^^^^^^
   |
   = help: for further information visit https://rust-lang.github.io/rust-clippy/rust-1.98.0/index.html#items_after_statements

warning: adding items after statements is confusing, since items exist from the start of the scope
  --> crates/rrrah-decode/src/camtiff/srf_sensor.rs:63:5
   |
63 |     const HEIGHT: usize = 2460;
   |     ^^^^^^^^^^^^^^^^^^^^^^^^^^^
   |
   = help: for further information visit https://rust-lang.github.io/rust-clippy/rust-1.98.0/index.html#items_after_statements

warning: using `chunks_exact` with a constant chunk size
  --> crates/rrrah-decode/src/camtiff/srf_sensor.rs:55:40
   |
55 |     for (src, dst) in encrypted_header.chunks_exact(4).zip(header.chunks_exact_mut(4)) {
   |                                        ^^^^^^^^^^^^^^^ help: consider using `as_chunks` instead: `as_chunks::<4>().0.iter()`
   |
   = help: for further information visit https://rust-lang.github.io/rust-clippy/rust-1.98.0/index.html#chunks_exact_to_as_chunks

warning: using `chunks_exact_mut` with a constant chunk size
  --> crates/rrrah-decode/src/camtiff/srf_sensor.rs:55:67
   |
55 |     for (src, dst) in encrypted_header.chunks_exact(4).zip(header.chunks_exact_mut(4)) {
   |                                                                   ^^^^^^^^^^^^^^^^^^^
   |
help: consider using `as_chunks_mut::<4>()` instead
  --> crates/rrrah-decode/src/camtiff/srf_sensor.rs:55:67
   |
55 |     for (src, dst) in encrypted_header.chunks_exact(4).zip(header.chunks_exact_mut(4)) {
   |                                                                   ^^^^^^^^^^^^^^^^^^^
   = help: for further information visit https://rust-lang.github.io/rust-clippy/rust-1.98.0/index.html#chunks_exact_to_as_chunks

warning: casts from `u8` to `u32` can be expressed infallibly using `From`
  --> crates/rrrah-decode/src/camtiff/srf_sensor.rs:60:28
   |
60 |         key = (key << 8) | value as u32;
   |                            ^^^^^^^^^^^^
   |
   = help: an `as` cast can become silently lossy if the types change in the future
   = help: for further information visit https://rust-lang.github.io/rust-clippy/rust-1.98.0/index.html#cast_lossless
help: use `u32::from` instead
   |
60 -         key = (key << 8) | value as u32;
60 +         key = (key << 8) | u32::from(value);
   |

warning: using `chunks_exact` with a constant chunk size
  --> crates/rrrah-decode/src/camtiff/srf_sensor.rs:72:23
   |
72 |     for row in sensor.chunks_exact(WIDTH * 2) {
   |                       ^^^^^^^^^^^^^^^^^^^^^^^ help: consider using `as_chunks` instead: `as_chunks::<WIDTH * 2>().0`
   |
   = help: for further information visit https://rust-lang.github.io/rust-clippy/rust-1.98.0/index.html#chunks_exact_to_as_chunks

warning: using `chunks_exact` with a constant chunk size
  --> crates/rrrah-decode/src/camtiff/srf_sensor.rs:76:25
   |
76 |         for word in row.chunks_exact(4) {
   |                         ^^^^^^^^^^^^^^^ help: consider using `as_chunks` instead: `as_chunks::<4>().0`
   |
   = help: for further information visit https://rust-lang.github.io/rust-clippy/rust-1.98.0/index.html#chunks_exact_to_as_chunks

warning: using `chunks_exact` with a constant chunk size
  --> crates/rrrah-decode/src/camtiff/srf_sensor.rs:78:35
   |
78 |             for pair in decrypted.chunks_exact(2) {
   |                                   ^^^^^^^^^^^^^^^ help: consider using `as_chunks` instead: `as_chunks::<2>().0`
   |
   = help: for further information visit https://rust-lang.github.io/rust-clippy/rust-1.98.0/index.html#chunks_exact_to_as_chunks

warning: using `chunks_exact` with a constant chunk size
   --> crates/rrrah-decode/src/camtiff/srf_sensor.rs:108:39
    |
108 |     for (src, dst) in encrypted[..40].chunks_exact(4).zip(header.chunks_exact_mut(4)) {
    |                                       ^^^^^^^^^^^^^^^ help: consider using `as_chunks` instead: `as_chunks::<4>().0.iter()`
    |
    = help: for further information visit https://rust-lang.github.io/rust-clippy/rust-1.98.0/index.html#chunks_exact_to_as_chunks

warning: using `chunks_exact_mut` with a constant chunk size
   --> crates/rrrah-decode/src/camtiff/srf_sensor.rs:108:66
    |
108 |     for (src, dst) in encrypted[..40].chunks_exact(4).zip(header.chunks_exact_mut(4)) {
    |                                                                  ^^^^^^^^^^^^^^^^^^^
    |
help: consider using `as_chunks_mut::<4>()` instead
   --> crates/rrrah-decode/src/camtiff/srf_sensor.rs:108:66
    |
108 |     for (src, dst) in encrypted[..40].chunks_exact(4).zip(header.chunks_exact_mut(4)) {
    |                                                                  ^^^^^^^^^^^^^^^^^^^
    = help: for further information visit https://rust-lang.github.io/rust-clippy/rust-1.98.0/index.html#chunks_exact_to_as_chunks

warning: using `chunks_exact` with a constant chunk size
   --> crates/rrrah-decode/src/camtiff/srf_sensor.rs:126:39
    |
126 |     for (src, dst) in encrypted[40..].chunks_exact(4).zip(table.chunks_exact_mut(4)) {
    |                                       ^^^^^^^^^^^^^^^ help: consider using `as_chunks` instead: `as_chunks::<4>().0.iter()`
    |
    = help: for further information visit https://rust-lang.github.io/rust-clippy/rust-1.98.0/index.html#chunks_exact_to_as_chunks

warning: using `chunks_exact_mut` with a constant chunk size
   --> crates/rrrah-decode/src/camtiff/srf_sensor.rs:126:65
    |
126 |     for (src, dst) in encrypted[40..].chunks_exact(4).zip(table.chunks_exact_mut(4)) {
    |                                                                 ^^^^^^^^^^^^^^^^^^^
    |
help: consider using `as_chunks_mut::<4>()` instead
   --> crates/rrrah-decode/src/camtiff/srf_sensor.rs:126:65
    |
126 |     for (src, dst) in encrypted[40..].chunks_exact(4).zip(table.chunks_exact_mut(4)) {
    |                                                                 ^^^^^^^^^^^^^^^^^^^
    = help: for further information visit https://rust-lang.github.io/rust-clippy/rust-1.98.0/index.html#chunks_exact_to_as_chunks

warning: using `chunks_exact` with a constant chunk size
   --> crates/rrrah-decode/src/camtiff/srf_sensor.rs:134:44
    |
134 |     for record in table[2..2 + count * 12].chunks_exact(12) {
    |                                            ^^^^^^^^^^^^^^^^ help: consider using `as_chunks` instead: `as_chunks::<12>().0`
    |
    = help: for further information visit https://rust-lang.github.io/rust-clippy/rust-1.98.0/index.html#chunks_exact_to_as_chunks

warning: item in documentation is missing backticks
   --> crates/rrrah-decode/src/camtiff/srf_sensor.rs:160:5
    |
160 | /// LibRaw 0.22.0 parseSonySRF, tags 0xd0..0xd2 (cam_mul[3] = cam_mul[1]).
    |     ^^^^^^
    |
    = help: for further information visit https://rust-lang.github.io/rust-clippy/rust-1.98.0/index.html#doc_markdown
help: try
    |
160 - /// LibRaw 0.22.0 parseSonySRF, tags 0xd0..0xd2 (cam_mul[3] = cam_mul[1]).
160 + /// `LibRaw` 0.22.0 parseSonySRF, tags 0xd0..0xd2 (cam_mul[3] = cam_mul[1]).
    |

warning: item in documentation is missing backticks
   --> crates/rrrah-decode/src/camtiff/srf_sensor.rs:160:50
    |
160 | /// LibRaw 0.22.0 parseSonySRF, tags 0xd0..0xd2 (cam_mul[3] = cam_mul[1]).
    |                                                  ^^^^^^^
    |
    = help: for further information visit https://rust-lang.github.io/rust-clippy/rust-1.98.0/index.html#doc_markdown
help: try
    |
160 - /// LibRaw 0.22.0 parseSonySRF, tags 0xd0..0xd2 (cam_mul[3] = cam_mul[1]).
160 + /// LibRaw 0.22.0 parseSonySRF, tags 0xd0..0xd2 (`cam_mul`[3] = cam_mul[1]).
    |

warning: item in documentation is missing backticks
   --> crates/rrrah-decode/src/camtiff/srf_sensor.rs:160:63
    |
160 | /// LibRaw 0.22.0 parseSonySRF, tags 0xd0..0xd2 (cam_mul[3] = cam_mul[1]).
    |                                                               ^^^^^^^
    |
    = help: for further information visit https://rust-lang.github.io/rust-clippy/rust-1.98.0/index.html#doc_markdown
help: try
    |
160 - /// LibRaw 0.22.0 parseSonySRF, tags 0xd0..0xd2 (cam_mul[3] = cam_mul[1]).
160 + /// LibRaw 0.22.0 parseSonySRF, tags 0xd0..0xd2 (cam_mul[3] = `cam_mul`[1]).
    |

warning: usage of wildcard import for enum variants
   --> crates/rrrah-decode/src/camtiff/srf_sensor.rs:177:9
    |
177 |         CfaColor::*, CfaPattern, LevelGrid, Orientation, Photometric, RawMetadata, Rect, WhiteLevel,
    |         ^^^^^^^^^^^ help: try: `CfaColor::{Emerald, Red, Blue, Green}`
    |
    = help: for further information visit https://rust-lang.github.io/rust-clippy/rust-1.98.0/index.html#enum_glob_use
    = note: `-W clippy::enum-glob-use` implied by `-W clippy::pedantic`
    = help: to override `-W clippy::pedantic` add `#[allow(clippy::enum_glob_use)]`

warning: using `chunks_exact` with a constant chunk size
  --> crates/rrrah-decode/src/camtiff/srw.rs:17:47
   |
17 |         for record in note[2..2 + count * 12].chunks_exact(12) {
   |                                               ^^^^^^^^^^^^^^^^ help: consider using `as_chunks` instead: `as_chunks::<12>().0`
   |
   = help: for further information visit https://rust-lang.github.io/rust-clippy/rust-1.98.0/index.html#chunks_exact_to_as_chunks

warning: adding items after statements is confusing, since items exist from the start of the scope
   --> crates/rrrah-decode/src/camtiff/srw.rs:126:9
    |
126 |         use rrrah_core::{CfaColor, CfaPattern, LevelGrid, Rect, WhiteLevel};
    |         ^^^^^^^^^^^^^^^^^^^^^^^^^^^^^^^^^^^^^^^^^^^^^^^^^^^^^^^^^^^^^^^^^^^^
    |
    = help: for further information visit https://rust-lang.github.io/rust-clippy/rust-1.98.0/index.html#items_after_statements

warning: adding items after statements is confusing, since items exist from the start of the scope
   --> crates/rrrah-decode/src/camtiff/srw.rs:126:26
    |
126 |         use rrrah_core::{CfaColor, CfaPattern, LevelGrid, Rect, WhiteLevel};
    |                          ^^^^^^^^
    |
    = help: for further information visit https://rust-lang.github.io/rust-clippy/rust-1.98.0/index.html#items_after_statements

warning: adding items after statements is confusing, since items exist from the start of the scope
   --> crates/rrrah-decode/src/camtiff/srw.rs:126:36
    |
126 |         use rrrah_core::{CfaColor, CfaPattern, LevelGrid, Rect, WhiteLevel};
    |                                    ^^^^^^^^^^
    |
    = help: for further information visit https://rust-lang.github.io/rust-clippy/rust-1.98.0/index.html#items_after_statements

warning: adding items after statements is confusing, since items exist from the start of the scope
   --> crates/rrrah-decode/src/camtiff/srw.rs:126:48
    |
126 |         use rrrah_core::{CfaColor, CfaPattern, LevelGrid, Rect, WhiteLevel};
    |                                                ^^^^^^^^^
    |
    = help: for further information visit https://rust-lang.github.io/rust-clippy/rust-1.98.0/index.html#items_after_statements

warning: adding items after statements is confusing, since items exist from the start of the scope
   --> crates/rrrah-decode/src/camtiff/srw.rs:126:59
    |
126 |         use rrrah_core::{CfaColor, CfaPattern, LevelGrid, Rect, WhiteLevel};
    |                                                           ^^^^
    |
    = help: for further information visit https://rust-lang.github.io/rust-clippy/rust-1.98.0/index.html#items_after_statements

warning: adding items after statements is confusing, since items exist from the start of the scope
   --> crates/rrrah-decode/src/camtiff/srw.rs:126:65
    |
126 |         use rrrah_core::{CfaColor, CfaPattern, LevelGrid, Rect, WhiteLevel};
    |                                                                 ^^^^^^^^^^
    |
    = help: for further information visit https://rust-lang.github.io/rust-clippy/rust-1.98.0/index.html#items_after_statements

warning: using `chunks_exact` with a constant chunk size
   --> crates/rrrah-decode/src/camtiff/srw.rs:167:32
    |
167 |         for (i, pair) in bytes.chunks_exact(2).enumerate() {
    |                                ^^^^^^^^^^^^^^^ help: consider using `as_chunks` instead: `as_chunks::<2>().0.iter()`
    |
    = help: for further information visit https://rust-lang.github.io/rust-clippy/rust-1.98.0/index.html#chunks_exact_to_as_chunks

warning: adding items after statements is confusing, since items exist from the start of the scope
  --> crates/rrrah-decode/src/camtiff/three_fr.rs:80:9
   |
80 |         use rrrah_core::{CfaColor, CfaPattern, LevelGrid, Rect, WhiteLevel};
   |         ^^^^^^^^^^^^^^^^^^^^^^^^^^^^^^^^^^^^^^^^^^^^^^^^^^^^^^^^^^^^^^^^^^^^
   |
   = help: for further information visit https://rust-lang.github.io/rust-clippy/rust-1.98.0/index.html#items_after_statements

warning: adding items after statements is confusing, since items exist from the start of the scope
  --> crates/rrrah-decode/src/camtiff/three_fr.rs:80:26
   |
80 |         use rrrah_core::{CfaColor, CfaPattern, LevelGrid, Rect, WhiteLevel};
   |                          ^^^^^^^^
   |
   = help: for further information visit https://rust-lang.github.io/rust-clippy/rust-1.98.0/index.html#items_after_statements

warning: adding items after statements is confusing, since items exist from the start of the scope
  --> crates/rrrah-decode/src/camtiff/three_fr.rs:80:36
   |
80 |         use rrrah_core::{CfaColor, CfaPattern, LevelGrid, Rect, WhiteLevel};
   |                                    ^^^^^^^^^^
   |
   = help: for further information visit https://rust-lang.github.io/rust-clippy/rust-1.98.0/index.html#items_after_statements

warning: adding items after statements is confusing, since items exist from the start of the scope
  --> crates/rrrah-decode/src/camtiff/three_fr.rs:80:48
   |
80 |         use rrrah_core::{CfaColor, CfaPattern, LevelGrid, Rect, WhiteLevel};
   |                                                ^^^^^^^^^
   |
   = help: for further information visit https://rust-lang.github.io/rust-clippy/rust-1.98.0/index.html#items_after_statements

warning: adding items after statements is confusing, since items exist from the start of the scope
  --> crates/rrrah-decode/src/camtiff/three_fr.rs:80:59
   |
80 |         use rrrah_core::{CfaColor, CfaPattern, LevelGrid, Rect, WhiteLevel};
   |                                                           ^^^^
   |
   = help: for further information visit https://rust-lang.github.io/rust-clippy/rust-1.98.0/index.html#items_after_statements

warning: adding items after statements is confusing, since items exist from the start of the scope
  --> crates/rrrah-decode/src/camtiff/three_fr.rs:80:65
   |
80 |         use rrrah_core::{CfaColor, CfaPattern, LevelGrid, Rect, WhiteLevel};
   |                                                                 ^^^^^^^^^^
   |
   = help: for further information visit https://rust-lang.github.io/rust-clippy/rust-1.98.0/index.html#items_after_statements

warning: using `chunks_exact` with a constant chunk size
   --> crates/rrrah-decode/src/camtiff/three_fr.rs:120:32
    |
120 |         for (i, pair) in bytes.chunks_exact(2).enumerate() {
    |                                ^^^^^^^^^^^^^^^ help: consider using `as_chunks` instead: `as_chunks::<2>().0.iter()`
    |
    = help: for further information visit https://rust-lang.github.io/rust-clippy/rust-1.98.0/index.html#chunks_exact_to_as_chunks

warning: these match arms have identical bodies
   --> crates/rrrah-decode/src/camtiff/mod.rs:684:13
    |
684 |             Self::Nef => 6,
    |             ^^^^^^^^^^^^^^
...
699 |             Self::Arw => 6,
    |             ^^^^^^^^^^^^^^
    |
    = help: if this is unintentional make the arms return different values
    = help: for further information visit https://rust-lang.github.io/rust-clippy/rust-1.98.0/index.html#match_same_arms
help: otherwise merge the patterns into a single arm
    |
684 ~             Self::Nrw
685 |             | Self::Erf
...
697 |             Self::Raf => 5,
698 ~             Self::Nef | Self::Arw => 6,
    |

warning: these match arms have identical bodies
   --> crates/rrrah-decode/src/camtiff/mod.rs:696:13
    |
696 |             Self::Pef => 5,
    |             ^^^^^^^^^^^^^^
697 |             Self::Rw2 => 8,
698 |             Self::Raf => 5,
    |             ^^^^^^^^^^^^^^
    |
    = help: if this is unintentional make the arms return different values
    = help: for further information visit https://rust-lang.github.io/rust-clippy/rust-1.98.0/index.html#match_same_arms
help: otherwise merge the patterns into a single arm
    |
696 ~             Self::Pef | Self::Raf => 5,
697 |             Self::Rw2 => 8,
698 ~             Self::Arw => 6,
    |

warning: this argument (1 byte) is passed by reference, but would be more efficient if passed by value (limit: 8 byte)
   --> crates/rrrah-decode/src/camtiff/mod.rs:723:9
    |
723 |         &self,
    |         ^^^^^ help: consider passing by value instead: `self`
    |
    = help: for further information visit https://rust-lang.github.io/rust-clippy/rust-1.98.0/index.html#trivially_copy_pass_by_ref

warning: docs for function which may panic missing `# Panics` section
  --> crates/rrrah-decode/src/mrw.rs:24:5
   |
24 |     pub fn parse(data: &'a [u8]) -> Result<Self, DecodeError> {
   |     ^^^^^^^^^^^^^^^^^^^^^^^^^^^^^^^^^^^^^^^^^^^^^^^^^^^^^^^^^
   |
note: first possible panic found here
  --> crates/rrrah-decode/src/mrw.rs:28:30
   |
28 |           let bytes: [u8; 4] = data
   |  ______________________________^
29 | |             .get(4..8)
30 | |             .ok_or_else(|| error("truncated header"))?
31 | |             .try_into()
32 | |             .unwrap();
   | |_____________________^
   = help: for further information visit https://rust-lang.github.io/rust-clippy/rust-1.98.0/index.html#missing_panics_doc

warning: this `if` statement can be collapsed
  --> crates/rrrah-decode/src/mrw.rs:67:13
   |
67 | /             if let Some(slot) = slot {
68 | |                 if slot.replace(payload).is_some() {
69 | |                     return Err(error("duplicate required block"));
70 | |                 }
71 | |             }
   | |_____________^
   |
   = help: for further information visit https://rust-lang.github.io/rust-clippy/rust-1.98.0/index.html#collapsible_if
help: collapse nested if block
   |
67 ~             if let Some(slot) = slot
68 ~                 && slot.replace(payload).is_some() {
69 |                     return Err(error("duplicate required block"));
70 ~                 }
   |

warning: using `chunks_exact` with a constant chunk size
   --> crates/rrrah-decode/src/mrw.rs:124:39
    |
124 |         for (i, bytes) in self.packed.chunks_exact(3).enumerate() {
    |                                       ^^^^^^^^^^^^^^^ help: consider using `as_chunks` instead: `as_chunks::<3>().0.iter()`
    |
    = help: for further information visit https://rust-lang.github.io/rust-clippy/rust-1.98.0/index.html#chunks_exact_to_as_chunks

warning: item in documentation is missing backticks
   --> crates/rrrah-decode/src/mrw.rs:225:59
    |
225 | /// Native packed MRW backend. Qualified for Dynax 7D and DiMAGE A2 packed sensor profiles.
    |                                                           ^^^^^^
    |
    = help: for further information visit https://rust-lang.github.io/rust-clippy/rust-1.98.0/index.html#doc_markdown
help: try
    |
225 - /// Native packed MRW backend. Qualified for Dynax 7D and DiMAGE A2 packed sensor profiles.
225 + /// Native packed MRW backend. Qualified for Dynax 7D and `DiMAGE` A2 packed sensor profiles.
    |

warning: unused `self` argument
   --> crates/rrrah-decode/src/mrw.rs:231:9
    |
231 |         &self,
    |         ^^^^^
    |
    = help: consider refactoring to an associated function
    = help: for further information visit https://rust-lang.github.io/rust-clippy/rust-1.98.0/index.html#unused_self
    = note: `-W clippy::unused-self` implied by `-W clippy::pedantic`
    = help: to override `-W clippy::pedantic` add `#[allow(clippy::unused_self)]`

warning: this function has too many lines (101/100)
   --> crates/rrrah-decode/src/mrw.rs:230:5
    |
230 | /     pub(crate) fn decode_source<S: std::ops::Deref<Target = [u8]>>(
231 | |         &self,
232 | |         request: &crate::DecodeRequest,
233 | |         data: S,
234 | |         source_open: std::time::Duration,
235 | |         total: std::time::Instant,
236 | |     ) -> Result<crate::DecodeOutput, DecodeError> {
    | |_________________________________________________^
    |
    = help: for further information visit https://rust-lang.github.io/rust-clippy/rust-1.98.0/index.html#too_many_lines

warning: this argument (0 byte) is passed by reference, but would be more efficient if passed by value (limit: 8 byte)
   --> crates/rrrah-decode/src/mrw.rs:231:9
    |
231 |         &self,
    |         ^^^^^ help: consider passing by value instead: `self`
    |
    = help: for further information visit https://rust-lang.github.io/rust-clippy/rust-1.98.0/index.html#trivially_copy_pass_by_ref

warning: casts from `u16` to `f32` can be expressed infallibly using `From`
   --> crates/rrrah-decode/src/mrw.rs:276:13
    |
276 |             wb[0] as f32 / wb[1] as f32,
    |             ^^^^^^^^^^^^
    |
    = help: an `as` cast can become silently lossy if the types change in the future
    = help: for further information visit https://rust-lang.github.io/rust-clippy/rust-1.98.0/index.html#cast_lossless
help: use `f32::from` instead
    |
276 -             wb[0] as f32 / wb[1] as f32,
276 +             f32::from(wb[0]) / wb[1] as f32,
    |

warning: casts from `u16` to `f32` can be expressed infallibly using `From`
   --> crates/rrrah-decode/src/mrw.rs:276:28
    |
276 |             wb[0] as f32 / wb[1] as f32,
    |                            ^^^^^^^^^^^^
    |
    = help: an `as` cast can become silently lossy if the types change in the future
    = help: for further information visit https://rust-lang.github.io/rust-clippy/rust-1.98.0/index.html#cast_lossless
help: use `f32::from` instead
    |
276 -             wb[0] as f32 / wb[1] as f32,
276 +             wb[0] as f32 / f32::from(wb[1]),
    |

warning: casts from `u16` to `f32` can be expressed infallibly using `From`
   --> crates/rrrah-decode/src/mrw.rs:278:13
    |
278 |             wb[3] as f32 / wb[1] as f32,
    |             ^^^^^^^^^^^^
    |
    = help: an `as` cast can become silently lossy if the types change in the future
    = help: for further information visit https://rust-lang.github.io/rust-clippy/rust-1.98.0/index.html#cast_lossless
help: use `f32::from` instead
    |
278 -             wb[3] as f32 / wb[1] as f32,
278 +             f32::from(wb[3]) / wb[1] as f32,
    |

warning: casts from `u16` to `f32` can be expressed infallibly using `From`
   --> crates/rrrah-decode/src/mrw.rs:278:28
    |
278 |             wb[3] as f32 / wb[1] as f32,
    |                            ^^^^^^^^^^^^
    |
    = help: an `as` cast can become silently lossy if the types change in the future
    = help: for further information visit https://rust-lang.github.io/rust-clippy/rust-1.98.0/index.html#cast_lossless
help: use `f32::from` instead
    |
278 -             wb[3] as f32 / wb[1] as f32,
278 +             wb[3] as f32 / f32::from(wb[1]),
    |

warning: casts from `u16` to `f32` can be expressed infallibly using `From`
   --> crates/rrrah-decode/src/mrw.rs:279:13
    |
279 |             wb[2] as f32 / wb[1] as f32,
    |             ^^^^^^^^^^^^
    |
    = help: an `as` cast can become silently lossy if the types change in the future
    = help: for further information visit https://rust-lang.github.io/rust-clippy/rust-1.98.0/index.html#cast_lossless
help: use `f32::from` instead
    |
279 -             wb[2] as f32 / wb[1] as f32,
279 +             f32::from(wb[2]) / wb[1] as f32,
    |

warning: casts from `u16` to `f32` can be expressed infallibly using `From`
   --> crates/rrrah-decode/src/mrw.rs:279:28
    |
279 |             wb[2] as f32 / wb[1] as f32,
    |                            ^^^^^^^^^^^^
    |
    = help: an `as` cast can become silently lossy if the types change in the future
    = help: for further information visit https://rust-lang.github.io/rust-clippy/rust-1.98.0/index.html#cast_lossless
help: use `f32::from` instead
    |
279 -             wb[2] as f32 / wb[1] as f32,
279 +             wb[2] as f32 / f32::from(wb[1]),
    |

warning: this function has too many lines (110/100)
  --> crates/rrrah-decode/src/cineon.rs:14:1
   |
14 | pub(crate) fn decode(b: &[u8], request: &DecodeRequest) -> Result<DecodedRaster, RasterDecodeError> {
   | ^^^^^^^^^^^^^^^^^^^^^^^^^^^^^^^^^^^^^^^^^^^^^^^^^^^^^^^^^^^^^^^^^^^^^^^^^^^^^^^^^^^^^^^^^^^^^^^^^^^
   |
   = help: for further information visit https://rust-lang.github.io/rust-clippy/rust-1.98.0/index.html#too_many_lines

warning: casting `usize` to `u8` may truncate the value
  --> crates/rrrah-decode/src/cineon.rs:55:37
   |
55 |             || b[at + 1] != first + channel as u8
   |                                     ^^^^^^^^^^^^^
   |
   = help: if this is intentional allow the lint with `#[allow(clippy::cast_possible_truncation)]` ...
   = help: for further information visit https://rust-lang.github.io/rust-clippy/rust-1.98.0/index.html#cast_possible_truncation
help: ... or use `try_from` and handle the error accordingly
   |
55 -             || b[at + 1] != first + channel as u8
55 +             || b[at + 1] != first + u8::try_from(channel)
   |

warning: casting `u64` to `usize` may truncate the value on targets with 32-bit wide pointers
  --> crates/rrrah-decode/src/cineon.rs:91:26
   |
91 |     if b.len() - start > MAX_RASTER_BYTES as usize {
   |                          ^^^^^^^^^^^^^^^^^^^^^^^^^
   |
   = help: if this is intentional allow the lint with `#[allow(clippy::cast_possible_truncation)]` ...
   = help: for further information visit https://rust-lang.github.io/rust-clippy/rust-1.98.0/index.html#cast_possible_truncation
help: ... or use `try_from` and handle the error accordingly
   |
91 -     if b.len() - start > MAX_RASTER_BYTES as usize {
91 +     if b.len() - start > usize::try_from(MAX_RASTER_BYTES) {
   |

warning: casting `usize` to `u32` may truncate the value on targets with 64-bit wide pointers
   --> crates/rrrah-decode/src/cineon.rs:122:29
    |
122 |     put(&mut envelope, 812, line as u32);
    |                             ^^^^^^^^^^^
    |
    = help: if this is intentional allow the lint with `#[allow(clippy::cast_possible_truncation)]` ...
    = help: for further information visit https://rust-lang.github.io/rust-clippy/rust-1.98.0/index.html#cast_possible_truncation
help: ... or use `try_from` and handle the error accordingly
    |
122 -     put(&mut envelope, 812, line as u32);
122 +     put(&mut envelope, 812, u32::try_from(line));
    |

warning: casting `usize` to `u32` may truncate the value on targets with 64-bit wide pointers
   --> crates/rrrah-decode/src/cineon.rs:123:29
    |
123 |     put(&mut envelope, 816, image as u32);
    |                             ^^^^^^^^^^^^
    |
    = help: if this is intentional allow the lint with `#[allow(clippy::cast_possible_truncation)]` ...
    = help: for further information visit https://rust-lang.github.io/rust-clippy/rust-1.98.0/index.html#cast_possible_truncation
help: ... or use `try_from` and handle the error accordingly
    |
123 -     put(&mut envelope, 816, image as u32);
123 +     put(&mut envelope, 816, u32::try_from(image));
    |

warning: casting `usize` to `u32` may truncate the value on targets with 64-bit wide pointers
   --> crates/rrrah-decode/src/cineon.rs:125:18
    |
125 |     let length = envelope.len() as u32;
    |                  ^^^^^^^^^^^^^^^^^^^^^
    |
    = help: if this is intentional allow the lint with `#[allow(clippy::cast_possible_truncation)]` ...
    = help: for further information visit https://rust-lang.github.io/rust-clippy/rust-1.98.0/index.html#cast_possible_truncation
help: ... or use `try_from` and handle the error accordingly
    |
125 -     let length = envelope.len() as u32;
125 +     let length = u32::try_from(envelope.len());
    |

warning: using `chunks_exact` with a constant chunk size
    --> crates/rrrah-decode/src/cr3/assemble.rs:1067:32
     |
1067 |     let mut even_chunks = even.chunks_exact(CHUNK_PAIRS);
     |                                ^^^^^^^^^^^^^^^^^^^^^^^^^
     |
help: consider using `as_chunks::<CHUNK_PAIRS>()` instead
    --> crates/rrrah-decode/src/cr3/assemble.rs:1067:32
     |
1067 |     let mut even_chunks = even.chunks_exact(CHUNK_PAIRS);
     |                                ^^^^^^^^^^^^^^^^^^^^^^^^^
     = note: you can access the chunks using `even_chunks.0.iter()`, and the remainder using `even_chunks.1`
     = help: for further information visit https://rust-lang.github.io/rust-clippy/rust-1.98.0/index.html#chunks_exact_to_as_chunks

warning: using `chunks_exact` with a constant chunk size
    --> crates/rrrah-decode/src/cr3/assemble.rs:1068:30
     |
1068 |     let mut odd_chunks = odd.chunks_exact(CHUNK_PAIRS);
     |                              ^^^^^^^^^^^^^^^^^^^^^^^^^
     |
help: consider using `as_chunks::<CHUNK_PAIRS>()` instead
    --> crates/rrrah-decode/src/cr3/assemble.rs:1068:30
     |
1068 |     let mut odd_chunks = odd.chunks_exact(CHUNK_PAIRS);
     |                              ^^^^^^^^^^^^^^^^^^^^^^^^^
     = note: you can access the chunks using `odd_chunks.0.iter()`, and the remainder using `odd_chunks.1`
     = help: for further information visit https://rust-lang.github.io/rust-clippy/rust-1.98.0/index.html#chunks_exact_to_as_chunks

warning: manual implementation of `midpoint` which can overflow
    --> crates/rrrah-decode/src/cr3/lossless.rs:1079:5
     |
1079 |     (mapped + delta) >> 1
     |     ^^^^^^^^^^^^^^^^^^^^^ help: use `u32::midpoint` instead: `u32::midpoint(mapped, delta)`
     |
     = help: for further information visit https://rust-lang.github.io/rust-clippy/rust-1.98.0/index.html#manual_midpoint

warning: using `chunks_exact` with a constant chunk size
   --> crates/rrrah-decode/src/cr3/tiff.rs:218:18
    |
218 |                 .chunks_exact(2)
    |                  ^^^^^^^^^^^^^^^ help: consider using `as_chunks` instead: `as_chunks::<2>().0.iter()`
    |
    = help: for further information visit https://rust-lang.github.io/rust-clippy/rust-1.98.0/index.html#chunks_exact_to_as_chunks

warning: using `chunks_exact` with a constant chunk size
   --> crates/rrrah-decode/src/cr3/tiff.rs:234:18
    |
234 |                 .chunks_exact(4)
    |                  ^^^^^^^^^^^^^^^ help: consider using `as_chunks` instead: `as_chunks::<4>().0.iter()`
    |
    = help: for further information visit https://rust-lang.github.io/rust-clippy/rust-1.98.0/index.html#chunks_exact_to_as_chunks

warning: using `chunks_exact` with a constant chunk size
   --> crates/rrrah-decode/src/cr3/tiff.rs:250:18
    |
250 |                 .chunks_exact(8)
    |                  ^^^^^^^^^^^^^^^ help: consider using `as_chunks` instead: `as_chunks::<8>().0.iter()`
    |
    = help: for further information visit https://rust-lang.github.io/rust-clippy/rust-1.98.0/index.html#chunks_exact_to_as_chunks

warning: using `chunks_exact` with a constant chunk size
   --> crates/rrrah-decode/src/cr3/tiff.rs:271:18
    |
271 |                 .chunks_exact(4)
    |                  ^^^^^^^^^^^^^^^ help: consider using `as_chunks` instead: `as_chunks::<4>().0.iter()`
    |
    = help: for further information visit https://rust-lang.github.io/rust-clippy/rust-1.98.0/index.html#chunks_exact_to_as_chunks

warning: using `chunks_exact` with a constant chunk size
   --> crates/rrrah-decode/src/cr3/tiff.rs:287:18
    |
287 |                 .chunks_exact(8)
    |                  ^^^^^^^^^^^^^^^ help: consider using `as_chunks` instead: `as_chunks::<8>().0.iter()`
    |
    = help: for further information visit https://rust-lang.github.io/rust-clippy/rust-1.98.0/index.html#chunks_exact_to_as_chunks

warning: using `chunks_exact` with a constant chunk size
   --> crates/rrrah-decode/src/cr3/tiff.rs:459:36
    |
459 |         for encoded_entry in table.chunks_exact(IFD_ENTRY_LEN) {
    |                                    ^^^^^^^^^^^^^^^^^^^^^^^^^^^ help: consider using `as_chunks` instead: `as_chunks::<IFD_ENTRY_LEN>().0`
    |
    = help: for further information visit https://rust-lang.github.io/rust-clippy/rust-1.98.0/index.html#chunks_exact_to_as_chunks

warning: using `chunks_exact` with a constant chunk size
  --> crates/rrrah-decode/src/cursor.rs:12:19
   |
12 |     bytes[6..end].chunks_exact(16).all(|entry| {
   |                   ^^^^^^^^^^^^^^^^ help: consider using `as_chunks` instead: `as_chunks::<16>().0.iter()`
   |
   = help: for further information visit https://rust-lang.github.io/rust-clippy/rust-1.98.0/index.html#chunks_exact_to_as_chunks

warning: using `chunks_exact_mut` with a constant chunk size
  --> crates/rrrah-decode/src/cursor.rs:34:43
   |
34 |     for entry in bytes[6..6 + count * 16].chunks_exact_mut(16) {
   |                                           ^^^^^^^^^^^^^^^^^^^^ help: consider using `as_chunks` instead: `as_chunks_mut::<16>().0`
   |
   = help: for further information visit https://rust-lang.github.io/rust-clippy/rust-1.98.0/index.html#chunks_exact_to_as_chunks

warning: using `chunks_exact` with a constant chunk size
  --> crates/rrrah-decode/src/dcx.rs:22:24
   |
22 |     for entry in table.chunks_exact(4) {
   |                        ^^^^^^^^^^^^^^^ help: consider using `as_chunks` instead: `as_chunks::<4>().0`
   |
   = help: for further information visit https://rust-lang.github.io/rust-clippy/rust-1.98.0/index.html#chunks_exact_to_as_chunks

warning: casting to the same type is unnecessary (`usize` -> `usize`)
  --> crates/rrrah-decode/src/dcx.rs:39:17
   |
39 |     let index = request.image_index as usize;
   |                 ^^^^^^^^^^^^^^^^^^^^^^^^^^^^ help: try: `request.image_index`
   |
   = help: for further information visit https://rust-lang.github.io/rust-clippy/rust-1.98.0/index.html#unnecessary_cast
   = note: `-W clippy::unnecessary-cast` implied by `-W clippy::all`
   = help: to override `-W clippy::all` add `#[allow(clippy::unnecessary_cast)]`

warning: casting `u16` to `u8` may truncate the value
  --> crates/rrrah-decode/src/dds.rs:19:9
   |
19 |         (r << 3 | r >> 2) as u8,
   |         ^^^^^^^^^^^^^^^^^^^^^^^
   |
   = help: if this is intentional allow the lint with `#[allow(clippy::cast_possible_truncation)]` ...
   = help: for further information visit https://rust-lang.github.io/rust-clippy/rust-1.98.0/index.html#cast_possible_truncation
help: ... or use `try_from` and handle the error accordingly
   |
19 -         (r << 3 | r >> 2) as u8,
19 +         u8::try_from(r << 3 | r >> 2),
   |

warning: casting `u16` to `u8` may truncate the value
  --> crates/rrrah-decode/src/dds.rs:20:9
   |
20 |         (g << 2 | g >> 4) as u8,
   |         ^^^^^^^^^^^^^^^^^^^^^^^
   |
   = help: if this is intentional allow the lint with `#[allow(clippy::cast_possible_truncation)]` ...
   = help: for further information visit https://rust-lang.github.io/rust-clippy/rust-1.98.0/index.html#cast_possible_truncation
help: ... or use `try_from` and handle the error accordingly
   |
20 -         (g << 2 | g >> 4) as u8,
20 +         u8::try_from(g << 2 | g >> 4),
   |

warning: casting `u16` to `u8` may truncate the value
  --> crates/rrrah-decode/src/dds.rs:21:9
   |
21 |         (b << 3 | b >> 2) as u8,
   |         ^^^^^^^^^^^^^^^^^^^^^^^
   |
   = help: if this is intentional allow the lint with `#[allow(clippy::cast_possible_truncation)]` ...
   = help: for further information visit https://rust-lang.github.io/rust-clippy/rust-1.98.0/index.html#cast_possible_truncation
help: ... or use `try_from` and handle the error accordingly
   |
21 -         (b << 3 | b >> 2) as u8,
21 +         u8::try_from(b << 3 | b >> 2),
   |

warning: the loop variable `k` is only used to index `colors`
  --> crates/rrrah-decode/src/dds.rs:31:18
   |
31 |         for k in 0..3 {
   |                  ^^^^
   |
   = help: for further information visit https://rust-lang.github.io/rust-clippy/rust-1.98.0/index.html#needless_range_loop
help: consider using an iterator
   |
31 -         for k in 0..3 {
31 +         for <item> in colors.iter_mut().take(3) {
   |

warning: casting `u16` to `u8` may truncate the value
  --> crates/rrrah-decode/src/dds.rs:32:28
   |
32 |             colors[2][k] = ((2 * u16::from(colors[0][k]) + u16::from(colors[1][k])) / 3) as u8;
   |                            ^^^^^^^^^^^^^^^^^^^^^^^^^^^^^^^^^^^^^^^^^^^^^^^^^^^^^^^^^^^^^^^^^^^
   |
   = help: if this is intentional allow the lint with `#[allow(clippy::cast_possible_truncation)]` ...
   = help: for further information visit https://rust-lang.github.io/rust-clippy/rust-1.98.0/index.html#cast_possible_truncation
help: ... or use `try_from` and handle the error accordingly
   |
32 -             colors[2][k] = ((2 * u16::from(colors[0][k]) + u16::from(colors[1][k])) / 3) as u8;
32 +             colors[2][k] = u8::try_from((2 * u16::from(colors[0][k]) + u16::from(colors[1][k])) / 3);
   |

warning: casting `u16` to `u8` may truncate the value
  --> crates/rrrah-decode/src/dds.rs:33:28
   |
33 |             colors[3][k] = ((u16::from(colors[0][k]) + 2 * u16::from(colors[1][k])) / 3) as u8;
   |                            ^^^^^^^^^^^^^^^^^^^^^^^^^^^^^^^^^^^^^^^^^^^^^^^^^^^^^^^^^^^^^^^^^^^
   |
   = help: if this is intentional allow the lint with `#[allow(clippy::cast_possible_truncation)]` ...
   = help: for further information visit https://rust-lang.github.io/rust-clippy/rust-1.98.0/index.html#cast_possible_truncation
help: ... or use `try_from` and handle the error accordingly
   |
33 -             colors[3][k] = ((u16::from(colors[0][k]) + 2 * u16::from(colors[1][k])) / 3) as u8;
33 +             colors[3][k] = u8::try_from((u16::from(colors[0][k]) + 2 * u16::from(colors[1][k])) / 3);
   |

warning: the loop variable `k` is only used to index `colors`
  --> crates/rrrah-decode/src/dds.rs:38:18
   |
38 |         for k in 0..3 {
   |                  ^^^^
   |
   = help: for further information visit https://rust-lang.github.io/rust-clippy/rust-1.98.0/index.html#needless_range_loop
help: consider using an iterator
   |
38 -         for k in 0..3 {
38 +         for <item> in colors.iter_mut().take(3) {
   |

warning: casting `u16` to `u8` may truncate the value
  --> crates/rrrah-decode/src/dds.rs:39:28
   |
39 |             colors[2][k] = ((u16::from(colors[0][k]) + u16::from(colors[1][k])) / 2) as u8;
   |                            ^^^^^^^^^^^^^^^^^^^^^^^^^^^^^^^^^^^^^^^^^^^^^^^^^^^^^^^^^^^^^^^
   |
   = help: if this is intentional allow the lint with `#[allow(clippy::cast_possible_truncation)]` ...
   = help: for further information visit https://rust-lang.github.io/rust-clippy/rust-1.98.0/index.html#cast_possible_truncation
help: ... or use `try_from` and handle the error accordingly
   |
39 -             colors[2][k] = ((u16::from(colors[0][k]) + u16::from(colors[1][k])) / 2) as u8;
39 +             colors[2][k] = u8::try_from((u16::from(colors[0][k]) + u16::from(colors[1][k])) / 2);
   |

warning: manual implementation of `midpoint` which can overflow
  --> crates/rrrah-decode/src/dds.rs:39:28
   |
39 |             colors[2][k] = ((u16::from(colors[0][k]) + u16::from(colors[1][k])) / 2) as u8;
   |                            ^^^^^^^^^^^^^^^^^^^^^^^^^^^^^^^^^^^^^^^^^^^^^^^^^^^^^^^^^ help: use `u16::midpoint` instead: `u16::midpoint(u16::from(colors[0][k]), u16::from(colors[1][k]))`
   |
   = help: for further information visit https://rust-lang.github.io/rust-clippy/rust-1.98.0/index.html#manual_midpoint

warning: the loop variable `i` is used to index `alpha`
  --> crates/rrrah-decode/src/dds.rs:51:22
   |
51 |             for i in 2..8 {
   |                      ^^^^
   |
   = help: for further information visit https://rust-lang.github.io/rust-clippy/rust-1.98.0/index.html#needless_range_loop
help: consider using an iterator and enumerate()
   |
51 -             for i in 2..8 {
51 +             for (i, <item>) in alpha.iter_mut().enumerate().skip(2) {
   |

warning: casting `usize` to `u8` may truncate the value
  --> crates/rrrah-decode/src/dds.rs:52:28
   |
52 |                 alpha[i] = (((8 - i) * usize::from(b[0]) + (i - 1) * usize::from(b[1])) / 7) as u8;
   |                            ^^^^^^^^^^^^^^^^^^^^^^^^^^^^^^^^^^^^^^^^^^^^^^^^^^^^^^^^^^^^^^^^^^^^^^^
   |
   = help: if this is intentional allow the lint with `#[allow(clippy::cast_possible_truncation)]` ...
   = help: for further information visit https://rust-lang.github.io/rust-clippy/rust-1.98.0/index.html#cast_possible_truncation
help: ... or use `try_from` and handle the error accordingly
   |
52 -                 alpha[i] = (((8 - i) * usize::from(b[0]) + (i - 1) * usize::from(b[1])) / 7) as u8;
52 +                 alpha[i] = u8::try_from(((8 - i) * usize::from(b[0]) + (i - 1) * usize::from(b[1])) / 7);
   |

warning: the loop variable `i` is used to index `alpha`
  --> crates/rrrah-decode/src/dds.rs:55:22
   |
55 |             for i in 2..6 {
   |                      ^^^^
   |
   = help: for further information visit https://rust-lang.github.io/rust-clippy/rust-1.98.0/index.html#needless_range_loop
help: consider using an iterator and enumerate()
   |
55 -             for i in 2..6 {
55 +             for (i, <item>) in alpha.iter_mut().enumerate().take(6).skip(2) {
   |

warning: casting `usize` to `u8` may truncate the value
  --> crates/rrrah-decode/src/dds.rs:56:28
   |
56 |                 alpha[i] = (((6 - i) * usize::from(b[0]) + (i - 1) * usize::from(b[1])) / 5) as u8;
   |                            ^^^^^^^^^^^^^^^^^^^^^^^^^^^^^^^^^^^^^^^^^^^^^^^^^^^^^^^^^^^^^^^^^^^^^^^
   |
   = help: if this is intentional allow the lint with `#[allow(clippy::cast_possible_truncation)]` ...
   = help: for further information visit https://rust-lang.github.io/rust-clippy/rust-1.98.0/index.html#cast_possible_truncation
help: ... or use `try_from` and handle the error accordingly
   |
56 -                 alpha[i] = (((6 - i) * usize::from(b[0]) + (i - 1) * usize::from(b[1])) / 5) as u8;
56 +                 alpha[i] = u8::try_from(((6 - i) * usize::from(b[0]) + (i - 1) * usize::from(b[1])) / 5);
   |

warning: this function has too many lines (102/100)
   --> crates/rrrah-decode/src/dds.rs:135:1
    |
135 | / fn uncompressed(
136 | |     bytes: &[u8],
137 | |     request: &DecodeRequest,
138 | |     width: u32,
139 | |     height: u32,
140 | |     layout: Option<PixelLayout>,
141 | | ) -> Result<DecodedRaster, RasterDecodeError> {
    | |_____________________________________________^
    |
    = help: for further information visit https://rust-lang.github.io/rust-clippy/rust-1.98.0/index.html#too_many_lines

warning: casting `u64` to `usize` may truncate the value on targets with 32-bit wide pointers
   --> crates/rrrah-decode/src/dds.rs:202:12
    |
202 |         Ok(length as usize)
    |            ^^^^^^^^^^^^^^^
    |
    = help: if this is intentional allow the lint with `#[allow(clippy::cast_possible_truncation)]` ...
    = help: for further information visit https://rust-lang.github.io/rust-clippy/rust-1.98.0/index.html#cast_possible_truncation
help: ... or use `try_from` and handle the error accordingly
    |
202 -         Ok(length as usize)
202 +         Ok(usize::try_from(length))
    |

warning: casting `u64` to `usize` may truncate the value on targets with 32-bit wide pointers
   --> crates/rrrah-decode/src/dds.rs:213:37
    |
213 |         .get(mip.start..mip.start + total as usize)
    |                                     ^^^^^^^^^^^^^^
    |
    = help: if this is intentional allow the lint with `#[allow(clippy::cast_possible_truncation)]` ...
    = help: for further information visit https://rust-lang.github.io/rust-clippy/rust-1.98.0/index.html#cast_possible_truncation
help: ... or use `try_from` and handle the error accordingly
    |
213 -         .get(mip.start..mip.start + total as usize)
213 +         .get(mip.start..mip.start + usize::try_from(total))
    |

warning: casting `u64` to `u8` may truncate the value
   --> crates/rrrah-decode/src/dds.rs:232:33
    |
232 |                     pixels.push(((sample * 255 + max / 2) / max) as u8);
    |                                 ^^^^^^^^^^^^^^^^^^^^^^^^^^^^^^^^^^^^^^
    |
    = help: if this is intentional allow the lint with `#[allow(clippy::cast_possible_truncation)]` ...
    = help: for further information visit https://rust-lang.github.io/rust-clippy/rust-1.98.0/index.html#cast_possible_truncation
help: ... or use `try_from` and handle the error accordingly
    |
232 -                     pixels.push(((sample * 255 + max / 2) / max) as u8);
232 +                     pixels.push(u8::try_from((sample * 255 + max / 2) / max));
    |

warning: this function has too many lines (123/100)
   --> crates/rrrah-decode/src/dds.rs:246:1
    |
246 | pub(crate) fn decode(bytes: &[u8], request: &DecodeRequest) -> Result<DecodedRaster, RasterDecodeError> {
    | ^^^^^^^^^^^^^^^^^^^^^^^^^^^^^^^^^^^^^^^^^^^^^^^^^^^^^^^^^^^^^^^^^^^^^^^^^^^^^^^^^^^^^^^^^^^^^^^^^^^^^^^
    |
    = help: for further information visit https://rust-lang.github.io/rust-clippy/rust-1.98.0/index.html#too_many_lines

warning: using `chunks_exact_mut` with a constant chunk size
   --> crates/rrrah-decode/src/dds.rs:362:29
    |
362 |         for pixel in pixels.chunks_exact_mut(4) {
    |                             ^^^^^^^^^^^^^^^^^^^ help: consider using `as_chunks` instead: `as_chunks_mut::<4>().0`
    |
    = help: for further information visit https://rust-lang.github.io/rust-clippy/rust-1.98.0/index.html#chunks_exact_to_as_chunks

warning: this function has too many lines (259/100)
  --> crates/rrrah-decode/src/dicom.rs:36:1
   |
36 | / pub(crate) fn decode(
37 | |     b: &[u8],
38 | |     request: &DecodeRequest,
39 | |     window: Option<ScalarWindow>,
40 | | ) -> Result<DecodedRaster, RasterDecodeError> {
   | |_____________________________________________^
   |
   = help: for further information visit https://rust-lang.github.io/rust-clippy/rust-1.98.0/index.html#too_many_lines

warning: using `chunks_exact_mut` with a constant chunk size
   --> crates/rrrah-decode/src/dicom.rs:256:23
    |
256 |     for (i, p) in out.chunks_exact_mut(4).enumerate() {
    |                       ^^^^^^^^^^^^^^^^^^^ help: consider using `as_chunks` instead: `as_chunks_mut::<4>().0.iter()`
    |
    = help: for further information visit https://rust-lang.github.io/rust-clippy/rust-1.98.0/index.html#chunks_exact_to_as_chunks

warning: casting `f64` to `f32` may truncate the value
   --> crates/rrrah-decode/src/dicom.rs:278:13
    |
278 | /             (if photo == "MONOCHROME1" {
279 | |                 1. - normalized
280 | |             } else {
281 | |                 normalized
282 | |             }) as f32
    | |_____________________^
    |
    = help: if this is intentional allow the lint with `#[allow(clippy::cast_possible_truncation)]` ...
    = help: for further information visit https://rust-lang.github.io/rust-clippy/rust-1.98.0/index.html#cast_possible_truncation

warning: casting `f64` to `f32` may truncate the value
   --> crates/rrrah-decode/src/dicom.rs:284:13
    |
284 |             physical as f32
    |             ^^^^^^^^^^^^^^^
    |
    = help: if this is intentional allow the lint with `#[allow(clippy::cast_possible_truncation)]` ...
    = help: for further information visit https://rust-lang.github.io/rust-clippy/rust-1.98.0/index.html#cast_possible_truncation

warning: casting `usize` to `u32` may truncate the value on targets with 64-bit wide pointers
   --> crates/rrrah-decode/src/dng/lossless_jpeg.rs:788:25
    |
788 |                         parsed.components.len() as u32,
    |                         ^^^^^^^^^^^^^^^^^^^^^^^^^^^^^^
    |
    = help: if this is intentional allow the lint with `#[allow(clippy::cast_possible_truncation)]` ...
    = help: for further information visit https://rust-lang.github.io/rust-clippy/rust-1.98.0/index.html#cast_possible_truncation
help: ... or use `try_from` and handle the error accordingly
    |
788 -                         parsed.components.len() as u32,
788 +                         u32::try_from(parsed.components.len()),
    |

warning: using `chunks_exact` with a constant chunk size
   --> crates/rrrah-decode/src/dng/lossless_jpeg.rs:974:33
    |
974 |     for encoded in payload[6..].chunks_exact(3) {
    |                                 ^^^^^^^^^^^^^^^ help: consider using `as_chunks` instead: `as_chunks::<3>().0`
    |
    = help: for further information visit https://rust-lang.github.io/rust-clippy/rust-1.98.0/index.html#chunks_exact_to_as_chunks

warning: using `chunks_exact` with a constant chunk size
    --> crates/rrrah-decode/src/dng/lossless_jpeg.rs:1095:53
     |
1095 |     for encoded in payload[1..=component_count * 2].chunks_exact(2) {
     |                                                     ^^^^^^^^^^^^^^^ help: consider using `as_chunks` instead: `as_chunks::<2>().0`
     |
     = help: for further information visit https://rust-lang.github.io/rust-clippy/rust-1.98.0/index.html#chunks_exact_to_as_chunks

warning: using `chunks_exact` with a constant chunk size
   --> crates/rrrah-decode/src/dng/tiff.rs:396:22
    |
396 |                     .chunks_exact(2)
    |                      ^^^^^^^^^^^^^^^ help: consider using `as_chunks` instead: `as_chunks::<2>().0.iter()`
    |
    = help: for further information visit https://rust-lang.github.io/rust-clippy/rust-1.98.0/index.html#chunks_exact_to_as_chunks

warning: using `chunks_exact` with a constant chunk size
   --> crates/rrrah-decode/src/dng/tiff.rs:401:22
    |
401 |                     .chunks_exact(4)
    |                      ^^^^^^^^^^^^^^^ help: consider using `as_chunks` instead: `as_chunks::<4>().0.iter()`
    |
    = help: for further information visit https://rust-lang.github.io/rust-clippy/rust-1.98.0/index.html#chunks_exact_to_as_chunks

warning: using `chunks_exact` with a constant chunk size
   --> crates/rrrah-decode/src/dng/tiff.rs:406:22
    |
406 |                     .chunks_exact(8)
    |                      ^^^^^^^^^^^^^^^ help: consider using `as_chunks` instead: `as_chunks::<8>().0.iter()`
    |
    = help: for further information visit https://rust-lang.github.io/rust-clippy/rust-1.98.0/index.html#chunks_exact_to_as_chunks

warning: using `chunks_exact` with a constant chunk size
   --> crates/rrrah-decode/src/dng/tiff.rs:453:22
    |
453 |                     .chunks_exact(2)
    |                      ^^^^^^^^^^^^^^^ help: consider using `as_chunks` instead: `as_chunks::<2>().0.iter()`
    |
    = help: for further information visit https://rust-lang.github.io/rust-clippy/rust-1.98.0/index.html#chunks_exact_to_as_chunks

warning: using `chunks_exact` with a constant chunk size
   --> crates/rrrah-decode/src/dng/tiff.rs:458:22
    |
458 |                     .chunks_exact(2)
    |                      ^^^^^^^^^^^^^^^ help: consider using `as_chunks` instead: `as_chunks::<2>().0.iter()`
    |
    = help: for further information visit https://rust-lang.github.io/rust-clippy/rust-1.98.0/index.html#chunks_exact_to_as_chunks

warning: using `chunks_exact` with a constant chunk size
   --> crates/rrrah-decode/src/dng/tiff.rs:463:22
    |
463 |                     .chunks_exact(4)
    |                      ^^^^^^^^^^^^^^^ help: consider using `as_chunks` instead: `as_chunks::<4>().0.iter()`
    |
    = help: for further information visit https://rust-lang.github.io/rust-clippy/rust-1.98.0/index.html#chunks_exact_to_as_chunks

warning: using `chunks_exact` with a constant chunk size
   --> crates/rrrah-decode/src/dng/tiff.rs:468:22
    |
468 |                     .chunks_exact(4)
    |                      ^^^^^^^^^^^^^^^ help: consider using `as_chunks` instead: `as_chunks::<4>().0.iter()`
    |
    = help: for further information visit https://rust-lang.github.io/rust-clippy/rust-1.98.0/index.html#chunks_exact_to_as_chunks

warning: using `chunks_exact` with a constant chunk size
   --> crates/rrrah-decode/src/dng/tiff.rs:472:43
    |
472 |                 for bytes in self.encoded.chunks_exact(8) {
    |                                           ^^^^^^^^^^^^^^^ help: consider using `as_chunks` instead: `as_chunks::<8>().0`
    |
    = help: for further information visit https://rust-lang.github.io/rust-clippy/rust-1.98.0/index.html#chunks_exact_to_as_chunks

warning: using `chunks_exact` with a constant chunk size
   --> crates/rrrah-decode/src/dng/tiff.rs:481:43
    |
481 |                 for bytes in self.encoded.chunks_exact(8) {
    |                                           ^^^^^^^^^^^^^^^ help: consider using `as_chunks` instead: `as_chunks::<8>().0`
    |
    = help: for further information visit https://rust-lang.github.io/rust-clippy/rust-1.98.0/index.html#chunks_exact_to_as_chunks

warning: using `chunks_exact` with a constant chunk size
   --> crates/rrrah-decode/src/dng/tiff.rs:491:22
    |
491 |                     .chunks_exact(4)
    |                      ^^^^^^^^^^^^^^^ help: consider using `as_chunks` instead: `as_chunks::<4>().0.iter()`
    |
    = help: for further information visit https://rust-lang.github.io/rust-clippy/rust-1.98.0/index.html#chunks_exact_to_as_chunks

warning: using `chunks_exact` with a constant chunk size
   --> crates/rrrah-decode/src/dng/tiff.rs:496:22
    |
496 |                     .chunks_exact(8)
    |                      ^^^^^^^^^^^^^^^ help: consider using `as_chunks` instead: `as_chunks::<8>().0.iter()`
    |
    = help: for further information visit https://rust-lang.github.io/rust-clippy/rust-1.98.0/index.html#chunks_exact_to_as_chunks

warning: using `chunks_exact` with a constant chunk size
   --> crates/rrrah-decode/src/dng/tiff.rs:501:22
    |
501 |                     .chunks_exact(8)
    |                      ^^^^^^^^^^^^^^^ help: consider using `as_chunks` instead: `as_chunks::<8>().0.iter()`
    |
    = help: for further information visit https://rust-lang.github.io/rust-clippy/rust-1.98.0/index.html#chunks_exact_to_as_chunks

warning: using `chunks_exact` with a constant chunk size
   --> crates/rrrah-decode/src/dng/tiff.rs:506:22
    |
506 |                     .chunks_exact(8)
    |                      ^^^^^^^^^^^^^^^ help: consider using `as_chunks` instead: `as_chunks::<8>().0.iter()`
    |
    = help: for further information visit https://rust-lang.github.io/rust-clippy/rust-1.98.0/index.html#chunks_exact_to_as_chunks

warning: using `chunks_exact` with a constant chunk size
   --> crates/rrrah-decode/src/dng/uncompressed.rs:205:66
    |
205 |             for (target, bytes) in output.iter_mut().zip(encoded.chunks_exact(2)) {
    |                                                                  ^^^^^^^^^^^^^^^
    |
help: consider using `as_chunks::<2>()` instead
   --> crates/rrrah-decode/src/dng/uncompressed.rs:205:66
    |
205 |             for (target, bytes) in output.iter_mut().zip(encoded.chunks_exact(2)) {
    |                                                                  ^^^^^^^^^^^^^^^
    = help: for further information visit https://rust-lang.github.io/rust-clippy/rust-1.98.0/index.html#chunks_exact_to_as_chunks

warning: using `chunks_exact` with a constant chunk size
   --> crates/rrrah-decode/src/dng/uncompressed.rs:259:10
    |
259 |         .chunks_exact(BYTES_PER_GROUP)
    |          ^^^^^^^^^^^^^^^^^^^^^^^^^^^^^ help: consider using `as_chunks` instead: `as_chunks::<BYTES_PER_GROUP>().0.iter()`
    |
    = help: for further information visit https://rust-lang.github.io/rust-clippy/rust-1.98.0/index.html#chunks_exact_to_as_chunks

warning: using `chunks_exact_mut` with a constant chunk size
   --> crates/rrrah-decode/src/dng/uncompressed.rs:260:29
    |
260 |         .zip(grouped_output.chunks_exact_mut(SAMPLES_PER_GROUP))
    |                             ^^^^^^^^^^^^^^^^^^^^^^^^^^^^^^^^^^^
    |
help: consider using `as_chunks_mut::<SAMPLES_PER_GROUP>()` instead
   --> crates/rrrah-decode/src/dng/uncompressed.rs:260:29
    |
260 |         .zip(grouped_output.chunks_exact_mut(SAMPLES_PER_GROUP))
    |                             ^^^^^^^^^^^^^^^^^^^^^^^^^^^^^^^^^^^
    = help: for further information visit https://rust-lang.github.io/rust-clippy/rust-1.98.0/index.html#chunks_exact_to_as_chunks

warning: using `chunks_exact` with a constant chunk size
   --> crates/rrrah-decode/src/dng/uncompressed.rs:291:10
    |
291 |         .chunks_exact(BYTES_PER_GROUP)
    |          ^^^^^^^^^^^^^^^^^^^^^^^^^^^^^ help: consider using `as_chunks` instead: `as_chunks::<BYTES_PER_GROUP>().0.iter()`
    |
    = help: for further information visit https://rust-lang.github.io/rust-clippy/rust-1.98.0/index.html#chunks_exact_to_as_chunks

warning: using `chunks_exact_mut` with a constant chunk size
   --> crates/rrrah-decode/src/dng/uncompressed.rs:292:29
    |
292 |         .zip(grouped_output.chunks_exact_mut(SAMPLES_PER_GROUP))
    |                             ^^^^^^^^^^^^^^^^^^^^^^^^^^^^^^^^^^^
    |
help: consider using `as_chunks_mut::<SAMPLES_PER_GROUP>()` instead
   --> crates/rrrah-decode/src/dng/uncompressed.rs:292:29
    |
292 |         .zip(grouped_output.chunks_exact_mut(SAMPLES_PER_GROUP))
    |                             ^^^^^^^^^^^^^^^^^^^^^^^^^^^^^^^^^^^
    = help: for further information visit https://rust-lang.github.io/rust-clippy/rust-1.98.0/index.html#chunks_exact_to_as_chunks

warning: using `chunks_exact` with a constant chunk size
   --> crates/rrrah-decode/src/dng/uncompressed.rs:319:10
    |
319 |         .chunks_exact(BYTES_PER_GROUP)
    |          ^^^^^^^^^^^^^^^^^^^^^^^^^^^^^ help: consider using `as_chunks` instead: `as_chunks::<BYTES_PER_GROUP>().0.iter()`
    |
    = help: for further information visit https://rust-lang.github.io/rust-clippy/rust-1.98.0/index.html#chunks_exact_to_as_chunks

warning: using `chunks_exact_mut` with a constant chunk size
   --> crates/rrrah-decode/src/dng/uncompressed.rs:320:29
    |
320 |         .zip(grouped_output.chunks_exact_mut(SAMPLES_PER_GROUP))
    |                             ^^^^^^^^^^^^^^^^^^^^^^^^^^^^^^^^^^^
    |
help: consider using `as_chunks_mut::<SAMPLES_PER_GROUP>()` instead
   --> crates/rrrah-decode/src/dng/uncompressed.rs:320:29
    |
320 |         .zip(grouped_output.chunks_exact_mut(SAMPLES_PER_GROUP))
    |                             ^^^^^^^^^^^^^^^^^^^^^^^^^^^^^^^^^^^
    = help: for further information visit https://rust-lang.github.io/rust-clippy/rust-1.98.0/index.html#chunks_exact_to_as_chunks

warning: item in documentation is missing backticks
  --> crates/rrrah-decode/src/dng/mod.rs:81:53
   |
81 | /// Inspect every bounded TIFF directory, including SubIFDs. Sensor markers
   |                                                     ^^^^^^^
   |
   = help: for further information visit https://rust-lang.github.io/rust-clippy/rust-1.98.0/index.html#doc_markdown
help: try
   |
81 - /// Inspect every bounded TIFF directory, including SubIFDs. Sensor markers
81 + /// Inspect every bounded TIFF directory, including `SubIFDs`. Sensor markers
   |

warning: unused `self` argument
  --> crates/rrrah-decode/src/dng_backend.rs:46:9
   |
46 |         &self,
   |         ^^^^^
   |
   = help: consider refactoring to an associated function
   = help: for further information visit https://rust-lang.github.io/rust-clippy/rust-1.98.0/index.html#unused_self

warning: this argument (0 byte) is passed by reference, but would be more efficient if passed by value (limit: 8 byte)
  --> crates/rrrah-decode/src/dng_backend.rs:46:9
   |
46 |         &self,
   |         ^^^^^ help: consider passing by value instead: `self`
   |
   = help: for further information visit https://rust-lang.github.io/rust-clippy/rust-1.98.0/index.html#trivially_copy_pass_by_ref

warning: this function has too many lines (125/100)
   --> crates/rrrah-decode/src/dng_backend.rs:149:1
    |
149 | / fn adapt_dng(
150 | |     image: &DngImage<'_>,
151 | |     pixels: Vec<u16>,
152 | |     reservation: Option<rrrah_core::Reservation>,
153 | | ) -> Result<(DecodedMosaic, AdaptTimings), DecodeError> {
    | |_______________________________________________________^
    |
    = help: for further information visit https://rust-lang.github.io/rust-clippy/rust-1.98.0/index.html#too_many_lines

warning: this function has too many lines (178/100)
  --> crates/rrrah-decode/src/dpx.rs:14:1
   |
14 | pub(crate) fn decode(b: &[u8], request: &DecodeRequest) -> Result<DecodedRaster, RasterDecodeError> {
   | ^^^^^^^^^^^^^^^^^^^^^^^^^^^^^^^^^^^^^^^^^^^^^^^^^^^^^^^^^^^^^^^^^^^^^^^^^^^^^^^^^^^^^^^^^^^^^^^^^^^
   |
   = help: for further information visit https://rust-lang.github.io/rust-clippy/rust-1.98.0/index.html#too_many_lines

warning: casting `u32` to `u16` may truncate the value
   --> crates/rrrah-decode/src/dpx.rs:143:13
    |
143 |             ((v * 65535 + max / 2) / max) as u16
    |             ^^^^^^^^^^^^^^^^^^^^^^^^^^^^^^^^^^^^
    |
    = help: if this is intentional allow the lint with `#[allow(clippy::cast_possible_truncation)]` ...
    = help: for further information visit https://rust-lang.github.io/rust-clippy/rust-1.98.0/index.html#cast_possible_truncation
help: ... or use `try_from` and handle the error accordingly
    |
143 -             ((v * 65535 + max / 2) / max) as u16
143 +             u16::try_from((v * 65535 + max / 2) / max)
    |

warning: strict comparison of `f32` or `f64`
   --> crates/rrrah-decode/src/dpx.rs:179:12
    |
179 |         && f32::from_bits(u32at(796)) == 1.0;
    |            ^^^^^^^^^^^^^^^^^^^^^^^^^^^^^^^^^ help: consider comparing them within some margin of error: `(f32::from_bits(u32at(796)) - 1.0).abs() < error_margin`
    |
    = help: for further information visit https://rust-lang.github.io/rust-clippy/rust-1.98.0/index.html#float_cmp

warning: item in documentation is missing backticks
 --> crates/rrrah-decode/src/exr_color.rs:1:26
  |
1 | //! Explicit single-part OpenEXR color declarations. Missing metadata is unknown.
  |                          ^^^^^^^
  |
  = help: for further information visit https://rust-lang.github.io/rust-clippy/rust-1.98.0/index.html#doc_markdown
help: try
  |
1 - //! Explicit single-part OpenEXR color declarations. Missing metadata is unknown.
1 + //! Explicit single-part `OpenEXR` color declarations. Missing metadata is unknown.
  |

warning: you should put bare URLs between `<`/`>` or make a proper Markdown link
 --> crates/rrrah-decode/src/exr_color.rs:2:5
  |
2 | //! https://openexr.com/en/latest/StandardAttributes.html
  |     ^^^^^^^^^^^^^^^^^^^^^^^^^^^^^^^^^^^^^^^^^^^^^^^^^^^^^ help: try: `<https://openexr.com/en/latest/StandardAttributes.html>`
  |
  = help: for further information visit https://rust-lang.github.io/rust-clippy/rust-1.98.0/index.html#doc_markdown

warning: this function has too many lines (111/100)
  --> crates/rrrah-decode/src/exr_color.rs:22:1
   |
22 | pub(crate) fn declaration(bytes: &[u8]) -> Result<Option<RasterColorSpace>, RasterDecodeError> {
   | ^^^^^^^^^^^^^^^^^^^^^^^^^^^^^^^^^^^^^^^^^^^^^^^^^^^^^^^^^^^^^^^^^^^^^^^^^^^^^^^^^^^^^^^^^^^^^^
   |
   = help: for further information visit https://rust-lang.github.io/rust-clippy/rust-1.98.0/index.html#too_many_lines

warning: using `chunks_exact` with a constant chunk size
  --> crates/rrrah-decode/src/exr_color.rs:87:22
   |
87 |                     .chunks_exact(4)
   |                      ^^^^^^^^^^^^^^^ help: consider using `as_chunks` instead: `as_chunks::<4>().0.iter()`
   |
   = help: for further information visit https://rust-lang.github.io/rust-clippy/rust-1.98.0/index.html#chunks_exact_to_as_chunks

warning: using `chunks_exact` with a constant chunk size
   --> crates/rrrah-decode/src/exr_color.rs:112:22
    |
112 |                     .chunks_exact(4)
    |                      ^^^^^^^^^^^^^^^ help: consider using `as_chunks` instead: `as_chunks::<4>().0.iter()`
    |
    = help: for further information visit https://rust-lang.github.io/rust-clippy/rust-1.98.0/index.html#chunks_exact_to_as_chunks

warning: casting `f64` to `i128` may truncate the value
  --> crates/rrrah-decode/src/fits.rs:75:21
   |
75 |         let scale = self.bscale as i128;
   |                     ^^^^^^^^^^^^^^^^^^^
   |
   = help: if this is intentional allow the lint with `#[allow(clippy::cast_possible_truncation)]` ...
   = help: for further information visit https://rust-lang.github.io/rust-clippy/rust-1.98.0/index.html#cast_possible_truncation

warning: casting `f64` to `i128` may truncate the value
  --> crates/rrrah-decode/src/fits.rs:76:20
   |
76 |         let zero = self.bzero as i128;
   |                    ^^^^^^^^^^^^^^^^^^
   |
   = help: if this is intentional allow the lint with `#[allow(clippy::cast_possible_truncation)]` ...
   = help: for further information visit https://rust-lang.github.io/rust-clippy/rust-1.98.0/index.html#cast_possible_truncation

warning: strict comparison of `f32` or `f64`
  --> crates/rrrah-decode/src/fits.rs:77:12
   |
77 |         if scale as f64 != self.bscale || zero as f64 != self.bzero {
   |            ^^^^^^^^^^^^^^^^^^^^^^^^^^^ help: consider comparing them within some margin of error: `(scale as f64 - self.bscale).abs() > error_margin`
   |
   = help: for further information visit https://rust-lang.github.io/rust-clippy/rust-1.98.0/index.html#float_cmp

warning: strict comparison of `f32` or `f64`
  --> crates/rrrah-decode/src/fits.rs:77:43
   |
77 |         if scale as f64 != self.bscale || zero as f64 != self.bzero {
   |                                           ^^^^^^^^^^^^^^^^^^^^^^^^^ help: consider comparing them within some margin of error: `(zero as f64 - self.bzero).abs() > error_margin`
   |
   = help: for further information visit https://rust-lang.github.io/rust-clippy/rust-1.98.0/index.html#float_cmp

warning: casting `f64` to `i128` may truncate the value
  --> crates/rrrah-decode/src/fits.rs:90:36
   |
90 |         if integer.is_some_and(|n| raw as i128 != i128::from(n)) {
   |                                    ^^^^^^^^^^^
   |
   = help: if this is intentional allow the lint with `#[allow(clippy::cast_possible_truncation)]` ...
   = help: for further information visit https://rust-lang.github.io/rust-clippy/rust-1.98.0/index.html#cast_possible_truncation

warning: strict comparison of `f32` or `f64`
  --> crates/rrrah-decode/src/fits.rs:93:12
   |
93 |         if self.bscale == 1. && self.bzero == 0. {
   |            ^^^^^^^^^^^^^^^^^ help: consider comparing them within some margin of error: `(self.bscale - 1.).abs() < error_margin`
   |
   = help: for further information visit https://rust-lang.github.io/rust-clippy/rust-1.98.0/index.html#float_cmp

warning: this `if` statement can be collapsed
   --> crates/rrrah-decode/src/fits.rs:110:13
    |
110 | /             if i % 4096 == 0 {
111 | |                 if let Some(r) = request {
112 | |                     r.check_cancelled()?;
113 | |                 }
114 | |             }
    | |_____________^
    |
    = help: for further information visit https://rust-lang.github.io/rust-clippy/rust-1.98.0/index.html#collapsible_if
help: collapse nested if block
    |
110 ~             if i % 4096 == 0
111 ~                 && let Some(r) = request {
112 |                     r.check_cancelled()?;
113 ~                 }
    |

warning: strict comparison of `f32` or `f64`
   --> crates/rrrah-decode/src/fits.rs:116:28
    |
116 |             let value = if self.bscale == 1. && self.bzero == 0. {
    |                            ^^^^^^^^^^^^^^^^^ help: consider comparing them within some margin of error: `(self.bscale - 1.).abs() < error_margin`
    |
    = help: for further information visit https://rust-lang.github.io/rust-clippy/rust-1.98.0/index.html#float_cmp

warning: casting `f64` to `f32` may truncate the value
   --> crates/rrrah-decode/src/fits.rs:120:21
    |
120 |                     physical as f32
    |                     ^^^^^^^^^^^^^^^
    |
    = help: if this is intentional allow the lint with `#[allow(clippy::cast_possible_truncation)]` ...
    = help: for further information visit https://rust-lang.github.io/rust-clippy/rust-1.98.0/index.html#cast_possible_truncation

warning: casting `f64` to `f32` may truncate the value
   --> crates/rrrah-decode/src/fits.rs:123:17
    |
123 |                 physical as f32
    |                 ^^^^^^^^^^^^^^^
    |
    = help: if this is intentional allow the lint with `#[allow(clippy::cast_possible_truncation)]` ...
    = help: for further information visit https://rust-lang.github.io/rust-clippy/rust-1.98.0/index.html#cast_possible_truncation

warning: casting `f32` to `i128` may truncate the value
   --> crates/rrrah-decode/src/fits.rs:127:72
    |
127 |                 .is_some_and(|n| f64::from(value) >= 2f64.powi(127) || value as i128 != n)
    |                                                                        ^^^^^^^^^^^^^
    |
    = help: if this is intentional allow the lint with `#[allow(clippy::cast_possible_truncation)]` ...
    = help: for further information visit https://rust-lang.github.io/rust-clippy/rust-1.98.0/index.html#cast_possible_truncation

warning: strict comparison of `f32` or `f64`
   --> crates/rrrah-decode/src/fits.rs:131:40
    |
131 |             if physical.is_finite() && f64::from(value) != physical {
    |                                        ^^^^^^^^^^^^^^^^^^^^^^^^^^^^ help: consider comparing them within some margin of error: `(f64::from(value) - physical).abs() > error_margin`
    |
    = help: for further information visit https://rust-lang.github.io/rust-clippy/rust-1.98.0/index.html#float_cmp

warning: this `if` statement can be collapsed
   --> crates/rrrah-decode/src/fits.rs:166:13
    |
166 | /             if i % 4096 == 0 {
167 | |                 if let Some(r) = request {
168 | |                     r.check_cancelled()?;
169 | |                 }
170 | |             }
    | |_____________^
    |
    = help: for further information visit https://rust-lang.github.io/rust-clippy/rust-1.98.0/index.html#collapsible_if
help: collapse nested if block
    |
166 ~             if i % 4096 == 0
167 ~                 && let Some(r) = request {
168 |                     r.check_cancelled()?;
169 ~                 }
    |

warning: casting `f64` to `f32` may truncate the value
   --> crates/rrrah-decode/src/fits.rs:177:24
    |
177 |             let gray = ((physical - minimum) / range).clamp(0., 1.) as f32;
    |                        ^^^^^^^^^^^^^^^^^^^^^^^^^^^^^^^^^^^^^^^^^^^^^^^^^^^
    |
    = help: if this is intentional allow the lint with `#[allow(clippy::cast_possible_truncation)]` ...
    = help: for further information visit https://rust-lang.github.io/rust-clippy/rust-1.98.0/index.html#cast_possible_truncation

warning: this function has too many lines (183/100)
   --> crates/rrrah-decode/src/fits.rs:293:1
    |
293 | pub(crate) fn decode(b: &[u8], request: &DecodeRequest) -> Result<FitsImage, RasterDecodeError> {
    | ^^^^^^^^^^^^^^^^^^^^^^^^^^^^^^^^^^^^^^^^^^^^^^^^^^^^^^^^^^^^^^^^^^^^^^^^^^^^^^^^^^^^^^^^^^^^^^^
    |
    = help: for further information visit https://rust-lang.github.io/rust-clippy/rust-1.98.0/index.html#too_many_lines

warning: manual implementation of `.is_multiple_of()`
   --> crates/rrrah-decode/src/fits.rs:295:25
    |
295 |     if !has_magic(b) || b.len() % 2880 != 0 {
    |                         ^^^^^^^^^^^^^^^^^^^ help: replace with: `!b.len().is_multiple_of(2880)`
    |
    = help: for further information visit https://rust-lang.github.io/rust-clippy/rust-1.98.0/index.html#manual_is_multiple_of

warning: boolean to int conversion using if
   --> crates/rrrah-decode/src/fits.rs:356:25
    |
356 |         let mut count = if dimension == 0 { 0usize } else { 1usize };
    |                         ^^^^^^^^^^^^^^^^^^^^^^^^^^^^^^^^^^^^^^^^^^^^ help: replace with from: `usize::from(dimension != 0)`
    |
    = note: `(dimension != 0) as usize` or `(dimension != 0).into()` can also be valid options
    = help: for further information visit https://rust-lang.github.io/rust-clippy/rust-1.98.0/index.html#bool_to_int_with_if
    = note: `-W clippy::bool-to-int-with-if` implied by `-W clippy::pedantic`
    = help: to override `-W clippy::pedantic` add `#[allow(clippy::bool_to_int_with_if)]`

warning: casting `i64` to `usize` may truncate the value on targets with 32-bit wide pointers
   --> crates/rrrah-decode/src/fits.rs:359:20
    |
359 |             if key(axis as usize + 2) != Some(name.as_str()) {
    |                    ^^^^^^^^^^^^^
    |
    = help: if this is intentional allow the lint with `#[allow(clippy::cast_possible_truncation)]` ...
    = help: for further information visit https://rust-lang.github.io/rust-clippy/rust-1.98.0/index.html#cast_possible_truncation
help: ... or use `try_from` and handle the error accordingly
    |
359 -             if key(axis as usize + 2) != Some(name.as_str()) {
359 +             if key(usize::try_from(axis) + 2) != Some(name.as_str()) {
    |

warning: casting `i64` to `usize` may lose the sign of the value
   --> crates/rrrah-decode/src/fits.rs:359:20
    |
359 |             if key(axis as usize + 2) != Some(name.as_str()) {
    |                    ^^^^^^^^^^^^^
    |
    = help: for further information visit https://rust-lang.github.io/rust-clippy/rust-1.98.0/index.html#cast_sign_loss

warning: casting `usize` to `u32` may truncate the value on targets with 64-bit wide pointers
   --> crates/rrrah-decode/src/fits.rs:453:28
    |
453 |                     width: sizes[0] as u32,
    |                            ^^^^^^^^^^^^^^^
    |
    = help: if this is intentional allow the lint with `#[allow(clippy::cast_possible_truncation)]` ...
    = help: for further information visit https://rust-lang.github.io/rust-clippy/rust-1.98.0/index.html#cast_possible_truncation
help: ... or use `try_from` and handle the error accordingly
    |
453 -                     width: sizes[0] as u32,
453 +                     width: u32::try_from(sizes[0]),
    |

warning: casting `usize` to `u32` may truncate the value on targets with 64-bit wide pointers
   --> crates/rrrah-decode/src/fits.rs:454:29
    |
454 |                     height: sizes[1] as u32,
    |                             ^^^^^^^^^^^^^^^
    |
    = help: if this is intentional allow the lint with `#[allow(clippy::cast_possible_truncation)]` ...
    = help: for further information visit https://rust-lang.github.io/rust-clippy/rust-1.98.0/index.html#cast_possible_truncation
help: ... or use `try_from` and handle the error accordingly
    |
454 -                     height: sizes[1] as u32,
454 +                     height: u32::try_from(sizes[1]),
    |

warning: this argument is passed by value, but not consumed in the function body
  --> crates/rrrah-decode/src/heif.rs:13:21
   |
13 | fn invalid(message: impl ToString) -> RasterDecodeError {
   |                     ^^^^^^^^^^^^^
   |
   = help: for further information visit https://rust-lang.github.io/rust-clippy/rust-1.98.0/index.html#needless_pass_by_value
help: consider taking a reference instead
   |
13 | fn invalid(message: &impl ToString) -> RasterDecodeError {
   |                     +

warning: manual implementation of `.is_multiple_of()`
  --> crates/rrrah-decode/src/heif.rs:41:21
   |
41 |     if size < 16 || size % 4 != 0 {
   |                     ^^^^^^^^^^^^^ help: replace with: `!size.is_multiple_of(4)`
   |
   = help: for further information visit https://rust-lang.github.io/rust-clippy/rust-1.98.0/index.html#manual_is_multiple_of

warning: using `chunks_exact` with a constant chunk size
  --> crates/rrrah-decode/src/heif.rs:44:88
   |
44 |     let brands = std::iter::once(&bytes[8..12]).chain(bytes[16..size.min(bytes.len())].chunks_exact(4));
   |                                                                                        ^^^^^^^^^^^^^^^
   |
help: consider using `as_chunks::<4>()` instead
  --> crates/rrrah-decode/src/heif.rs:44:88
   |
44 |     let brands = std::iter::once(&bytes[8..12]).chain(bytes[16..size.min(bytes.len())].chunks_exact(4));
   |                                                                                        ^^^^^^^^^^^^^^^
   = help: for further information visit https://rust-lang.github.io/rust-clippy/rust-1.98.0/index.html#chunks_exact_to_as_chunks

warning: casting `i32` to `u32` may lose the sign of the value
  --> crates/rrrah-decode/src/heif.rs:82:13
   |
82 |             handle.ispe_width() as u32,
   |             ^^^^^^^^^^^^^^^^^^^^^^^^^^ help: if this is intentional, use `cast_unsigned()` instead: `handle.ispe_width().cast_unsigned()`
   |
   = help: for further information visit https://rust-lang.github.io/rust-clippy/rust-1.98.0/index.html#cast_sign_loss

warning: casting `i32` to `u32` may lose the sign of the value
  --> crates/rrrah-decode/src/heif.rs:83:13
   |
83 |             handle.ispe_height() as u32,
   |             ^^^^^^^^^^^^^^^^^^^^^^^^^^^ help: if this is intentional, use `cast_unsigned()` instead: `handle.ispe_height().cast_unsigned()`
   |
   = help: for further information visit https://rust-lang.github.io/rust-clippy/rust-1.98.0/index.html#cast_sign_loss

warning: using `chunks_exact` with a constant chunk size
   --> crates/rrrah-decode/src/heif.rs:139:43
    |
139 |             for value in row[..row_bytes].chunks_exact(2) {
    |                                           ^^^^^^^^^^^^^^^ help: consider using `as_chunks` instead: `as_chunks::<2>().0`
    |
    = help: for further information visit https://rust-lang.github.io/rust-clippy/rust-1.98.0/index.html#chunks_exact_to_as_chunks

warning: casting `u32` to `u16` may truncate the value
   --> crates/rrrah-decode/src/heif.rs:144:26
    |
144 |                 out.push(((value * 65535 + maximum / 2) / maximum) as u16);
    |                          ^^^^^^^^^^^^^^^^^^^^^^^^^^^^^^^^^^^^^^^^^^^^^^^^
    |
    = help: if this is intentional allow the lint with `#[allow(clippy::cast_possible_truncation)]` ...
    = help: for further information visit https://rust-lang.github.io/rust-clippy/rust-1.98.0/index.html#cast_possible_truncation
help: ... or use `try_from` and handle the error accordingly
    |
144 -                 out.push(((value * 65535 + maximum / 2) / maximum) as u16);
144 +                 out.push(u16::try_from((value * 65535 + maximum / 2) / maximum));
    |

warning: item in documentation is missing backticks
 --> crates/rrrah-decode/src/iff.rs:1:50
  |
1 | //! IFF ILBM/PBM saved bitmap, palette, mask and ByteRun1 rows.
  |                                                  ^^^^^^^^
  |
  = help: for further information visit https://rust-lang.github.io/rust-clippy/rust-1.98.0/index.html#doc_markdown
help: try
  |
1 - //! IFF ILBM/PBM saved bitmap, palette, mask and ByteRun1 rows.
1 + //! IFF ILBM/PBM saved bitmap, palette, mask and `ByteRun1` rows.
  |

warning: casting `u8` to `i8` may wrap around the value
  --> crates/rrrah-decode/src/iff.rs:36:23
   |
36 |         let command = input.take(1)?[0] as i8;
   |                       ^^^^^^^^^^^^^^^^^^^^^^^ help: if this is intentional, use `cast_signed()` instead: `input.take(1)?[0].cast_signed()`
   |
   = help: for further information visit https://rust-lang.github.io/rust-clippy/rust-1.98.0/index.html#cast_possible_wrap

warning: casting `i8` to `usize` may lose the sign of the value
  --> crates/rrrah-decode/src/iff.rs:38:13
   |
38 |             command as usize + 1
   |             ^^^^^^^^^^^^^^^^
   |
   = help: for further information visit https://rust-lang.github.io/rust-clippy/rust-1.98.0/index.html#cast_sign_loss

warning: casting `i16` to `usize` may lose the sign of the value
  --> crates/rrrah-decode/src/iff.rs:42:13
   |
42 |             (1 - i16::from(command)) as usize
   |             ^^^^^^^^^^^^^^^^^^^^^^^^^^^^^^^^^
   |
   = help: for further information visit https://rust-lang.github.io/rust-clippy/rust-1.98.0/index.html#cast_sign_loss

warning: this boolean expression can be simplified
   --> crates/rrrah-decode/src/iff.rs:113:12
    |
113 |         || !(1..=8).contains(&planes) && !(planar && planes == 24)
    |            ^^^^^^^^^^^^^^^^^^^^^^^^^^^^^^^^^^^^^^^^^^^^^^^^^^^^^^^
    |
    = help: for further information visit https://rust-lang.github.io/rust-clippy/rust-1.98.0/index.html#nonminimal_bool
    = note: `-W clippy::nonminimal-bool` implied by `-W clippy::pedantic`
    = help: to override `-W clippy::pedantic` add `#[allow(clippy::nonminimal_bool)]`
help: try
    |
113 -         || !(1..=8).contains(&planes) && !(planar && planes == 24)
113 +         || !((1..=8).contains(&planes) || planar && planes == 24)
    |

warning: this function has too many lines (168/100)
  --> crates/rrrah-decode/src/iff.rs:56:1
   |
56 | pub(crate) fn decode(bytes: &[u8], request: &DecodeRequest) -> Result<DecodedRaster, RasterDecodeError> {
   | ^^^^^^^^^^^^^^^^^^^^^^^^^^^^^^^^^^^^^^^^^^^^^^^^^^^^^^^^^^^^^^^^^^^^^^^^^^^^^^^^^^^^^^^^^^^^^^^^^^^^^^^
   |
   = help: for further information visit https://rust-lang.github.io/rust-clippy/rust-1.98.0/index.html#too_many_lines

warning: manual implementation of `.is_multiple_of()`
  --> crates/rrrah-decode/src/iff.rs:80:12
   |
80 |         if size % 2 != 0 {
   |            ^^^^^^^^^^^^^ help: replace with: `!size.is_multiple_of(2)`
   |
   = help: for further information visit https://rust-lang.github.io/rust-clippy/rust-1.98.0/index.html#manual_is_multiple_of

warning: this `if` statement can be collapsed
  --> crates/rrrah-decode/src/iff.rs:93:9
   |
93 | /         if let Some(slot) = slot {
94 | |             if slot.replace(data).is_some() {
95 | |                 return Err(bad("duplicate structural chunk"));
96 | |             }
97 | |         }
   | |_________^
   |
   = help: for further information visit https://rust-lang.github.io/rust-clippy/rust-1.98.0/index.html#collapsible_if
help: collapse nested if block
   |
93 ~         if let Some(slot) = slot
94 ~             && slot.replace(data).is_some() {
95 |                 return Err(bad("duplicate structural chunk"));
96 ~             }
   |

warning: using `chunks_exact` with a constant chunk size
   --> crates/rrrah-decode/src/iff.rs:140:45
    |
140 |     let mut palette: Vec<[u8; 3]> = palette.chunks_exact(3).map(|v| v.try_into().unwrap()).collect();
    |                                             ^^^^^^^^^^^^^^^ help: consider using `as_chunks` instead: `as_chunks::<3>().0.iter()`
    |
    = help: for further information visit https://rust-lang.github.io/rust-clippy/rust-1.98.0/index.html#chunks_exact_to_as_chunks

warning: casting `u64` to `usize` may truncate the value on targets with 32-bit wide pointers
   --> crates/rrrah-decode/src/iff.rs:167:41
    |
167 |     let mut pixels = Vec::with_capacity(output as usize);
    |                                         ^^^^^^^^^^^^^^^
    |
    = help: if this is intentional allow the lint with `#[allow(clippy::cast_possible_truncation)]` ...
    = help: for further information visit https://rust-lang.github.io/rust-clippy/rust-1.98.0/index.html#cast_possible_truncation
help: ... or use `try_from` and handle the error accordingly
    |
167 -     let mut pixels = Vec::with_capacity(output as usize);
167 +     let mut pixels = Vec::with_capacity(usize::try_from(output));
    |

warning: casting `usize` to `u8` may truncate the value
   --> crates/rrrah-decode/src/iff.rs:188:33
    |
188 |                 let component = ((value & 15) * 17) as u8;
    |                                 ^^^^^^^^^^^^^^^^^^^^^^^^^
    |
    = help: if this is intentional allow the lint with `#[allow(clippy::cast_possible_truncation)]` ...
    = help: for further information visit https://rust-lang.github.io/rust-clippy/rust-1.98.0/index.html#cast_possible_truncation
help: ... or use `try_from` and handle the error accordingly
    |
188 -                 let component = ((value & 15) * 17) as u8;
188 +                 let component = u8::try_from((value & 15) * 17);
    |

warning: consider adding a `;` to the last statement for consistent formatting
   --> crates/rrrah-decode/src/iff.rs:191:25
    |
191 | /                         held = *palette
192 | |                             .get(value & 15)
193 | |                             .ok_or_else(|| bad("HAM palette index outside CMAP"))?
    | |__________________________________________________________________________________^
    |
    = help: for further information visit https://rust-lang.github.io/rust-clippy/rust-1.98.0/index.html#semicolon_if_nothing_returned
    = note: `-W clippy::semicolon-if-nothing-returned` implied by `-W clippy::pedantic`
    = help: to override `-W clippy::pedantic` add `#[allow(clippy::semicolon_if_nothing_returned)]`
help: add a `;` here
    |
191 |                         held = *palette
192 |                             .get(value & 15)
193 ~                             .ok_or_else(|| bad("HAM palette index outside CMAP"))?;
    |

warning: casting `usize` to `u8` may truncate the value
   --> crates/rrrah-decode/src/iff.rs:202:18
    |
202 |                 [value as u8, (value >> 8) as u8, (value >> 16) as u8]
    |                  ^^^^^^^^^^^
    |
    = help: if this is intentional allow the lint with `#[allow(clippy::cast_possible_truncation)]` ...
    = help: for further information visit https://rust-lang.github.io/rust-clippy/rust-1.98.0/index.html#cast_possible_truncation
help: ... or use `try_from` and handle the error accordingly
    |
202 -                 [value as u8, (value >> 8) as u8, (value >> 16) as u8]
202 +                 [u8::try_from(value), (value >> 8) as u8, (value >> 16) as u8]
    |

warning: casting `usize` to `u8` may truncate the value
   --> crates/rrrah-decode/src/iff.rs:202:31
    |
202 |                 [value as u8, (value >> 8) as u8, (value >> 16) as u8]
    |                               ^^^^^^^^^^^^^^^^^^
    |
    = help: if this is intentional allow the lint with `#[allow(clippy::cast_possible_truncation)]` ...
    = help: for further information visit https://rust-lang.github.io/rust-clippy/rust-1.98.0/index.html#cast_possible_truncation
help: ... or use `try_from` and handle the error accordingly
    |
202 -                 [value as u8, (value >> 8) as u8, (value >> 16) as u8]
202 +                 [value as u8, u8::try_from(value >> 8), (value >> 16) as u8]
    |

warning: casting `usize` to `u8` may truncate the value
   --> crates/rrrah-decode/src/iff.rs:202:51
    |
202 |                 [value as u8, (value >> 8) as u8, (value >> 16) as u8]
    |                                                   ^^^^^^^^^^^^^^^^^^^
    |
    = help: if this is intentional allow the lint with `#[allow(clippy::cast_possible_truncation)]` ...
    = help: for further information visit https://rust-lang.github.io/rust-clippy/rust-1.98.0/index.html#cast_possible_truncation
help: ... or use `try_from` and handle the error accordingly
    |
202 -                 [value as u8, (value >> 8) as u8, (value >> 16) as u8]
202 +                 [value as u8, (value >> 8) as u8, u8::try_from(value >> 16)]
    |

warning: wildcard matches only a single variant and will also match any future added variants
   --> crates/rrrah-decode/src/image_router.rs:106:9
    |
106 |         _ => {
    |         ^ help: try: `SniffedFormat::Unknown`
    |
    = help: for further information visit https://rust-lang.github.io/rust-clippy/rust-1.98.0/index.html#match_wildcard_for_single_variants

warning: this expression creates a reference which is immediately dereferenced by the compiler
  --> crates/rrrah-decode/src/image_router.rs:74:17
   |
74 |     match sniff(&bytes) {
   |                 ^^^^^^ help: change this to: `bytes`
   |
   = help: for further information visit https://rust-lang.github.io/rust-clippy/rust-1.98.0/index.html#needless_borrow
   = note: `-W clippy::needless-borrow` implied by `-W clippy::all`
   = help: to override `-W clippy::all` add `#[allow(clippy::needless_borrow)]`

warning: this expression creates a reference which is immediately dereferenced by the compiler
   --> crates/rrrah-decode/src/image_router.rs:108:54
    |
108 |             let raster_magic = crate::xcf::has_magic(&bytes)
    |                                                      ^^^^^^ help: change this to: `bytes`
    |
    = help: for further information visit https://rust-lang.github.io/rust-clippy/rust-1.98.0/index.html#needless_borrow

warning: this expression creates a reference which is immediately dereferenced by the compiler
   --> crates/rrrah-decode/src/image_router.rs:109:43
    |
109 |                 || crate::pict::has_magic(&bytes)
    |                                           ^^^^^^ help: change this to: `bytes`
    |
    = help: for further information visit https://rust-lang.github.io/rust-clippy/rust-1.98.0/index.html#needless_borrow

warning: this expression creates a reference which is immediately dereferenced by the compiler
   --> crates/rrrah-decode/src/image_router.rs:110:44
    |
110 |                 || crate::dicom::has_magic(&bytes)
    |                                            ^^^^^^ help: change this to: `bytes`
    |
    = help: for further information visit https://rust-lang.github.io/rust-clippy/rust-1.98.0/index.html#needless_borrow

warning: this expression creates a reference which is immediately dereferenced by the compiler
   --> crates/rrrah-decode/src/image_router.rs:111:47
    |
111 |                 || crate::aseprite::has_magic(&bytes)
    |                                               ^^^^^^ help: change this to: `bytes`
    |
    = help: for further information visit https://rust-lang.github.io/rust-clippy/rust-1.98.0/index.html#needless_borrow

warning: this expression creates a reference which is immediately dereferenced by the compiler
   --> crates/rrrah-decode/src/image_router.rs:112:45
    |
112 |                 || crate::jpegxr::has_magic(&bytes)
    |                                             ^^^^^^ help: change this to: `bytes`
    |
    = help: for further information visit https://rust-lang.github.io/rust-clippy/rust-1.98.0/index.html#needless_borrow

warning: this expression creates a reference which is immediately dereferenced by the compiler
   --> crates/rrrah-decode/src/image_router.rs:113:45
    |
113 |                 || crate::jpegls::has_magic(&bytes)
    |                                             ^^^^^^ help: change this to: `bytes`
    |
    = help: for further information visit https://rust-lang.github.io/rust-clippy/rust-1.98.0/index.html#needless_borrow

warning: this expression creates a reference which is immediately dereferenced by the compiler
   --> crates/rrrah-decode/src/image_router.rs:114:42
    |
114 |                 || crate::jng::has_magic(&bytes)
    |                                          ^^^^^^ help: change this to: `bytes`
    |
    = help: for further information visit https://rust-lang.github.io/rust-clippy/rust-1.98.0/index.html#needless_borrow

warning: this expression creates a reference which is immediately dereferenced by the compiler
   --> crates/rrrah-decode/src/image_router.rs:115:42
    |
115 |                 || crate::mng::has_magic(&bytes)
    |                                          ^^^^^^ help: change this to: `bytes`
    |
    = help: for further information visit https://rust-lang.github.io/rust-clippy/rust-1.98.0/index.html#needless_borrow

warning: this expression creates a reference which is immediately dereferenced by the compiler
   --> crates/rrrah-decode/src/image_router.rs:116:42
    |
116 |                 || crate::sti::has_magic(&bytes)
    |                                          ^^^^^^ help: change this to: `bytes`
    |
    = help: for further information visit https://rust-lang.github.io/rust-clippy/rust-1.98.0/index.html#needless_borrow

warning: this expression creates a reference which is immediately dereferenced by the compiler
   --> crates/rrrah-decode/src/image_router.rs:117:42
    |
117 |                 || crate::wmf::has_magic(&bytes)
    |                                          ^^^^^^ help: change this to: `bytes`
    |
    = help: for further information visit https://rust-lang.github.io/rust-clippy/rust-1.98.0/index.html#needless_borrow

warning: this expression creates a reference which is immediately dereferenced by the compiler
   --> crates/rrrah-decode/src/image_router.rs:118:42
    |
118 |                 || crate::emf::has_magic(&bytes)
    |                                          ^^^^^^ help: change this to: `bytes`
    |
    = help: for further information visit https://rust-lang.github.io/rust-clippy/rust-1.98.0/index.html#needless_borrow

warning: this expression creates a reference which is immediately dereferenced by the compiler
   --> crates/rrrah-decode/src/image_router.rs:119:42
    |
119 |                 || crate::pvr::has_magic(&bytes)
    |                                          ^^^^^^ help: change this to: `bytes`
    |
    = help: for further information visit https://rust-lang.github.io/rust-clippy/rust-1.98.0/index.html#needless_borrow

warning: this expression creates a reference which is immediately dereferenced by the compiler
   --> crates/rrrah-decode/src/image_router.rs:120:43
    |
120 |                 || crate::fits::has_magic(&bytes)
    |                                           ^^^^^^ help: change this to: `bytes`
    |
    = help: for further information visit https://rust-lang.github.io/rust-clippy/rust-1.98.0/index.html#needless_borrow

warning: this expression creates a reference which is immediately dereferenced by the compiler
   --> crates/rrrah-decode/src/image_router.rs:121:42
    |
121 |                 || crate::mrc::has_magic(&bytes)
    |                                          ^^^^^^ help: change this to: `bytes`
    |
    = help: for further information visit https://rust-lang.github.io/rust-clippy/rust-1.98.0/index.html#needless_borrow

warning: this expression creates a reference which is immediately dereferenced by the compiler
   --> crates/rrrah-decode/src/image_router.rs:122:43
    |
122 |                 || crate::nrrd::has_magic(&bytes)
    |                                           ^^^^^^ help: change this to: `bytes`
    |
    = help: for further information visit https://rust-lang.github.io/rust-clippy/rust-1.98.0/index.html#needless_borrow

warning: this expression creates a reference which is immediately dereferenced by the compiler
   --> crates/rrrah-decode/src/image_router.rs:123:42
    |
123 |                 || crate::wad::has_magic(&bytes)
    |                                          ^^^^^^ help: change this to: `bytes`
    |
    = help: for further information visit https://rust-lang.github.io/rust-clippy/rust-1.98.0/index.html#needless_borrow

warning: this expression creates a reference which is immediately dereferenced by the compiler
   --> crates/rrrah-decode/src/image_router.rs:124:48
    |
124 |                 || crate::softimage::has_magic(&bytes)
    |                                                ^^^^^^ help: change this to: `bytes`
    |
    = help: for further information visit https://rust-lang.github.io/rust-clippy/rust-1.98.0/index.html#needless_borrow

warning: this expression creates a reference which is immediately dereferenced by the compiler
   --> crates/rrrah-decode/src/image_router.rs:125:45
    |
125 |                 || crate::cineon::has_magic(&bytes)
    |                                             ^^^^^^ help: change this to: `bytes`
    |
    = help: for further information visit https://rust-lang.github.io/rust-clippy/rust-1.98.0/index.html#needless_borrow

warning: this expression creates a reference which is immediately dereferenced by the compiler
   --> crates/rrrah-decode/src/image_router.rs:126:42
    |
126 |                 || crate::dpx::has_magic(&bytes)
    |                                          ^^^^^^ help: change this to: `bytes`
    |
    = help: for further information visit https://rust-lang.github.io/rust-clippy/rust-1.98.0/index.html#needless_borrow

warning: this expression creates a reference which is immediately dereferenced by the compiler
   --> crates/rrrah-decode/src/image_router.rs:127:49
    |
127 |                 || crate::macpaint::has_wrapper(&bytes)
    |                                                 ^^^^^^ help: change this to: `bytes`
    |
    = help: for further information visit https://rust-lang.github.io/rust-clippy/rust-1.98.0/index.html#needless_borrow

warning: this expression creates a reference which is immediately dereferenced by the compiler
   --> crates/rrrah-decode/src/image_router.rs:128:43
    |
128 |                 || crate::astc::has_magic(&bytes)
    |                                           ^^^^^^ help: change this to: `bytes`
    |
    = help: for further information visit https://rust-lang.github.io/rust-clippy/rust-1.98.0/index.html#needless_borrow

warning: this expression creates a reference which is immediately dereferenced by the compiler
   --> crates/rrrah-decode/src/image_router.rs:129:43
    |
129 |                 || crate::heif::has_magic(&bytes)
    |                                           ^^^^^^ help: change this to: `bytes`
    |
    = help: for further information visit https://rust-lang.github.io/rust-clippy/rust-1.98.0/index.html#needless_borrow

warning: this expression creates a reference which is immediately dereferenced by the compiler
   --> crates/rrrah-decode/src/image_router.rs:130:42
    |
130 |                 || crate::pdf::has_magic(&bytes)
    |                                          ^^^^^^ help: change this to: `bytes`
    |
    = help: for further information visit https://rust-lang.github.io/rust-clippy/rust-1.98.0/index.html#needless_borrow

warning: this expression creates a reference which is immediately dereferenced by the compiler
   --> crates/rrrah-decode/src/image_router.rs:131:44
    |
131 |                 || crate::basis::has_magic(&bytes)
    |                                            ^^^^^^ help: change this to: `bytes`
    |
    = help: for further information visit https://rust-lang.github.io/rust-clippy/rust-1.98.0/index.html#needless_borrow

warning: this expression creates a reference which is immediately dereferenced by the compiler
   --> crates/rrrah-decode/src/image_router.rs:132:43
    |
132 |                 || crate::ktx2::has_magic(&bytes)
    |                                           ^^^^^^ help: change this to: `bytes`
    |
    = help: for further information visit https://rust-lang.github.io/rust-clippy/rust-1.98.0/index.html#needless_borrow

warning: this expression creates a reference which is immediately dereferenced by the compiler
   --> crates/rrrah-decode/src/image_router.rs:133:42
    |
133 |                 || crate::ktx::has_magic(&bytes)
    |                                          ^^^^^^ help: change this to: `bytes`
    |
    = help: for further information visit https://rust-lang.github.io/rust-clippy/rust-1.98.0/index.html#needless_borrow

warning: this expression creates a reference which is immediately dereferenced by the compiler
   --> crates/rrrah-decode/src/image_router.rs:134:42
    |
134 |                 || crate::pkm::has_magic(&bytes)
    |                                          ^^^^^^ help: change this to: `bytes`
    |
    = help: for further information visit https://rust-lang.github.io/rust-clippy/rust-1.98.0/index.html#needless_borrow

warning: this expression creates a reference which is immediately dereferenced by the compiler
   --> crates/rrrah-decode/src/image_router.rs:135:42
    |
135 |                 || crate::iff::has_magic(&bytes)
    |                                          ^^^^^^ help: change this to: `bytes`
    |
    = help: for further information visit https://rust-lang.github.io/rust-clippy/rust-1.98.0/index.html#needless_borrow

warning: this expression creates a reference which is immediately dereferenced by the compiler
   --> crates/rrrah-decode/src/image_router.rs:136:42
    |
136 |                 || crate::kra::has_magic(&bytes)
    |                                          ^^^^^^ help: change this to: `bytes`
    |
    = help: for further information visit https://rust-lang.github.io/rust-clippy/rust-1.98.0/index.html#needless_borrow

warning: this expression creates a reference which is immediately dereferenced by the compiler
   --> crates/rrrah-decode/src/image_router.rs:137:42
    |
137 |                 || crate::psd::has_magic(&bytes)
    |                                          ^^^^^^ help: change this to: `bytes`
    |
    = help: for further information visit https://rust-lang.github.io/rust-clippy/rust-1.98.0/index.html#needless_borrow

warning: this expression creates a reference which is immediately dereferenced by the compiler
   --> crates/rrrah-decode/src/image_router.rs:138:42
    |
138 |                 || crate::dcx::has_magic(&bytes)
    |                                          ^^^^^^ help: change this to: `bytes`
    |
    = help: for further information visit https://rust-lang.github.io/rust-clippy/rust-1.98.0/index.html#needless_borrow

warning: this expression creates a reference which is immediately dereferenced by the compiler
   --> crates/rrrah-decode/src/image_router.rs:139:42
    |
139 |                 || crate::jp2::has_magic(&bytes)
    |                                          ^^^^^^ help: change this to: `bytes`
    |
    = help: for further information visit https://rust-lang.github.io/rust-clippy/rust-1.98.0/index.html#needless_borrow

warning: this expression creates a reference which is immediately dereferenced by the compiler
   --> crates/rrrah-decode/src/image_router.rs:140:42
    |
140 |                 || crate::jxl::has_magic(&bytes)
    |                                          ^^^^^^ help: change this to: `bytes`
    |
    = help: for further information visit https://rust-lang.github.io/rust-clippy/rust-1.98.0/index.html#needless_borrow

warning: this expression creates a reference which is immediately dereferenced by the compiler
   --> crates/rrrah-decode/src/image_router.rs:141:42
    |
141 |                 || crate::ora::has_magic(&bytes)
    |                                          ^^^^^^ help: change this to: `bytes`
    |
    = help: for further information visit https://rust-lang.github.io/rust-clippy/rust-1.98.0/index.html#needless_borrow

warning: this expression creates a reference which is immediately dereferenced by the compiler
   --> crates/rrrah-decode/src/image_router.rs:148:40
    |
148 |                 || image::guess_format(&bytes).is_ok()
    |                                        ^^^^^^ help: change this to: `bytes`
    |
    = help: for further information visit https://rust-lang.github.io/rust-clippy/rust-1.98.0/index.html#needless_borrow

warning: this function has too many lines (109/100)
  --> crates/rrrah-decode/src/jp2.rs:72:1
   |
72 | fn header(bytes: &[u8]) -> Result<Header<'_>, RasterDecodeError> {
   | ^^^^^^^^^^^^^^^^^^^^^^^^^^^^^^^^^^^^^^^^^^^^^^^^^^^^^^^^^^^^^^^^
   |
   = help: for further information visit https://rust-lang.github.io/rust-clippy/rust-1.98.0/index.html#too_many_lines

warning: this `if` statement can be collapsed
  --> crates/rrrah-decode/src/jp2.rs:78:13
   |
78 | /             if kind == b"jp2c" {
79 | |                 if stream.replace(payload).is_some() {
80 | |                     return Err(invalid("multiple codestreams"));
81 | |                 }
82 | |             }
   | |_____________^
   |
   = help: for further information visit https://rust-lang.github.io/rust-clippy/rust-1.98.0/index.html#collapsible_if
help: collapse nested if block
   |
78 ~             if kind == b"jp2c"
79 ~                 && stream.replace(payload).is_some() {
80 |                     return Err(invalid("multiple codestreams"));
81 ~                 }
   |

warning: this `if` statement can be collapsed
   --> crates/rrrah-decode/src/jp2.rs:220:5
    |
220 | /     if let Some(a) = alpha {
221 | |         if !components[a].is_alpha() {
222 | |             return Err(invalid("extra channel lacks alpha declaration"));
223 | |         }
224 | |     }
    | |_____^
    |
    = help: for further information visit https://rust-lang.github.io/rust-clippy/rust-1.98.0/index.html#collapsible_if
help: collapse nested if block
    |
220 ~     if let Some(a) = alpha
221 ~         && !components[a].is_alpha() {
222 |             return Err(invalid("extra channel lacks alpha declaration"));
223 ~         }
    |

warning: casting `i32` to `u64` may lose the sign of the value
   --> crates/rrrah-decode/src/jp2.rs:237:25
    |
237 |         if value < 0 || value as u64 > original_max {
    |                         ^^^^^^^^^^^^
    |
    = help: for further information visit https://rust-lang.github.io/rust-clippy/rust-1.98.0/index.html#cast_sign_loss

warning: casting `u64` to `u16` may truncate the value
   --> crates/rrrah-decode/src/jp2.rs:240:12
    |
240 |         Ok(((value as u64 * max + original_max / 2) / original_max) as u16)
    |            ^^^^^^^^^^^^^^^^^^^^^^^^^^^^^^^^^^^^^^^^^^^^^^^^^^^^^^^^^^^^^^^
    |
    = help: if this is intentional allow the lint with `#[allow(clippy::cast_possible_truncation)]` ...
    = help: for further information visit https://rust-lang.github.io/rust-clippy/rust-1.98.0/index.html#cast_possible_truncation
help: ... or use `try_from` and handle the error accordingly
    |
240 -         Ok(((value as u64 * max + original_max / 2) / original_max) as u16)
240 +         Ok(u16::try_from((value as u64 * max + original_max / 2) / original_max))
    |

warning: casting `i32` to `u64` may lose the sign of the value
   --> crates/rrrah-decode/src/jp2.rs:240:14
    |
240 |         Ok(((value as u64 * max + original_max / 2) / original_max) as u16)
    |              ^^^^^^^^^^^^
    |
    = help: for further information visit https://rust-lang.github.io/rust-clippy/rust-1.98.0/index.html#cast_sign_loss

warning: casting `u64` to `u16` may truncate the value
   --> crates/rrrah-decode/src/jp2.rs:253:13
    |
253 |             max as u16
    |             ^^^^^^^^^^
    |
    = help: if this is intentional allow the lint with `#[allow(clippy::cast_possible_truncation)]` ...
    = help: for further information visit https://rust-lang.github.io/rust-clippy/rust-1.98.0/index.html#cast_possible_truncation
help: ... or use `try_from` and handle the error accordingly
    |
253 -             max as u16
253 +             u16::try_from(max)
    |

warning: casting `u16` to `u8` may truncate the value
   --> crates/rrrah-decode/src/jp2.rs:259:65
    |
259 |         RasterPixels::Rgba8(Arc::new(output.into_iter().map(|x| x as u8).collect::<Vec<_>>()).into())
    |                                                                 ^^^^^^^
    |
    = help: if this is intentional allow the lint with `#[allow(clippy::cast_possible_truncation)]` ...
    = help: for further information visit https://rust-lang.github.io/rust-clippy/rust-1.98.0/index.html#cast_possible_truncation
help: ... or use `try_from` and handle the error accordingly
    |
259 -         RasterPixels::Rgba8(Arc::new(output.into_iter().map(|x| x as u8).collect::<Vec<_>>()).into())
259 +         RasterPixels::Rgba8(Arc::new(output.into_iter().map(|x| u8::try_from(x)).collect::<Vec<_>>()).into())
    |

warning: this argument is passed by value, but not consumed in the function body
 --> crates/rrrah-decode/src/kra.rs:8:11
  |
8 | fn bad(s: impl ToString) -> RasterDecodeError {
  |           ^^^^^^^^^^^^^
  |
  = help: for further information visit https://rust-lang.github.io/rust-clippy/rust-1.98.0/index.html#needless_pass_by_value
help: consider taking a reference instead
  |
8 | fn bad(s: &impl ToString) -> RasterDecodeError {
  |           +

warning: this function has too many lines (232/100)
  --> crates/rrrah-decode/src/ktx.rs:40:1
   |
40 | pub(crate) fn decode(bytes: &[u8], request: &DecodeRequest) -> Result<DecodedRaster, RasterDecodeError> {
   | ^^^^^^^^^^^^^^^^^^^^^^^^^^^^^^^^^^^^^^^^^^^^^^^^^^^^^^^^^^^^^^^^^^^^^^^^^^^^^^^^^^^^^^^^^^^^^^^^^^^^^^^
   |
   = help: for further information visit https://rust-lang.github.io/rust-clippy/rust-1.98.0/index.html#too_many_lines

warning: unnecessary semicolon
   --> crates/rrrah-decode/src/ktx.rs:208:14
    |
208 |             };
    |              ^ help: remove
    |
    = help: for further information visit https://rust-lang.github.io/rust-clippy/rust-1.98.0/index.html#unnecessary_semicolon
    = note: `-W clippy::unnecessary-semicolon` implied by `-W clippy::pedantic`
    = help: to override `-W clippy::pedantic` add `#[allow(clippy::unnecessary_semicolon)]`

warning: casting `usize` to `u32` may truncate the value on targets with 64-bit wide pointers
   --> crates/rrrah-decode/src/ktx.rs:271:27
    |
271 |     Ok(DecodedRaster::new(width as u32, height as u32, pixels, color)?
    |                           ^^^^^^^^^^^^
    |
    = help: if this is intentional allow the lint with `#[allow(clippy::cast_possible_truncation)]` ...
    = help: for further information visit https://rust-lang.github.io/rust-clippy/rust-1.98.0/index.html#cast_possible_truncation
help: ... or use `try_from` and handle the error accordingly
    |
271 -     Ok(DecodedRaster::new(width as u32, height as u32, pixels, color)?
271 +     Ok(DecodedRaster::new(u32::try_from(width), height as u32, pixels, color)?
    |

warning: casting `usize` to `u32` may truncate the value on targets with 64-bit wide pointers
   --> crates/rrrah-decode/src/ktx.rs:271:41
    |
271 |     Ok(DecodedRaster::new(width as u32, height as u32, pixels, color)?
    |                                         ^^^^^^^^^^^^^
    |
    = help: if this is intentional allow the lint with `#[allow(clippy::cast_possible_truncation)]` ...
    = help: for further information visit https://rust-lang.github.io/rust-clippy/rust-1.98.0/index.html#cast_possible_truncation
help: ... or use `try_from` and handle the error accordingly
    |
271 -     Ok(DecodedRaster::new(width as u32, height as u32, pixels, color)?
271 +     Ok(DecodedRaster::new(width as u32, u32::try_from(height), pixels, color)?
    |

warning: casting `u64` to `usize` may truncate the value on targets with 32-bit wide pointers
  --> crates/rrrah-decode/src/ktx2.rs:35:8
   |
35 |     Ok(at as usize..end as usize)
   |        ^^^^^^^^^^^
   |
   = help: if this is intentional allow the lint with `#[allow(clippy::cast_possible_truncation)]` ...
   = help: for further information visit https://rust-lang.github.io/rust-clippy/rust-1.98.0/index.html#cast_possible_truncation
help: ... or use `try_from` and handle the error accordingly
   |
35 -     Ok(at as usize..end as usize)
35 +     Ok(usize::try_from(at)..end as usize)
   |

warning: casting `u64` to `usize` may truncate the value on targets with 32-bit wide pointers
  --> crates/rrrah-decode/src/ktx2.rs:35:21
   |
35 |     Ok(at as usize..end as usize)
   |                     ^^^^^^^^^^^^
   |
   = help: if this is intentional allow the lint with `#[allow(clippy::cast_possible_truncation)]` ...
   = help: for further information visit https://rust-lang.github.io/rust-clippy/rust-1.98.0/index.html#cast_possible_truncation
help: ... or use `try_from` and handle the error accordingly
   |
35 -     Ok(at as usize..end as usize)
35 +     Ok(at as usize..usize::try_from(end))
   |

warning: casting `usize` to `u32` may truncate the value on targets with 64-bit wide pointers
  --> crates/rrrah-decode/src/ktx2.rs:74:29
   |
74 |     if word(d, 8)? != (2 | (((expected - 4) as u32) << 16)) || d[12] != 1 || d[15] != 0 {
   |                             ^^^^^^^^^^^^^^^^^^^^^^^
   |
   = help: if this is intentional allow the lint with `#[allow(clippy::cast_possible_truncation)]` ...
   = help: for further information visit https://rust-lang.github.io/rust-clippy/rust-1.98.0/index.html#cast_possible_truncation
help: ... or use `try_from` and handle the error accordingly
   |
74 -     if word(d, 8)? != (2 | (((expected - 4) as u32) << 16)) || d[12] != 1 || d[15] != 0 {
74 +     if word(d, 8)? != (2 | (u32::try_from(expected - 4) << 16)) || d[12] != 1 || d[15] != 0 {
   |

warning: casting `usize` to `u8` may truncate the value
  --> crates/rrrah-decode/src/ktx2.rs:77:40
   |
77 |     if d[16..20] != [0; 4] || d[20] != (f.size * f.channels) as u8 || d[21..28] != [0; 7] {
   |                                        ^^^^^^^^^^^^^^^^^^^^^^^^^^^
   |
   = help: if this is intentional allow the lint with `#[allow(clippy::cast_possible_truncation)]` ...
   = help: for further information visit https://rust-lang.github.io/rust-clippy/rust-1.98.0/index.html#cast_possible_truncation
help: ... or use `try_from` and handle the error accordingly
   |
77 -     if d[16..20] != [0; 4] || d[20] != (f.size * f.channels) as u8 || d[21..28] != [0; 7] {
77 +     if d[16..20] != [0; 4] || d[20] != u8::try_from(f.size * f.channels) || d[21..28] != [0; 7] {
   |

warning: casting `usize` to `u8` may truncate the value
  --> crates/rrrah-decode/src/ktx2.rs:90:17
   |
90 |             2 - index as u8
   |                 ^^^^^^^^^^^
   |
   = help: if this is intentional allow the lint with `#[allow(clippy::cast_possible_truncation)]` ...
   = help: for further information visit https://rust-lang.github.io/rust-clippy/rust-1.98.0/index.html#cast_possible_truncation
help: ... or use `try_from` and handle the error accordingly
   |
90 -             2 - index as u8
90 +             2 - u8::try_from(index)
   |

warning: casting `usize` to `u8` may truncate the value
  --> crates/rrrah-decode/src/ktx2.rs:92:13
   |
92 |             index as u8
   |             ^^^^^^^^^^^
   |
   = help: if this is intentional allow the lint with `#[allow(clippy::cast_possible_truncation)]` ...
   = help: for further information visit https://rust-lang.github.io/rust-clippy/rust-1.98.0/index.html#cast_possible_truncation
help: ... or use `try_from` and handle the error accordingly
   |
92 -             index as u8
92 +             u8::try_from(index)
   |

warning: this function has too many lines (186/100)
   --> crates/rrrah-decode/src/ktx2.rs:171:1
    |
171 | pub(crate) fn decode(b: &[u8], request: &DecodeRequest) -> Result<DecodedRaster, RasterDecodeError> {
    | ^^^^^^^^^^^^^^^^^^^^^^^^^^^^^^^^^^^^^^^^^^^^^^^^^^^^^^^^^^^^^^^^^^^^^^^^^^^^^^^^^^^^^^^^^^^^^^^^^^^
    |
    = help: for further information visit https://rust-lang.github.io/rust-clippy/rust-1.98.0/index.html#too_many_lines

warning: casting `u64` to `usize` may truncate the value on targets with 32-bit wide pointers
   --> crates/rrrah-decode/src/ktx2.rs:244:30
    |
244 |         data_ranges.push((r, expected as usize));
    |                              ^^^^^^^^^^^^^^^^^
    |
    = help: if this is intentional allow the lint with `#[allow(clippy::cast_possible_truncation)]` ...
    = help: for further information visit https://rust-lang.github.io/rust-clippy/rust-1.98.0/index.html#cast_possible_truncation
help: ... or use `try_from` and handle the error accordingly
    |
244 -         data_ranges.push((r, expected as usize));
244 +         data_ranges.push((r, usize::try_from(expected)));
    |

warning: allocating a local array larger than 16384 bytes
   --> crates/rrrah-decode/src/ktx2.rs:267:29
    |
267 |             let mut chunk = [0u8; 65536];
    |                             ^^^^^^^^^^^^
    |
    = help: consider allocating on the heap with `vec![0u8; 65536].into_boxed_slice()`
    = help: for further information visit https://rust-lang.github.io/rust-clippy/rust-1.98.0/index.html#large_stack_arrays
    = note: `-W clippy::large-stack-arrays` implied by `-W clippy::pedantic`
    = help: to override `-W clippy::pedantic` add `#[allow(clippy::large_stack_arrays)]`

warning: item in documentation is missing backticks
 --> crates/rrrah-decode/src/macpaint.rs:1:5
  |
1 | //! MacPaint data fork: a fixed 576x720 bitmap, row-wise PackBits.
  |     ^^^^^^^^
  |
  = help: for further information visit https://rust-lang.github.io/rust-clippy/rust-1.98.0/index.html#doc_markdown
help: try
  |
1 - //! MacPaint data fork: a fixed 576x720 bitmap, row-wise PackBits.
1 + //! `MacPaint` data fork: a fixed 576x720 bitmap, row-wise PackBits.
  |

warning: item in documentation is missing backticks
 --> crates/rrrah-decode/src/macpaint.rs:1:58
  |
1 | //! MacPaint data fork: a fixed 576x720 bitmap, row-wise PackBits.
  |                                                          ^^^^^^^^
  |
  = help: for further information visit https://rust-lang.github.io/rust-clippy/rust-1.98.0/index.html#doc_markdown
help: try
  |
1 - //! MacPaint data fork: a fixed 576x720 bitmap, row-wise PackBits.
1 + //! MacPaint data fork: a fixed 576x720 bitmap, row-wise `PackBits`.
  |

warning: item in documentation is missing backticks
  --> crates/rrrah-decode/src/macpaint.rs:15:7
   |
15 | /// A MacBinary PNTG wrapper has a recognizable type/name header, unlike
   |       ^^^^^^^^^
   |
   = help: for further information visit https://rust-lang.github.io/rust-clippy/rust-1.98.0/index.html#doc_markdown
help: try
   |
15 - /// A MacBinary PNTG wrapper has a recognizable type/name header, unlike
15 + /// A `MacBinary` PNTG wrapper has a recognizable type/name header, unlike
   |

warning: item in documentation is missing backticks
  --> crates/rrrah-decode/src/macpaint.rs:16:18
   |
16 | /// an unwrapped MacPaint data fork. Validation happens before extraction.
   |                  ^^^^^^^^
   |
   = help: for further information visit https://rust-lang.github.io/rust-clippy/rust-1.98.0/index.html#doc_markdown
help: try
   |
16 - /// an unwrapped MacPaint data fork. Validation happens before extraction.
16 + /// an unwrapped `MacPaint` data fork. Validation happens before extraction.
   |

warning: manual `!RangeInclusive::contains` implementation
  --> crates/rrrah-decode/src/macpaint.rs:62:8
   |
62 |     if data_len < 512 || data_len > 1024 * 1024 || resource_len > 1024 * 1024 {
   |        ^^^^^^^^^^^^^^^^^^^^^^^^^^^^^^^^^^^^^^^^ help: use: `!(512..=1024 * 1024).contains(&data_len)`
   |
   = help: for further information visit https://rust-lang.github.io/rust-clippy/rust-1.98.0/index.html#manual_range_contains
   = note: `-W clippy::manual-range-contains` implied by `-W clippy::all`
   = help: to override `-W clippy::all` add `#[allow(clippy::manual_range_contains)]`

warning: casting `u8` to `i8` may wrap around the value
   --> crates/rrrah-decode/src/macpaint.rs:105:27
    |
105 |             let control = *b.get(at).ok_or_else(|| bad("truncated scanline"))? as i8;
    |                           ^^^^^^^^^^^^^^^^^^^^^^^^^^^^^^^^^^^^^^^^^^^^^^^^^^^^^^^^^^ help: if this is intentional, use `cast_signed()` instead: `(*b.get(at).ok_or_else(|| bad("truncated scanline"))?).cast_signed()`
    |
    = help: for further information visit https://rust-lang.github.io/rust-clippy/rust-1.98.0/index.html#cast_possible_wrap

warning: casting `i8` to `usize` may lose the sign of the value
   --> crates/rrrah-decode/src/macpaint.rs:110:33
    |
110 |                     let count = control as usize + 1;
    |                                 ^^^^^^^^^^^^^^^^
    |
    = help: for further information visit https://rust-lang.github.io/rust-clippy/rust-1.98.0/index.html#cast_sign_loss

warning: casting `i16` to `usize` may lose the sign of the value
   --> crates/rrrah-decode/src/macpaint.rs:120:33
    |
120 |                     let count = (1 - i16::from(control)) as usize;
    |                                 ^^^^^^^^^^^^^^^^^^^^^^^^^^^^^^^^^
    |
    = help: for further information visit https://rust-lang.github.io/rust-clippy/rust-1.98.0/index.html#cast_sign_loss

warning: this function has too many lines (115/100)
  --> crates/rrrah-decode/src/mrc.rs:35:1
   |
35 | pub(crate) fn decode(b: &[u8], request: &DecodeRequest) -> Result<MrcImage, RasterDecodeError> {
   | ^^^^^^^^^^^^^^^^^^^^^^^^^^^^^^^^^^^^^^^^^^^^^^^^^^^^^^^^^^^^^^^^^^^^^^^^^^^^^^^^^^^^^^^^^^^^^^
   |
   = help: for further information visit https://rust-lang.github.io/rust-clippy/rust-1.98.0/index.html#too_many_lines

warning: used `sort` on primitive type `u32`
  --> crates/rrrah-decode/src/mrc.rs:62:5
   |
62 |     sorted.sort();
   |     ^^^^^^^^^^^^^ help: try: `sorted.sort_unstable()`
   |
   = note: an unstable sort typically performs faster without any observable difference for this data type
   = help: for further information visit https://rust-lang.github.io/rust-clippy/rust-1.98.0/index.html#stable_sort_primitive
   = note: `-W clippy::stable-sort-primitive` implied by `-W clippy::pedantic`
   = help: to override `-W clippy::pedantic` add `#[allow(clippy::stable_sort_primitive)]`

warning: casting `u8` to `i8` may wrap around the value
   --> crates/rrrah-decode/src/mrc.rs:107:28
    |
107 |             0 => f32::from(sample[0] as i8),
    |                            ^^^^^^^^^^^^^^^ help: if this is intentional, use `cast_signed()` instead: `sample[0].cast_signed()`
    |
    = help: for further information visit https://rust-lang.github.io/rust-clippy/rust-1.98.0/index.html#cast_possible_wrap

warning: unused `self` argument
   --> crates/rrrah-decode/src/native_backend.rs:138:9
    |
138 |         &self,
    |         ^^^^^
    |
    = help: consider refactoring to an associated function
    = help: for further information visit https://rust-lang.github.io/rust-clippy/rust-1.98.0/index.html#unused_self

warning: this argument (0 byte) is passed by reference, but would be more efficient if passed by value (limit: 8 byte)
   --> crates/rrrah-decode/src/native_backend.rs:138:9
    |
138 |         &self,
    |         ^^^^^ help: consider passing by value instead: `self`
    |
    = help: for further information visit https://rust-lang.github.io/rust-clippy/rust-1.98.0/index.html#trivially_copy_pass_by_ref

warning: unnecessary `!=` operation
  --> crates/rrrah-decode/src/nrrd.rs:35:9
   |
35 | /         if c != '\\' {
36 | |             out.push(c);
37 | |         } else {
38 | |             out.push(match chars.next() {
...  |
42 | |             });
43 | |         }
   | |_________^
   |
   = help: for further information visit https://rust-lang.github.io/rust-clippy/rust-1.98.0/index.html#if_not_else
help: try
   |
35 ~         if c == '\\' {
36 +             out.push(match chars.next() {
37 +                 Some('n') => '\n',
38 +                 Some('\\') => '\\',
39 +                 _ => return Err(bad("invalid key-value escape")),
40 +             });
41 +         } else {
42 +             out.push(c);
43 +         }
   |

warning: this function has too many lines (248/100)
  --> crates/rrrah-decode/src/nrrd.rs:47:1
   |
47 | pub(crate) fn decode(b: &[u8], request: &DecodeRequest) -> Result<NrrdImage, RasterDecodeError> {
   | ^^^^^^^^^^^^^^^^^^^^^^^^^^^^^^^^^^^^^^^^^^^^^^^^^^^^^^^^^^^^^^^^^^^^^^^^^^^^^^^^^^^^^^^^^^^^^^^
   |
   = help: for further information visit https://rust-lang.github.io/rust-clippy/rust-1.98.0/index.html#too_many_lines

warning: these match arms have identical bodies
   --> crates/rrrah-decode/src/nrrd.rs:183:9
    |
183 |         "raw" => &b[at..],
    |         ^^^^^^^^^^^^^^^^^
...
203 |         "ascii" | "text" | "txt" => &b[at..],
    |         ^^^^^^^^^^^^^^^^^^^^^^^^^^^^^^^^^^^^
    |
    = help: if this is unintentional make the arms return different values
    = help: for further information visit https://rust-lang.github.io/rust-clippy/rust-1.98.0/index.html#match_same_arms
help: otherwise merge the patterns into a single arm
    |
183 ~         "gzip" | "gz" => {
184 |             let mut decoder = flate2::bufread::GzDecoder::new(&b[at..]);
...
201 |         }
202 ~         "raw" | "ascii" | "text" | "txt" => &b[at..],
    |

warning: allocating a local array larger than 16384 bytes
   --> crates/rrrah-decode/src/nrrd.rs:186:29
    |
186 |             let mut chunk = [0u8; 65536];
    |                             ^^^^^^^^^^^^
    |
    = help: consider allocating on the heap with `vec![0u8; 65536].into_boxed_slice()`
    = help: for further information visit https://rust-lang.github.io/rust-clippy/rust-1.98.0/index.html#large_stack_arrays

warning: casting `usize` to `u32` may truncate the value on targets with 64-bit wide pointers
   --> crates/rrrah-decode/src/nrrd.rs:285:9
    |
285 |         sizes[0] as u32,
    |         ^^^^^^^^^^^^^^^
    |
    = help: if this is intentional allow the lint with `#[allow(clippy::cast_possible_truncation)]` ...
    = help: for further information visit https://rust-lang.github.io/rust-clippy/rust-1.98.0/index.html#cast_possible_truncation
help: ... or use `try_from` and handle the error accordingly
    |
285 -         sizes[0] as u32,
285 +         u32::try_from(sizes[0]),
    |

warning: casting `usize` to `u32` may truncate the value on targets with 64-bit wide pointers
   --> crates/rrrah-decode/src/nrrd.rs:286:9
    |
286 |         sizes[1] as u32,
    |         ^^^^^^^^^^^^^^^
    |
    = help: if this is intentional allow the lint with `#[allow(clippy::cast_possible_truncation)]` ...
    = help: for further information visit https://rust-lang.github.io/rust-clippy/rust-1.98.0/index.html#cast_possible_truncation
help: ... or use `try_from` and handle the error accordingly
    |
286 -         sizes[1] as u32,
286 +         u32::try_from(sizes[1]),
    |

warning: this argument is passed by value, but not consumed in the function body
  --> crates/rrrah-decode/src/ora.rs:20:15
   |
20 | fn invalid(s: impl ToString) -> RasterDecodeError {
   |               ^^^^^^^^^^^^^
   |
   = help: for further information visit https://rust-lang.github.io/rust-clippy/rust-1.98.0/index.html#needless_pass_by_value
help: consider taking a reference instead
   |
20 | fn invalid(s: &impl ToString) -> RasterDecodeError {
   |               +

warning: allocating a local array larger than 16384 bytes
  --> crates/rrrah-decode/src/ora.rs:57:22
   |
57 |     let mut buffer = [0; 65536];
   |                      ^^^^^^^^^^
   |
   = help: consider allocating on the heap with `vec![0; 65536].into_boxed_slice()`
   = help: for further information visit https://rust-lang.github.io/rust-clippy/rust-1.98.0/index.html#large_stack_arrays

warning: this function has too many lines (111/100)
  --> crates/rrrah-decode/src/pcx.rs:17:1
   |
17 | pub(crate) fn decode(bytes: &[u8], request: &DecodeRequest) -> Result<DecodedRaster, RasterDecodeError> {
   | ^^^^^^^^^^^^^^^^^^^^^^^^^^^^^^^^^^^^^^^^^^^^^^^^^^^^^^^^^^^^^^^^^^^^^^^^^^^^^^^^^^^^^^^^^^^^^^^^^^^^^^^
   |
   = help: for further information visit https://rust-lang.github.io/rust-clippy/rust-1.98.0/index.html#too_many_lines

warning: casting `u64` to `usize` may truncate the value on targets with 32-bit wide pointers
  --> crates/rrrah-decode/src/pix.rs:24:41
   |
24 |     let mut output = Vec::with_capacity(count as usize * 4);
   |                                         ^^^^^^^^^^^^^^
   |
   = help: if this is intentional allow the lint with `#[allow(clippy::cast_possible_truncation)]` ...
   = help: for further information visit https://rust-lang.github.io/rust-clippy/rust-1.98.0/index.html#cast_possible_truncation
help: ... or use `try_from` and handle the error accordingly
   |
24 -     let mut output = Vec::with_capacity(count as usize * 4);
24 +     let mut output = Vec::with_capacity(usize::try_from(count) * 4);
   |

warning: casting `u64` to `usize` may truncate the value on targets with 32-bit wide pointers
  --> crates/rrrah-decode/src/pix.rs:28:26
   |
28 |     while output.len() < count as usize * 4 {
   |                          ^^^^^^^^^^^^^^
   |
   = help: if this is intentional allow the lint with `#[allow(clippy::cast_possible_truncation)]` ...
   = help: for further information visit https://rust-lang.github.io/rust-clippy/rust-1.98.0/index.html#cast_possible_truncation
help: ... or use `try_from` and handle the error accordingly
   |
28 -     while output.len() < count as usize * 4 {
28 +     while output.len() < usize::try_from(count) * 4 {
   |

warning: casting `usize` to `u32` may truncate the value on targets with 64-bit wide pointers
  --> crates/rrrah-decode/src/pkm.rs:79:9
   |
79 |         width as u32,
   |         ^^^^^^^^^^^^
   |
   = help: if this is intentional allow the lint with `#[allow(clippy::cast_possible_truncation)]` ...
   = help: for further information visit https://rust-lang.github.io/rust-clippy/rust-1.98.0/index.html#cast_possible_truncation
help: ... or use `try_from` and handle the error accordingly
   |
79 -         width as u32,
79 +         u32::try_from(width),
   |

warning: casting `usize` to `u32` may truncate the value on targets with 64-bit wide pointers
  --> crates/rrrah-decode/src/pkm.rs:80:9
   |
80 |         height as u32,
   |         ^^^^^^^^^^^^^
   |
   = help: if this is intentional allow the lint with `#[allow(clippy::cast_possible_truncation)]` ...
   = help: for further information visit https://rust-lang.github.io/rust-clippy/rust-1.98.0/index.html#cast_possible_truncation
help: ... or use `try_from` and handle the error accordingly
   |
80 -         height as u32,
80 +         u32::try_from(height),
   |

warning: item in documentation is missing backticks
 --> crates/rrrah-decode/src/psd.rs:1:55
  |
1 | //! PSD/PSB stored RGB/grayscale composition, raw and PackBits.
  |                                                       ^^^^^^^^
  |
  = help: for further information visit https://rust-lang.github.io/rust-clippy/rust-1.98.0/index.html#doc_markdown
help: try
  |
1 - //! PSD/PSB stored RGB/grayscale composition, raw and PackBits.
1 + //! PSD/PSB stored RGB/grayscale composition, raw and `PackBits`.
  |

warning: casting `u8` to `i8` may wrap around the value
  --> crates/rrrah-decode/src/psd.rs:44:21
   |
44 |         let count = r.take(1)?[0] as i8;
   |                     ^^^^^^^^^^^^^^^^^^^ help: if this is intentional, use `cast_signed()` instead: `r.take(1)?[0].cast_signed()`
   |
   = help: for further information visit https://rust-lang.github.io/rust-clippy/rust-1.98.0/index.html#cast_possible_wrap

warning: casting `i8` to `usize` may lose the sign of the value
  --> crates/rrrah-decode/src/psd.rs:46:13
   |
46 |             count as usize + 1
   |             ^^^^^^^^^^^^^^
   |
   = help: for further information visit https://rust-lang.github.io/rust-clippy/rust-1.98.0/index.html#cast_sign_loss

warning: casting `i16` to `usize` may lose the sign of the value
  --> crates/rrrah-decode/src/psd.rs:50:13
   |
50 |             (1 - i16::from(count)) as usize
   |             ^^^^^^^^^^^^^^^^^^^^^^^^^^^^^^^
   |
   = help: for further information visit https://rust-lang.github.io/rust-clippy/rust-1.98.0/index.html#cast_sign_loss

warning: this function has too many lines (221/100)
  --> crates/rrrah-decode/src/psd.rs:67:1
   |
67 | pub(crate) fn decode(bytes: &[u8], request: &DecodeRequest) -> Result<DecodedRaster, RasterDecodeError> {
   | ^^^^^^^^^^^^^^^^^^^^^^^^^^^^^^^^^^^^^^^^^^^^^^^^^^^^^^^^^^^^^^^^^^^^^^^^^^^^^^^^^^^^^^^^^^^^^^^^^^^^^^^
   |
   = help: for further information visit https://rust-lang.github.io/rust-clippy/rust-1.98.0/index.html#too_many_lines

warning: manual implementation of `.is_multiple_of()`
   --> crates/rrrah-decode/src/psd.rs:125:12
    |
125 |         if (name + 1) % 2 != 0 {
    |            ^^^^^^^^^^^^^^^^^^^ help: replace with: `!(name + 1).is_multiple_of(2)`
    |
    = help: for further information visit https://rust-lang.github.io/rust-clippy/rust-1.98.0/index.html#manual_is_multiple_of

warning: manual implementation of `.is_multiple_of()`
   --> crates/rrrah-decode/src/psd.rs:130:12
    |
130 |         if size % 2 != 0 {
    |            ^^^^^^^^^^^^^ help: replace with: `!size.is_multiple_of(2)`
    |
    = help: for further information visit https://rust-lang.github.io/rust-clippy/rust-1.98.0/index.html#manual_is_multiple_of

warning: casting `u16` to `i16` may wrap around the value
   --> crates/rrrah-decode/src/psd.rs:152:25
    |
152 |             let count = ir.word()? as i16;
    |                         ^^^^^^^^^^^^^^^^^ help: if this is intentional, use `cast_signed()` instead: `ir.word()?.cast_signed()`
    |
    = help: for further information visit https://rust-lang.github.io/rust-clippy/rust-1.98.0/index.html#cast_possible_wrap

warning: allocating a local array larger than 16384 bytes
   --> crates/rrrah-decode/src/psd.rs:183:29
    |
183 |             let mut chunk = [0u8; 65536];
    |                             ^^^^^^^^^^^^
    |
    = help: consider allocating on the heap with `vec![0u8; 65536].into_boxed_slice()`
    = help: for further information visit https://rust-lang.github.io/rust-clippy/rust-1.98.0/index.html#large_stack_arrays

warning: using `chunks_exact_mut` with a constant chunk size
   --> crates/rrrah-decode/src/psd.rs:209:46
    |
209 | ...                   for bytes in row.chunks_exact_mut(2) {
    |                                        ^^^^^^^^^^^^^^^^^^^ help: consider using `as_chunks` instead: `as_chunks_mut::<2>().0`
    |
    = help: for further information visit https://rust-lang.github.io/rust-clippy/rust-1.98.0/index.html#chunks_exact_to_as_chunks

warning: using `chunks_exact_mut` with a constant chunk size
   --> crates/rrrah-decode/src/psd.rs:278:14
    |
278 |             .chunks_exact_mut(4)
    |              ^^^^^^^^^^^^^^^^^^^ help: consider using `as_chunks` instead: `as_chunks_mut::<4>().0`
    |
    = help: for further information visit https://rust-lang.github.io/rust-clippy/rust-1.98.0/index.html#chunks_exact_to_as_chunks

warning: manual checked division
   --> crates/rrrah-decode/src/psd.rs:281:16
    |
281 |             if a > 0 {
    |                ^^^^^ check performed here
282 |                 for c in &mut rgba[..3] {
283 |                     *c = ((u32::from(*c) + a).saturating_sub(255) * 255 / a).min(255) as u8;
    |                          --------------------------------------------------- division performed here
    |
    = help: consider using `checked_div`
    = help: for further information visit https://rust-lang.github.io/rust-clippy/rust-1.98.0/index.html#manual_checked_ops

warning: this function has too many lines (313/100)
  --> crates/rrrah-decode/src/pvr.rs:46:1
   |
46 | pub(crate) fn decode(b: &[u8], request: &DecodeRequest) -> Result<PvrImage, RasterDecodeError> {
   | ^^^^^^^^^^^^^^^^^^^^^^^^^^^^^^^^^^^^^^^^^^^^^^^^^^^^^^^^^^^^^^^^^^^^^^^^^^^^^^^^^^^^^^^^^^^^^^
   |
   = help: for further information visit https://rust-lang.github.io/rust-clippy/rust-1.98.0/index.html#too_many_lines

warning: manual implementation of `.is_multiple_of()`
   --> crates/rrrah-decode/src/pvr.rs:132:24
    |
132 |                     if data.len() % 16 != 0 {
    |                        ^^^^^^^^^^^^^^^^^^^^ help: replace with: `!data.len().is_multiple_of(16)`
    |
    = help: for further information visit https://rust-lang.github.io/rust-clippy/rust-1.98.0/index.html#manual_is_multiple_of

warning: using `chunks_exact` with a constant chunk size
   --> crates/rrrah-decode/src/pvr.rs:285:46
    |
285 |             for (c, v) in c.iter_mut().zip(v.chunks_exact(2)) {
    |                                              ^^^^^^^^^^^^^^^
    |
help: consider using `as_chunks::<2>()` instead
   --> crates/rrrah-decode/src/pvr.rs:285:46
    |
285 |             for (c, v) in c.iter_mut().zip(v.chunks_exact(2)) {
    |                                              ^^^^^^^^^^^^^^^
    = help: for further information visit https://rust-lang.github.io/rust-clippy/rust-1.98.0/index.html#chunks_exact_to_as_chunks

warning: using `chunks_exact` with a constant chunk size
   --> crates/rrrah-decode/src/pvr.rs:304:46
    |
304 |             for (c, v) in c.iter_mut().zip(v.chunks_exact(4)) {
    |                                              ^^^^^^^^^^^^^^^
    |
help: consider using `as_chunks::<4>()` instead
   --> crates/rrrah-decode/src/pvr.rs:304:46
    |
304 |             for (c, v) in c.iter_mut().zip(v.chunks_exact(4)) {
    |                                              ^^^^^^^^^^^^^^^
    = help: for further information visit https://rust-lang.github.io/rust-clippy/rust-1.98.0/index.html#chunks_exact_to_as_chunks

warning: casting `usize` to `u32` may truncate the value on targets with 64-bit wide pointers
   --> crates/rrrah-decode/src/pvr.rs:352:37
    |
352 |     let raster = DecodedRaster::new(w as u32, h as u32, pixels, color)?
    |                                     ^^^^^^^^
    |
    = help: if this is intentional allow the lint with `#[allow(clippy::cast_possible_truncation)]` ...
    = help: for further information visit https://rust-lang.github.io/rust-clippy/rust-1.98.0/index.html#cast_possible_truncation
help: ... or use `try_from` and handle the error accordingly
    |
352 -     let raster = DecodedRaster::new(w as u32, h as u32, pixels, color)?
352 +     let raster = DecodedRaster::new(u32::try_from(w), h as u32, pixels, color)?
    |

warning: casting `usize` to `u32` may truncate the value on targets with 64-bit wide pointers
   --> crates/rrrah-decode/src/pvr.rs:352:47
    |
352 |     let raster = DecodedRaster::new(w as u32, h as u32, pixels, color)?
    |                                               ^^^^^^^^
    |
    = help: if this is intentional allow the lint with `#[allow(clippy::cast_possible_truncation)]` ...
    = help: for further information visit https://rust-lang.github.io/rust-clippy/rust-1.98.0/index.html#cast_possible_truncation
help: ... or use `try_from` and handle the error accordingly
    |
352 -     let raster = DecodedRaster::new(w as u32, h as u32, pixels, color)?
352 +     let raster = DecodedRaster::new(w as u32, u32::try_from(h), pixels, color)?
    |

warning: this function has too many lines (427/100)
   --> crates/rrrah-decode/src/raster.rs:281:1
    |
281 | / fn decode_raster_bytes_inner(
282 | |     mut source: impl AsMut<[u8]>,
283 | |     request: &DecodeRequest,
284 | | ) -> Result<DecodedRaster, RasterDecodeError> {
    | |_____________________________________________^
    |
    = help: for further information visit https://rust-lang.github.io/rust-clippy/rust-1.98.0/index.html#too_many_lines

warning: this expression creates a reference which is immediately dereferenced by the compiler
   --> crates/rrrah-decode/src/raster.rs:287:30
    |
287 |     if crate::xcf::has_magic(&bytes) {
    |                              ^^^^^^ help: change this to: `bytes`
    |
    = help: for further information visit https://rust-lang.github.io/rust-clippy/rust-1.98.0/index.html#needless_borrow

warning: this expression creates a reference which is immediately dereferenced by the compiler
   --> crates/rrrah-decode/src/raster.rs:288:42
    |
288 |         return crate::xcf::decode_raster(&bytes, request);
    |                                          ^^^^^^ help: change this to: `bytes`
    |
    = help: for further information visit https://rust-lang.github.io/rust-clippy/rust-1.98.0/index.html#needless_borrow

warning: this expression creates a reference which is immediately dereferenced by the compiler
   --> crates/rrrah-decode/src/raster.rs:290:32
    |
290 |     if crate::dicom::has_magic(&bytes) {
    |                                ^^^^^^ help: change this to: `bytes`
    |
    = help: for further information visit https://rust-lang.github.io/rust-clippy/rust-1.98.0/index.html#needless_borrow

warning: this expression creates a reference which is immediately dereferenced by the compiler
   --> crates/rrrah-decode/src/raster.rs:291:37
    |
291 |         return crate::dicom::decode(&bytes, request, None);
    |                                     ^^^^^^ help: change this to: `bytes`
    |
    = help: for further information visit https://rust-lang.github.io/rust-clippy/rust-1.98.0/index.html#needless_borrow

warning: this expression creates a reference which is immediately dereferenced by the compiler
   --> crates/rrrah-decode/src/raster.rs:294:35
    |
294 |     if crate::aseprite::has_magic(&bytes) {
    |                                   ^^^^^^ help: change this to: `bytes`
    |
    = help: for further information visit https://rust-lang.github.io/rust-clippy/rust-1.98.0/index.html#needless_borrow

warning: this expression creates a reference which is immediately dereferenced by the compiler
   --> crates/rrrah-decode/src/raster.rs:295:40
    |
295 |         return crate::aseprite::decode(&bytes, request).map(|image| image.raster);
    |                                        ^^^^^^ help: change this to: `bytes`
    |
    = help: for further information visit https://rust-lang.github.io/rust-clippy/rust-1.98.0/index.html#needless_borrow

warning: this expression creates a reference which is immediately dereferenced by the compiler
   --> crates/rrrah-decode/src/raster.rs:297:30
    |
297 |     if crate::pvr::has_magic(&bytes) {
    |                              ^^^^^^ help: change this to: `bytes`
    |
    = help: for further information visit https://rust-lang.github.io/rust-clippy/rust-1.98.0/index.html#needless_borrow

warning: this expression creates a reference which is immediately dereferenced by the compiler
   --> crates/rrrah-decode/src/raster.rs:298:35
    |
298 |         return crate::pvr::decode(&bytes, request).map(|image| image.raster);
    |                                   ^^^^^^ help: change this to: `bytes`
    |
    = help: for further information visit https://rust-lang.github.io/rust-clippy/rust-1.98.0/index.html#needless_borrow

warning: this expression creates a reference which is immediately dereferenced by the compiler
   --> crates/rrrah-decode/src/raster.rs:300:31
    |
300 |     if crate::fits::has_magic(&bytes) {
    |                               ^^^^^^ help: change this to: `bytes`
    |
    = help: for further information visit https://rust-lang.github.io/rust-clippy/rust-1.98.0/index.html#needless_borrow

warning: this expression creates a reference which is immediately dereferenced by the compiler
   --> crates/rrrah-decode/src/raster.rs:301:43
    |
301 |         return crate::fits::decode_raster(&bytes, request);
    |                                           ^^^^^^ help: change this to: `bytes`
    |
    = help: for further information visit https://rust-lang.github.io/rust-clippy/rust-1.98.0/index.html#needless_borrow

warning: this expression creates a reference which is immediately dereferenced by the compiler
   --> crates/rrrah-decode/src/raster.rs:303:30
    |
303 |     if crate::mrc::has_magic(&bytes) {
    |                              ^^^^^^ help: change this to: `bytes`
    |
    = help: for further information visit https://rust-lang.github.io/rust-clippy/rust-1.98.0/index.html#needless_borrow

warning: this expression creates a reference which is immediately dereferenced by the compiler
   --> crates/rrrah-decode/src/raster.rs:304:35
    |
304 |         return crate::mrc::decode(&bytes, request).map(|image| image.raster);
    |                                   ^^^^^^ help: change this to: `bytes`
    |
    = help: for further information visit https://rust-lang.github.io/rust-clippy/rust-1.98.0/index.html#needless_borrow

warning: this expression creates a reference which is immediately dereferenced by the compiler
   --> crates/rrrah-decode/src/raster.rs:306:31
    |
306 |     if crate::nrrd::has_magic(&bytes) {
    |                               ^^^^^^ help: change this to: `bytes`
    |
    = help: for further information visit https://rust-lang.github.io/rust-clippy/rust-1.98.0/index.html#needless_borrow

warning: this expression creates a reference which is immediately dereferenced by the compiler
   --> crates/rrrah-decode/src/raster.rs:307:36
    |
307 |         return crate::nrrd::decode(&bytes, request).map(|image| image.raster);
    |                                    ^^^^^^ help: change this to: `bytes`
    |
    = help: for further information visit https://rust-lang.github.io/rust-clippy/rust-1.98.0/index.html#needless_borrow

warning: this expression creates a reference which is immediately dereferenced by the compiler
   --> crates/rrrah-decode/src/raster.rs:309:30
    |
309 |     if crate::wad::has_magic(&bytes) {
    |                              ^^^^^^ help: change this to: `bytes`
    |
    = help: for further information visit https://rust-lang.github.io/rust-clippy/rust-1.98.0/index.html#needless_borrow

warning: this expression creates a reference which is immediately dereferenced by the compiler
   --> crates/rrrah-decode/src/raster.rs:310:35
    |
310 |         return crate::wad::decode(&bytes, request);
    |                                   ^^^^^^ help: change this to: `bytes`
    |
    = help: for further information visit https://rust-lang.github.io/rust-clippy/rust-1.98.0/index.html#needless_borrow

warning: this expression creates a reference which is immediately dereferenced by the compiler
   --> crates/rrrah-decode/src/raster.rs:312:30
    |
312 |     if crate::dcx::has_magic(&bytes) {
    |                              ^^^^^^ help: change this to: `bytes`
    |
    = help: for further information visit https://rust-lang.github.io/rust-clippy/rust-1.98.0/index.html#needless_borrow

warning: this expression creates a reference which is immediately dereferenced by the compiler
   --> crates/rrrah-decode/src/raster.rs:313:35
    |
313 |         return crate::dcx::decode(&bytes, request);
    |                                   ^^^^^^ help: change this to: `bytes`
    |
    = help: for further information visit https://rust-lang.github.io/rust-clippy/rust-1.98.0/index.html#needless_borrow

warning: this expression creates a reference which is immediately dereferenced by the compiler
   --> crates/rrrah-decode/src/raster.rs:316:35
    |
316 |         return crate::dds::decode(&bytes, request);
    |                                   ^^^^^^ help: change this to: `bytes`
    |
    = help: for further information visit https://rust-lang.github.io/rust-clippy/rust-1.98.0/index.html#needless_borrow

warning: this expression creates a reference which is immediately dereferenced by the compiler
   --> crates/rrrah-decode/src/raster.rs:318:30
    |
318 |     if crate::ktx::has_magic(&bytes) {
    |                              ^^^^^^ help: change this to: `bytes`
    |
    = help: for further information visit https://rust-lang.github.io/rust-clippy/rust-1.98.0/index.html#needless_borrow

warning: this expression creates a reference which is immediately dereferenced by the compiler
   --> crates/rrrah-decode/src/raster.rs:319:35
    |
319 |         return crate::ktx::decode(&bytes, request);
    |                                   ^^^^^^ help: change this to: `bytes`
    |
    = help: for further information visit https://rust-lang.github.io/rust-clippy/rust-1.98.0/index.html#needless_borrow

warning: this expression creates a reference which is immediately dereferenced by the compiler
   --> crates/rrrah-decode/src/raster.rs:321:30
    |
321 |     if crate::pdf::has_magic(&bytes) {
    |                              ^^^^^^ help: change this to: `bytes`
    |
    = help: for further information visit https://rust-lang.github.io/rust-clippy/rust-1.98.0/index.html#needless_borrow

warning: this expression creates a reference which is immediately dereferenced by the compiler
   --> crates/rrrah-decode/src/raster.rs:322:35
    |
322 |         return crate::pdf::decode(&bytes, request);
    |                                   ^^^^^^ help: change this to: `bytes`
    |
    = help: for further information visit https://rust-lang.github.io/rust-clippy/rust-1.98.0/index.html#needless_borrow

warning: this expression creates a reference which is immediately dereferenced by the compiler
   --> crates/rrrah-decode/src/raster.rs:324:32
    |
324 |     if crate::basis::has_magic(&bytes) {
    |                                ^^^^^^ help: change this to: `bytes`
    |
    = help: for further information visit https://rust-lang.github.io/rust-clippy/rust-1.98.0/index.html#needless_borrow

warning: this expression creates a reference which is immediately dereferenced by the compiler
   --> crates/rrrah-decode/src/raster.rs:325:37
    |
325 |         return crate::basis::decode(&bytes, request);
    |                                     ^^^^^^ help: change this to: `bytes`
    |
    = help: for further information visit https://rust-lang.github.io/rust-clippy/rust-1.98.0/index.html#needless_borrow

warning: this expression creates a reference which is immediately dereferenced by the compiler
   --> crates/rrrah-decode/src/raster.rs:327:31
    |
327 |     if crate::ktx2::has_magic(&bytes) {
    |                               ^^^^^^ help: change this to: `bytes`
    |
    = help: for further information visit https://rust-lang.github.io/rust-clippy/rust-1.98.0/index.html#needless_borrow

warning: this expression creates a reference which is immediately dereferenced by the compiler
   --> crates/rrrah-decode/src/raster.rs:328:36
    |
328 |         return crate::ktx2::decode(&bytes, request);
    |                                    ^^^^^^ help: change this to: `bytes`
    |
    = help: for further information visit https://rust-lang.github.io/rust-clippy/rust-1.98.0/index.html#needless_borrow

warning: this expression creates a reference which is immediately dereferenced by the compiler
   --> crates/rrrah-decode/src/raster.rs:330:45
    |
330 |     if crate::webp_animation::has_animation(&bytes) {
    |                                             ^^^^^^ help: change this to: `bytes`
    |
    = help: for further information visit https://rust-lang.github.io/rust-clippy/rust-1.98.0/index.html#needless_borrow

warning: this expression creates a reference which is immediately dereferenced by the compiler
   --> crates/rrrah-decode/src/raster.rs:331:46
    |
331 |         return crate::webp_animation::decode(&bytes, request).map(|image| image.raster);
    |                                              ^^^^^^ help: change this to: `bytes`
    |
    = help: for further information visit https://rust-lang.github.io/rust-clippy/rust-1.98.0/index.html#needless_borrow

warning: this expression creates a reference which is immediately dereferenced by the compiler
   --> crates/rrrah-decode/src/raster.rs:333:40
    |
333 |     if crate::gif_animation::has_magic(&bytes) {
    |                                        ^^^^^^ help: change this to: `bytes`
    |
    = help: for further information visit https://rust-lang.github.io/rust-clippy/rust-1.98.0/index.html#needless_borrow

warning: this expression creates a reference which is immediately dereferenced by the compiler
   --> crates/rrrah-decode/src/raster.rs:334:45
    |
334 |         return crate::gif_animation::decode(&bytes, request).map(|image| image.raster);
    |                                             ^^^^^^ help: change this to: `bytes`
    |
    = help: for further information visit https://rust-lang.github.io/rust-clippy/rust-1.98.0/index.html#needless_borrow

warning: this expression creates a reference which is immediately dereferenced by the compiler
   --> crates/rrrah-decode/src/raster.rs:336:30
    |
336 |     if crate::mng::has_magic(&bytes) {
    |                              ^^^^^^ help: change this to: `bytes`
    |
    = help: for further information visit https://rust-lang.github.io/rust-clippy/rust-1.98.0/index.html#needless_borrow

warning: this expression creates a reference which is immediately dereferenced by the compiler
   --> crates/rrrah-decode/src/raster.rs:337:35
    |
337 |         return crate::mng::decode(&bytes, request).map(|image| image.raster);
    |                                   ^^^^^^ help: change this to: `bytes`
    |
    = help: for further information visit https://rust-lang.github.io/rust-clippy/rust-1.98.0/index.html#needless_borrow

warning: this expression creates a reference which is immediately dereferenced by the compiler
   --> crates/rrrah-decode/src/raster.rs:339:30
    |
339 |     if crate::sti::has_magic(&bytes) {
    |                              ^^^^^^ help: change this to: `bytes`
    |
    = help: for further information visit https://rust-lang.github.io/rust-clippy/rust-1.98.0/index.html#needless_borrow

warning: this expression creates a reference which is immediately dereferenced by the compiler
   --> crates/rrrah-decode/src/raster.rs:340:35
    |
340 |         return crate::sti::decode(&bytes, request);
    |                                   ^^^^^^ help: change this to: `bytes`
    |
    = help: for further information visit https://rust-lang.github.io/rust-clippy/rust-1.98.0/index.html#needless_borrow

warning: this expression creates a reference which is immediately dereferenced by the compiler
   --> crates/rrrah-decode/src/raster.rs:342:30
    |
342 |     if crate::emf::has_magic(&bytes) {
    |                              ^^^^^^ help: change this to: `bytes`
    |
    = help: for further information visit https://rust-lang.github.io/rust-clippy/rust-1.98.0/index.html#needless_borrow

warning: this expression creates a reference which is immediately dereferenced by the compiler
   --> crates/rrrah-decode/src/raster.rs:343:35
    |
343 |         return crate::emf::decode(&bytes, request);
    |                                   ^^^^^^ help: change this to: `bytes`
    |
    = help: for further information visit https://rust-lang.github.io/rust-clippy/rust-1.98.0/index.html#needless_borrow

warning: this expression creates a reference which is immediately dereferenced by the compiler
   --> crates/rrrah-decode/src/raster.rs:355:47
    |
355 |         let result = crate::decode_x3f_legacy(&bytes, budget, || request.check_cancelled().is_err());
    |                                               ^^^^^^ help: change this to: `bytes`
    |
    = help: for further information visit https://rust-lang.github.io/rust-clippy/rust-1.98.0/index.html#needless_borrow

warning: this expression creates a reference which is immediately dereferenced by the compiler
   --> crates/rrrah-decode/src/raster.rs:359:31
    |
359 |     if crate::pict::has_magic(&bytes)
    |                               ^^^^^^ help: change this to: `bytes`
    |
    = help: for further information visit https://rust-lang.github.io/rust-clippy/rust-1.98.0/index.html#needless_borrow

warning: this expression creates a reference which is immediately dereferenced by the compiler
   --> crates/rrrah-decode/src/raster.rs:365:36
    |
365 |         return crate::pict::decode(&bytes, request);
    |                                    ^^^^^^ help: change this to: `bytes`
    |
    = help: for further information visit https://rust-lang.github.io/rust-clippy/rust-1.98.0/index.html#needless_borrow

warning: this expression creates a reference which is immediately dereferenced by the compiler
   --> crates/rrrah-decode/src/raster.rs:367:30
    |
367 |     if crate::wmf::has_magic(&bytes) {
    |                              ^^^^^^ help: change this to: `bytes`
    |
    = help: for further information visit https://rust-lang.github.io/rust-clippy/rust-1.98.0/index.html#needless_borrow

warning: this expression creates a reference which is immediately dereferenced by the compiler
   --> crates/rrrah-decode/src/raster.rs:368:35
    |
368 |         return crate::wmf::decode(&bytes, request);
    |                                   ^^^^^^ help: change this to: `bytes`
    |
    = help: for further information visit https://rust-lang.github.io/rust-clippy/rust-1.98.0/index.html#needless_borrow

warning: this expression creates a reference which is immediately dereferenced by the compiler
   --> crates/rrrah-decode/src/raster.rs:370:35
    |
370 |     if crate::apng::has_animation(&bytes) {
    |                                   ^^^^^^ help: change this to: `bytes`
    |
    = help: for further information visit https://rust-lang.github.io/rust-clippy/rust-1.98.0/index.html#needless_borrow

warning: this expression creates a reference which is immediately dereferenced by the compiler
   --> crates/rrrah-decode/src/raster.rs:371:36
    |
371 |         return crate::apng::decode(&bytes, request).map(|image| image.raster);
    |                                    ^^^^^^ help: change this to: `bytes`
    |
    = help: for further information visit https://rust-lang.github.io/rust-clippy/rust-1.98.0/index.html#needless_borrow

warning: this expression creates a reference which is immediately dereferenced by the compiler
   --> crates/rrrah-decode/src/raster.rs:379:33
    |
379 |     if crate::jpegxr::has_magic(&bytes) {
    |                                 ^^^^^^ help: change this to: `bytes`
    |
    = help: for further information visit https://rust-lang.github.io/rust-clippy/rust-1.98.0/index.html#needless_borrow

warning: this expression creates a reference which is immediately dereferenced by the compiler
   --> crates/rrrah-decode/src/raster.rs:380:38
    |
380 |         return crate::jpegxr::decode(&bytes, request);
    |                                      ^^^^^^ help: change this to: `bytes`
    |
    = help: for further information visit https://rust-lang.github.io/rust-clippy/rust-1.98.0/index.html#needless_borrow

warning: this expression creates a reference which is immediately dereferenced by the compiler
   --> crates/rrrah-decode/src/raster.rs:382:33
    |
382 |     if crate::jpegls::has_magic(&bytes) {
    |                                 ^^^^^^ help: change this to: `bytes`
    |
    = help: for further information visit https://rust-lang.github.io/rust-clippy/rust-1.98.0/index.html#needless_borrow

warning: this expression creates a reference which is immediately dereferenced by the compiler
   --> crates/rrrah-decode/src/raster.rs:383:38
    |
383 |         return crate::jpegls::decode(&bytes, request).map(|image| image.raster);
    |                                      ^^^^^^ help: change this to: `bytes`
    |
    = help: for further information visit https://rust-lang.github.io/rust-clippy/rust-1.98.0/index.html#needless_borrow

warning: this expression creates a reference which is immediately dereferenced by the compiler
   --> crates/rrrah-decode/src/raster.rs:385:30
    |
385 |     if crate::jng::has_magic(&bytes) {
    |                              ^^^^^^ help: change this to: `bytes`
    |
    = help: for further information visit https://rust-lang.github.io/rust-clippy/rust-1.98.0/index.html#needless_borrow

warning: this expression creates a reference which is immediately dereferenced by the compiler
   --> crates/rrrah-decode/src/raster.rs:386:35
    |
386 |         return crate::jng::decode(&bytes, request);
    |                                   ^^^^^^ help: change this to: `bytes`
    |
    = help: for further information visit https://rust-lang.github.io/rust-clippy/rust-1.98.0/index.html#needless_borrow

warning: this expression creates a reference which is immediately dereferenced by the compiler
   --> crates/rrrah-decode/src/raster.rs:388:36
    |
388 |     if crate::softimage::has_magic(&bytes) {
    |                                    ^^^^^^ help: change this to: `bytes`
    |
    = help: for further information visit https://rust-lang.github.io/rust-clippy/rust-1.98.0/index.html#needless_borrow

warning: this expression creates a reference which is immediately dereferenced by the compiler
   --> crates/rrrah-decode/src/raster.rs:389:41
    |
389 |         return crate::softimage::decode(&bytes, request);
    |                                         ^^^^^^ help: change this to: `bytes`
    |
    = help: for further information visit https://rust-lang.github.io/rust-clippy/rust-1.98.0/index.html#needless_borrow

warning: this expression creates a reference which is immediately dereferenced by the compiler
   --> crates/rrrah-decode/src/raster.rs:391:33
    |
391 |     if crate::cineon::has_magic(&bytes) {
    |                                 ^^^^^^ help: change this to: `bytes`
    |
    = help: for further information visit https://rust-lang.github.io/rust-clippy/rust-1.98.0/index.html#needless_borrow

warning: this expression creates a reference which is immediately dereferenced by the compiler
   --> crates/rrrah-decode/src/raster.rs:392:38
    |
392 |         return crate::cineon::decode(&bytes, request);
    |                                      ^^^^^^ help: change this to: `bytes`
    |
    = help: for further information visit https://rust-lang.github.io/rust-clippy/rust-1.98.0/index.html#needless_borrow

warning: this expression creates a reference which is immediately dereferenced by the compiler
   --> crates/rrrah-decode/src/raster.rs:394:30
    |
394 |     if crate::dpx::has_magic(&bytes) {
    |                              ^^^^^^ help: change this to: `bytes`
    |
    = help: for further information visit https://rust-lang.github.io/rust-clippy/rust-1.98.0/index.html#needless_borrow

warning: this expression creates a reference which is immediately dereferenced by the compiler
   --> crates/rrrah-decode/src/raster.rs:395:35
    |
395 |         return crate::dpx::decode(&bytes, request);
    |                                   ^^^^^^ help: change this to: `bytes`
    |
    = help: for further information visit https://rust-lang.github.io/rust-clippy/rust-1.98.0/index.html#needless_borrow

warning: this expression creates a reference which is immediately dereferenced by the compiler
   --> crates/rrrah-decode/src/raster.rs:397:31
    |
397 |     if crate::astc::has_magic(&bytes) {
    |                               ^^^^^^ help: change this to: `bytes`
    |
    = help: for further information visit https://rust-lang.github.io/rust-clippy/rust-1.98.0/index.html#needless_borrow

warning: this expression creates a reference which is immediately dereferenced by the compiler
   --> crates/rrrah-decode/src/raster.rs:398:36
    |
398 |         return crate::astc::decode(&bytes, request);
    |                                    ^^^^^^ help: change this to: `bytes`
    |
    = help: for further information visit https://rust-lang.github.io/rust-clippy/rust-1.98.0/index.html#needless_borrow

warning: this expression creates a reference which is immediately dereferenced by the compiler
   --> crates/rrrah-decode/src/raster.rs:400:31
    |
400 |     if crate::heif::has_magic(&bytes) {
    |                               ^^^^^^ help: change this to: `bytes`
    |
    = help: for further information visit https://rust-lang.github.io/rust-clippy/rust-1.98.0/index.html#needless_borrow

warning: this expression creates a reference which is immediately dereferenced by the compiler
   --> crates/rrrah-decode/src/raster.rs:401:36
    |
401 |         return crate::heif::decode(&bytes, request);
    |                                    ^^^^^^ help: change this to: `bytes`
    |
    = help: for further information visit https://rust-lang.github.io/rust-clippy/rust-1.98.0/index.html#needless_borrow

warning: this expression creates a reference which is immediately dereferenced by the compiler
   --> crates/rrrah-decode/src/raster.rs:403:30
    |
403 |     if crate::pkm::has_magic(&bytes) {
    |                              ^^^^^^ help: change this to: `bytes`
    |
    = help: for further information visit https://rust-lang.github.io/rust-clippy/rust-1.98.0/index.html#needless_borrow

warning: this expression creates a reference which is immediately dereferenced by the compiler
   --> crates/rrrah-decode/src/raster.rs:404:35
    |
404 |         return crate::pkm::decode(&bytes, request);
    |                                   ^^^^^^ help: change this to: `bytes`
    |
    = help: for further information visit https://rust-lang.github.io/rust-clippy/rust-1.98.0/index.html#needless_borrow

warning: this expression creates a reference which is immediately dereferenced by the compiler
   --> crates/rrrah-decode/src/raster.rs:406:30
    |
406 |     if crate::iff::has_magic(&bytes) {
    |                              ^^^^^^ help: change this to: `bytes`
    |
    = help: for further information visit https://rust-lang.github.io/rust-clippy/rust-1.98.0/index.html#needless_borrow

warning: this expression creates a reference which is immediately dereferenced by the compiler
   --> crates/rrrah-decode/src/raster.rs:407:35
    |
407 |         return crate::iff::decode(&bytes, request);
    |                                   ^^^^^^ help: change this to: `bytes`
    |
    = help: for further information visit https://rust-lang.github.io/rust-clippy/rust-1.98.0/index.html#needless_borrow

warning: this expression creates a reference which is immediately dereferenced by the compiler
   --> crates/rrrah-decode/src/raster.rs:409:30
    |
409 |     if crate::psd::has_magic(&bytes) {
    |                              ^^^^^^ help: change this to: `bytes`
    |
    = help: for further information visit https://rust-lang.github.io/rust-clippy/rust-1.98.0/index.html#needless_borrow

warning: this expression creates a reference which is immediately dereferenced by the compiler
   --> crates/rrrah-decode/src/raster.rs:410:35
    |
410 |         return crate::psd::decode(&bytes, request);
    |                                   ^^^^^^ help: change this to: `bytes`
    |
    = help: for further information visit https://rust-lang.github.io/rust-clippy/rust-1.98.0/index.html#needless_borrow

warning: this expression creates a reference which is immediately dereferenced by the compiler
   --> crates/rrrah-decode/src/raster.rs:412:30
    |
412 |     if crate::jp2::has_magic(&bytes) {
    |                              ^^^^^^ help: change this to: `bytes`
    |
    = help: for further information visit https://rust-lang.github.io/rust-clippy/rust-1.98.0/index.html#needless_borrow

warning: this expression creates a reference which is immediately dereferenced by the compiler
   --> crates/rrrah-decode/src/raster.rs:413:35
    |
413 |         return crate::jp2::decode(&bytes, request);
    |                                   ^^^^^^ help: change this to: `bytes`
    |
    = help: for further information visit https://rust-lang.github.io/rust-clippy/rust-1.98.0/index.html#needless_borrow

warning: this expression creates a reference which is immediately dereferenced by the compiler
   --> crates/rrrah-decode/src/raster.rs:415:30
    |
415 |     if crate::jxl::has_magic(&bytes) {
    |                              ^^^^^^ help: change this to: `bytes`
    |
    = help: for further information visit https://rust-lang.github.io/rust-clippy/rust-1.98.0/index.html#needless_borrow

warning: this expression creates a reference which is immediately dereferenced by the compiler
   --> crates/rrrah-decode/src/raster.rs:416:35
    |
416 |         return crate::jxl::decode(&bytes, request);
    |                                   ^^^^^^ help: change this to: `bytes`
    |
    = help: for further information visit https://rust-lang.github.io/rust-clippy/rust-1.98.0/index.html#needless_borrow

warning: this expression creates a reference which is immediately dereferenced by the compiler
   --> crates/rrrah-decode/src/raster.rs:418:30
    |
418 |     if crate::kra::has_magic(&bytes)
    |                              ^^^^^^ help: change this to: `bytes`
    |
    = help: for further information visit https://rust-lang.github.io/rust-clippy/rust-1.98.0/index.html#needless_borrow

warning: this expression creates a reference which is immediately dereferenced by the compiler
   --> crates/rrrah-decode/src/raster.rs:425:35
    |
425 |         return crate::kra::decode(&bytes, request);
    |                                   ^^^^^^ help: change this to: `bytes`
    |
    = help: for further information visit https://rust-lang.github.io/rust-clippy/rust-1.98.0/index.html#needless_borrow

warning: this expression creates a reference which is immediately dereferenced by the compiler
   --> crates/rrrah-decode/src/raster.rs:427:30
    |
427 |     if crate::ora::has_magic(&bytes)
    |                              ^^^^^^ help: change this to: `bytes`
    |
    = help: for further information visit https://rust-lang.github.io/rust-clippy/rust-1.98.0/index.html#needless_borrow

warning: this expression creates a reference which is immediately dereferenced by the compiler
   --> crates/rrrah-decode/src/raster.rs:434:35
    |
434 |         return crate::ora::decode(&bytes, request);
    |                                   ^^^^^^ help: change this to: `bytes`
    |
    = help: for further information visit https://rust-lang.github.io/rust-clippy/rust-1.98.0/index.html#needless_borrow

warning: this expression creates a reference which is immediately dereferenced by the compiler
   --> crates/rrrah-decode/src/raster.rs:440:32
    |
440 |         && image::guess_format(&bytes).is_err()
    |                                ^^^^^^ help: change this to: `bytes`
    |
    = help: for further information visit https://rust-lang.github.io/rust-clippy/rust-1.98.0/index.html#needless_borrow

warning: this expression creates a reference which is immediately dereferenced by the compiler
   --> crates/rrrah-decode/src/raster.rs:442:35
    |
442 |         return crate::svg::decode(&bytes, request);
    |                                   ^^^^^^ help: change this to: `bytes`
    |
    = help: for further information visit https://rust-lang.github.io/rust-clippy/rust-1.98.0/index.html#needless_borrow

warning: this expression creates a reference which is immediately dereferenced by the compiler
   --> crates/rrrah-decode/src/raster.rs:445:9
    |
445 |         &mut bytes,
    |         ^^^^^^^^^^ help: change this to: `bytes`
    |
    = help: for further information visit https://rust-lang.github.io/rust-clippy/rust-1.98.0/index.html#needless_borrow

warning: this expression creates a reference which is immediately dereferenced by the compiler
   --> crates/rrrah-decode/src/raster.rs:453:35
    |
453 |         return crate::xpm::decode(&bytes, request);
    |                                   ^^^^^^ help: change this to: `bytes`
    |
    = help: for further information visit https://rust-lang.github.io/rust-clippy/rust-1.98.0/index.html#needless_borrow

warning: this expression creates a reference which is immediately dereferenced by the compiler
   --> crates/rrrah-decode/src/raster.rs:455:57
    |
455 |     let avif_properties = crate::avif_color::properties(&bytes)?;
    |                                                         ^^^^^^ help: change this to: `bytes`
    |
    = help: for further information visit https://rust-lang.github.io/rust-clippy/rust-1.98.0/index.html#needless_borrow

warning: this expression creates a reference which is immediately dereferenced by the compiler
   --> crates/rrrah-decode/src/raster.rs:462:51
    |
462 |     let png_color = crate::png_color::declaration(&bytes)?;
    |                                                   ^^^^^^ help: change this to: `bytes`
    |
    = help: for further information visit https://rust-lang.github.io/rust-clippy/rust-1.98.0/index.html#needless_borrow

warning: this expression creates a reference which is immediately dereferenced by the compiler
   --> crates/rrrah-decode/src/raster.rs:463:51
    |
463 |     let exr_color = crate::exr_color::declaration(&bytes)?;
    |                                                   ^^^^^^ help: change this to: `bytes`
    |
    = help: for further information visit https://rust-lang.github.io/rust-clippy/rust-1.98.0/index.html#needless_borrow

warning: this expression creates a reference which is immediately dereferenced by the compiler
   --> crates/rrrah-decode/src/raster.rs:476:35
    |
476 |         return crate::dds::decode(&bytes, request);
    |                                   ^^^^^^ help: change this to: `bytes`
    |
    = help: for further information visit https://rust-lang.github.io/rust-clippy/rust-1.98.0/index.html#needless_borrow

warning: this expression creates a reference which is immediately dereferenced by the compiler
   --> crates/rrrah-decode/src/raster.rs:479:35
    |
479 |         return crate::sun::decode(&bytes, request);
    |                                   ^^^^^^ help: change this to: `bytes`
    |
    = help: for further information visit https://rust-lang.github.io/rust-clippy/rust-1.98.0/index.html#needless_borrow

warning: this expression creates a reference which is immediately dereferenced by the compiler
   --> crates/rrrah-decode/src/raster.rs:482:35
    |
482 |         return crate::sgi::decode(&bytes, request);
    |                                   ^^^^^^ help: change this to: `bytes`
    |
    = help: for further information visit https://rust-lang.github.io/rust-clippy/rust-1.98.0/index.html#needless_borrow

warning: this expression creates a reference which is immediately dereferenced by the compiler
   --> crates/rrrah-decode/src/raster.rs:489:35
    |
489 |         return crate::pfm::decode(&bytes, request);
    |                                   ^^^^^^ help: change this to: `bytes`
    |
    = help: for further information visit https://rust-lang.github.io/rust-clippy/rust-1.98.0/index.html#needless_borrow

warning: this expression creates a reference which is immediately dereferenced by the compiler
   --> crates/rrrah-decode/src/raster.rs:491:37
    |
491 |     if crate::macpaint::has_wrapper(&bytes)
    |                                     ^^^^^^ help: change this to: `bytes`
    |
    = help: for further information visit https://rust-lang.github.io/rust-clippy/rust-1.98.0/index.html#needless_borrow

warning: this expression creates a reference which is immediately dereferenced by the compiler
   --> crates/rrrah-decode/src/raster.rs:492:76
    |
492 |         || (crate::macpaint::is_path(&request.path) && image::guess_format(&bytes).is_err())
    |                                                                            ^^^^^^ help: change this to: `bytes`
    |
    = help: for further information visit https://rust-lang.github.io/rust-clippy/rust-1.98.0/index.html#needless_borrow

warning: this expression creates a reference which is immediately dereferenced by the compiler
   --> crates/rrrah-decode/src/raster.rs:494:40
    |
494 |         return crate::macpaint::decode(&bytes, request);
    |                                        ^^^^^^ help: change this to: `bytes`
    |
    = help: for further information visit https://rust-lang.github.io/rust-clippy/rust-1.98.0/index.html#needless_borrow

warning: this expression creates a reference which is immediately dereferenced by the compiler
   --> crates/rrrah-decode/src/raster.rs:500:32
    |
500 |         && image::guess_format(&bytes).is_err()
    |                                ^^^^^^ help: change this to: `bytes`
    |
    = help: for further information visit https://rust-lang.github.io/rust-clippy/rust-1.98.0/index.html#needless_borrow

warning: this expression creates a reference which is immediately dereferenced by the compiler
   --> crates/rrrah-decode/src/raster.rs:502:35
    |
502 |         return crate::rla::decode(&bytes, request);
    |                                   ^^^^^^ help: change this to: `bytes`
    |
    = help: for further information visit https://rust-lang.github.io/rust-clippy/rust-1.98.0/index.html#needless_borrow

warning: this expression creates a reference which is immediately dereferenced by the compiler
   --> crates/rrrah-decode/src/raster.rs:508:32
    |
508 |         && image::guess_format(&bytes).is_err()
    |                                ^^^^^^ help: change this to: `bytes`
    |
    = help: for further information visit https://rust-lang.github.io/rust-clippy/rust-1.98.0/index.html#needless_borrow

warning: this expression creates a reference which is immediately dereferenced by the compiler
   --> crates/rrrah-decode/src/raster.rs:510:54
    |
510 |         return crate::wal::decode_using_game_palette(&bytes, request);
    |                                                      ^^^^^^ help: change this to: `bytes`
    |
    = help: for further information visit https://rust-lang.github.io/rust-clippy/rust-1.98.0/index.html#needless_borrow

warning: this expression creates a reference which is immediately dereferenced by the compiler
   --> crates/rrrah-decode/src/raster.rs:516:32
    |
516 |         && image::guess_format(&bytes).is_err()
    |                                ^^^^^^ help: change this to: `bytes`
    |
    = help: for further information visit https://rust-lang.github.io/rust-clippy/rust-1.98.0/index.html#needless_borrow

warning: this expression creates a reference which is immediately dereferenced by the compiler
   --> crates/rrrah-decode/src/raster.rs:518:35
    |
518 |         return crate::pix::decode(&bytes, request);
    |                                   ^^^^^^ help: change this to: `bytes`
    |
    = help: for further information visit https://rust-lang.github.io/rust-clippy/rust-1.98.0/index.html#needless_borrow

warning: this expression creates a reference which is immediately dereferenced by the compiler
   --> crates/rrrah-decode/src/raster.rs:521:35
    |
521 |         return crate::pcx::decode(&bytes, request);
    |                                   ^^^^^^ help: change this to: `bytes`
    |
    = help: for further information visit https://rust-lang.github.io/rust-clippy/rust-1.98.0/index.html#needless_borrow

warning: this expression creates a reference which is immediately dereferenced by the compiler
   --> crates/rrrah-decode/src/raster.rs:523:28
    |
523 |     if image::guess_format(&bytes).is_err()
    |                            ^^^^^^ help: change this to: `bytes`
    |
    = help: for further information visit https://rust-lang.github.io/rust-clippy/rust-1.98.0/index.html#needless_borrow

warning: this expression creates a reference which is immediately dereferenced by the compiler
   --> crates/rrrah-decode/src/raster.rs:529:35
    |
529 |         return crate::xbm::decode(&bytes, request);
    |                                   ^^^^^^ help: change this to: `bytes`
    |
    = help: for further information visit https://rust-lang.github.io/rust-clippy/rust-1.98.0/index.html#needless_borrow

warning: using `chunks_exact_mut` with a constant chunk size
   --> crates/rrrah-decode/src/raster.rs:698:46
    |
698 |                 for (index, pixel) in pixels.chunks_exact_mut(4).enumerate() {
    |                                              ^^^^^^^^^^^^^^^^^^^ help: consider using `as_chunks` instead: `as_chunks_mut::<4>().0.iter()`
    |
    = help: for further information visit https://rust-lang.github.io/rust-clippy/rust-1.98.0/index.html#chunks_exact_to_as_chunks

warning: using `chunks_exact_mut` with a constant chunk size
   --> crates/rrrah-decode/src/raster.rs:754:34
    |
754 |     for (index, pixel) in pixels.chunks_exact_mut(4).enumerate() {
    |                                  ^^^^^^^^^^^^^^^^^^^ help: consider using `as_chunks` instead: `as_chunks_mut::<4>().0.iter()`
    |
    = help: for further information visit https://rust-lang.github.io/rust-clippy/rust-1.98.0/index.html#chunks_exact_to_as_chunks

warning: casting `u32` to `u16` may truncate the value
   --> crates/rrrah-decode/src/raster.rs:768:23
    |
768 |             *sample = ((code * 65535 + maximum / 2) / maximum) as u16;
    |                       ^^^^^^^^^^^^^^^^^^^^^^^^^^^^^^^^^^^^^^^^^^^^^^^
    |
    = help: if this is intentional allow the lint with `#[allow(clippy::cast_possible_truncation)]` ...
    = help: for further information visit https://rust-lang.github.io/rust-clippy/rust-1.98.0/index.html#cast_possible_truncation
help: ... or use `try_from` and handle the error accordingly
    |
768 -             *sample = ((code * 65535 + maximum / 2) / maximum) as u16;
768 +             *sample = u16::try_from((code * 65535 + maximum / 2) / maximum);
    |

warning: docs for function which may panic missing `# Panics` section
   --> crates/rrrah-decode/src/raster_color.rs:40:1
    |
 40 | / pub fn prepare_raster_for_display_with_budget_and_cancel(
 41 | |     frame: &DecodedRaster,
 42 | |     budget: Option<&rrrah_core::MemoryBudget>,
 43 | |     cancel: impl Fn() -> bool,
 44 | | ) -> Result<DecodedRaster, RasterColorError> {
    | |____________________________________________^
    |
note: first possible panic found here
   --> crates/rrrah-decode/src/raster_color.rs:144:18
    |
144 |     let source = source.get_mut().expect("exclusive conversion row");
    |                  ^^^^^^^^^^^^^^^^^^^^^^^^^^^^^^^^^^^^^^^^^^^^^^^^^^^
    = help: for further information visit https://rust-lang.github.io/rust-clippy/rust-1.98.0/index.html#missing_panics_doc

warning: this function has too many lines (150/100)
  --> crates/rrrah-decode/src/raster_color.rs:40:1
   |
40 | / pub fn prepare_raster_for_display_with_budget_and_cancel(
41 | |     frame: &DecodedRaster,
42 | |     budget: Option<&rrrah_core::MemoryBudget>,
43 | |     cancel: impl Fn() -> bool,
44 | | ) -> Result<DecodedRaster, RasterColorError> {
   | |____________________________________________^
   |
   = help: for further information visit https://rust-lang.github.io/rust-clippy/rust-1.98.0/index.html#too_many_lines

warning: using `chunks_exact` with a constant chunk size
  --> crates/rrrah-decode/src/raster_color.rs:78:37
   |
78 |         for (index, rgba) in pixels.chunks_exact(4).enumerate() {
   |                                     ^^^^^^^^^^^^^^^ help: consider using `as_chunks` instead: `as_chunks::<4>().0.iter()`
   |
   = help: for further information visit https://rust-lang.github.io/rust-clippy/rust-1.98.0/index.html#chunks_exact_to_as_chunks

warning: this `if` statement can be collapsed
   --> crates/rrrah-decode/src/raster_color.rs:101:9
    |
101 | /         if let Some(ToneReprCurve::Lut(values)) = curve {
102 | |             if values.len() == 1 {
103 | |                 *curve = Some(ToneReprCurve::Parametric(vec![f32::from(values[0]) / 256.0]));
104 | |             }
105 | |         }
    | |_________^
    |
    = help: for further information visit https://rust-lang.github.io/rust-clippy/rust-1.98.0/index.html#collapsible_if
help: collapse nested if block
    |
101 ~         if let Some(ToneReprCurve::Lut(values)) = curve
102 ~             && values.len() == 1 {
103 |                 *curve = Some(ToneReprCurve::Parametric(vec![f32::from(values[0]) / 256.0]));
104 ~             }
    |

warning: casting `f64` to `f32` may truncate the value
   --> crates/rrrah-decode/src/raster_color.rs:185:40
    |
185 |             output.extend_from_slice(&[rgb[0] as f32, rgb[1] as f32, rgb[2] as f32, alpha as f32]);
    |                                        ^^^^^^^^^^^^^
    |
    = help: if this is intentional allow the lint with `#[allow(clippy::cast_possible_truncation)]` ...
    = help: for further information visit https://rust-lang.github.io/rust-clippy/rust-1.98.0/index.html#cast_possible_truncation

warning: casting `f64` to `f32` may truncate the value
   --> crates/rrrah-decode/src/raster_color.rs:185:55
    |
185 |             output.extend_from_slice(&[rgb[0] as f32, rgb[1] as f32, rgb[2] as f32, alpha as f32]);
    |                                                       ^^^^^^^^^^^^^
    |
    = help: if this is intentional allow the lint with `#[allow(clippy::cast_possible_truncation)]` ...
    = help: for further information visit https://rust-lang.github.io/rust-clippy/rust-1.98.0/index.html#cast_possible_truncation

warning: casting `f64` to `f32` may truncate the value
   --> crates/rrrah-decode/src/raster_color.rs:185:70
    |
185 |             output.extend_from_slice(&[rgb[0] as f32, rgb[1] as f32, rgb[2] as f32, alpha as f32]);
    |                                                                      ^^^^^^^^^^^^^
    |
    = help: if this is intentional allow the lint with `#[allow(clippy::cast_possible_truncation)]` ...
    = help: for further information visit https://rust-lang.github.io/rust-clippy/rust-1.98.0/index.html#cast_possible_truncation

warning: casting `f64` to `f32` may truncate the value
   --> crates/rrrah-decode/src/raster_color.rs:185:85
    |
185 |             output.extend_from_slice(&[rgb[0] as f32, rgb[1] as f32, rgb[2] as f32, alpha as f32]);
    |                                                                                     ^^^^^^^^^^^^
    |
    = help: if this is intentional allow the lint with `#[allow(clippy::cast_possible_truncation)]` ...
    = help: for further information visit https://rust-lang.github.io/rust-clippy/rust-1.98.0/index.html#cast_possible_truncation

warning: casting `u8` to `i8` may wrap around the value
  --> crates/rrrah-decode/src/rla.rs:14:23
   |
14 |         let control = *encoded.get(at).ok_or_else(|| bad("truncated byte plane"))? as i8;
   |                       ^^^^^^^^^^^^^^^^^^^^^^^^^^^^^^^^^^^^^^^^^^^^^^^^^^^^^^^^^^^^^^^^^^ help: if this is intentional, use `cast_signed()` instead: `(*encoded.get(at).ok_or_else(|| bad("truncated byte plane"))?).cast_signed()`
   |
   = help: for further information visit https://rust-lang.github.io/rust-clippy/rust-1.98.0/index.html#cast_possible_wrap

warning: casting `i8` to `usize` may lose the sign of the value
  --> crates/rrrah-decode/src/rla.rs:17:13
   |
17 |             control as usize + 1
   |             ^^^^^^^^^^^^^^^^
   |
   = help: for further information visit https://rust-lang.github.io/rust-clippy/rust-1.98.0/index.html#cast_sign_loss

warning: this function has too many lines (206/100)
   --> crates/rrrah-decode/src/rla.rs:123:1
    |
123 | / fn decode_with_settings(
124 | |     b: &[u8],
125 | |     request: &DecodeRequest,
126 | |     mode: Option<RlaAlphaMode>,
127 | |     color_space: RasterColorSpace,
128 | |     float_order: Option<RlaFloatByteOrder>,
129 | | ) -> Result<DecodedRaster, RasterDecodeError> {
    | |_____________________________________________^
    |
    = help: for further information visit https://rust-lang.github.io/rust-clippy/rust-1.98.0/index.html#too_many_lines

warning: casting `i32` to `usize` may lose the sign of the value
   --> crates/rrrah-decode/src/rla.rs:165:19
    |
165 |     let (w, h) = ((right - left + 1) as usize, (top - bottom + 1) as usize);
    |                   ^^^^^^^^^^^^^^^^^^^^^^^^^^^
    |
    = help: for further information visit https://rust-lang.github.io/rust-clippy/rust-1.98.0/index.html#cast_sign_loss

warning: casting `i32` to `usize` may lose the sign of the value
   --> crates/rrrah-decode/src/rla.rs:165:48
    |
165 |     let (w, h) = ((right - left + 1) as usize, (top - bottom + 1) as usize);
    |                                                ^^^^^^^^^^^^^^^^^^^^^^^^^^^
    |
    = help: for further information visit https://rust-lang.github.io/rust-clippy/rust-1.98.0/index.html#cast_sign_loss

warning: casting `i32` to `usize` may lose the sign of the value
   --> crates/rrrah-decode/src/rla.rs:167:9
    |
167 |         (active_right - active_left + 1) as usize,
    |         ^^^^^^^^^^^^^^^^^^^^^^^^^^^^^^^^^^^^^^^^^
    |
    = help: for further information visit https://rust-lang.github.io/rust-clippy/rust-1.98.0/index.html#cast_sign_loss

warning: casting `i32` to `usize` may lose the sign of the value
   --> crates/rrrah-decode/src/rla.rs:168:9
    |
168 |         (active_top - active_bottom + 1) as usize,
    |         ^^^^^^^^^^^^^^^^^^^^^^^^^^^^^^^^^^^^^^^^^
    |
    = help: for further information visit https://rust-lang.github.io/rust-clippy/rust-1.98.0/index.html#cast_sign_loss

warning: casting `i32` to `usize` may lose the sign of the value
   --> crates/rrrah-decode/src/rla.rs:170:20
    |
170 |     let x_offset = (active_left - left) as usize;
    |                    ^^^^^^^^^^^^^^^^^^^^^^^^^^^^^
    |
    = help: for further information visit https://rust-lang.github.io/rust-clippy/rust-1.98.0/index.html#cast_sign_loss

warning: casting `i32` to `usize` may lose the sign of the value
   --> crates/rrrah-decode/src/rla.rs:196:28
    |
196 |                 first_row: (top - active_bottom) as usize,
    |                            ^^^^^^^^^^^^^^^^^^^^^^^^^^^^^^
    |
    = help: for further information visit https://rust-lang.github.io/rust-clippy/rust-1.98.0/index.html#cast_sign_loss

warning: casting `i32` to `usize` may lose the sign of the value
   --> crates/rrrah-decode/src/rla.rs:236:26
    |
236 |         let output_row = (top - active_bottom - row as i32) as usize;
    |                          ^^^^^^^^^^^^^^^^^^^^^^^^^^^^^^^^^^^^^^^^^^^
    |
    = help: for further information visit https://rust-lang.github.io/rust-clippy/rust-1.98.0/index.html#cast_sign_loss

warning: casting `usize` to `i32` may truncate the value on targets with 64-bit wide pointers
   --> crates/rrrah-decode/src/rla.rs:236:49
    |
236 |         let output_row = (top - active_bottom - row as i32) as usize;
    |                                                 ^^^^^^^^^^
    |
    = help: if this is intentional allow the lint with `#[allow(clippy::cast_possible_truncation)]` ...
    = help: for further information visit https://rust-lang.github.io/rust-clippy/rust-1.98.0/index.html#cast_possible_truncation
help: ... or use `try_from` and handle the error accordingly
    |
236 -         let output_row = (top - active_bottom - row as i32) as usize;
236 +         let output_row = (top - active_bottom - i32::try_from(row)) as usize;
    |

warning: casting `usize` to `i32` may wrap around the value on targets with 32-bit wide pointers
   --> crates/rrrah-decode/src/rla.rs:236:49
    |
236 |         let output_row = (top - active_bottom - row as i32) as usize;
    |                                                 ^^^^^^^^^^
    |
    = help: for further information visit https://rust-lang.github.io/rust-clippy/rust-1.98.0/index.html#cast_possible_wrap

warning: using `chunks_exact_mut` with a constant chunk size
   --> crates/rrrah-decode/src/rla.rs:238:88
    |
238 |             out[(output_row * w + x_offset) * 4..(output_row * w + x_offset + aw) * 4].chunks_exact_mut(4)
    |                                                                                        ^^^^^^^^^^^^^^^^^^^ help: consider using `as_chunks` instead: `as_chunks_mut::<4>().0`
    |
    = help: for further information visit https://rust-lang.github.io/rust-clippy/rust-1.98.0/index.html#chunks_exact_to_as_chunks

warning: using `chunks_exact` with a constant chunk size
   --> crates/rrrah-decode/src/rla.rs:302:36
    |
302 |         for (pixel, target) in out.chunks_exact(4).zip(float.chunks_exact_mut(4)) {
    |                                    ^^^^^^^^^^^^^^^ help: consider using `as_chunks` instead: `as_chunks::<4>().0.iter()`
    |
    = help: for further information visit https://rust-lang.github.io/rust-clippy/rust-1.98.0/index.html#chunks_exact_to_as_chunks

warning: using `chunks_exact_mut` with a constant chunk size
   --> crates/rrrah-decode/src/rla.rs:302:62
    |
302 |         for (pixel, target) in out.chunks_exact(4).zip(float.chunks_exact_mut(4)) {
    |                                                              ^^^^^^^^^^^^^^^^^^^
    |
help: consider using `as_chunks_mut::<4>()` instead
   --> crates/rrrah-decode/src/rla.rs:302:62
    |
302 |         for (pixel, target) in out.chunks_exact(4).zip(float.chunks_exact_mut(4)) {
    |                                                              ^^^^^^^^^^^^^^^^^^^
    = help: for further information visit https://rust-lang.github.io/rust-clippy/rust-1.98.0/index.html#chunks_exact_to_as_chunks

warning: casting `usize` to `u32` may truncate the value on targets with 64-bit wide pointers
   --> crates/rrrah-decode/src/rla.rs:318:13
    |
318 |             w as u32,
    |             ^^^^^^^^
    |
    = help: if this is intentional allow the lint with `#[allow(clippy::cast_possible_truncation)]` ...
    = help: for further information visit https://rust-lang.github.io/rust-clippy/rust-1.98.0/index.html#cast_possible_truncation
help: ... or use `try_from` and handle the error accordingly
    |
318 -             w as u32,
318 +             u32::try_from(w),
    |

warning: casting `usize` to `u32` may truncate the value on targets with 64-bit wide pointers
   --> crates/rrrah-decode/src/rla.rs:319:13
    |
319 |             h as u32,
    |             ^^^^^^^^
    |
    = help: if this is intentional allow the lint with `#[allow(clippy::cast_possible_truncation)]` ...
    = help: for further information visit https://rust-lang.github.io/rust-clippy/rust-1.98.0/index.html#cast_possible_truncation
help: ... or use `try_from` and handle the error accordingly
    |
319 -             h as u32,
319 +             u32::try_from(h),
    |

warning: casting `usize` to `u32` may truncate the value on targets with 64-bit wide pointers
   --> crates/rrrah-decode/src/rla.rs:335:27
    |
335 |     Ok(DecodedRaster::new(w as u32, h as u32, pixels, color_space)?)
    |                           ^^^^^^^^
    |
    = help: if this is intentional allow the lint with `#[allow(clippy::cast_possible_truncation)]` ...
    = help: for further information visit https://rust-lang.github.io/rust-clippy/rust-1.98.0/index.html#cast_possible_truncation
help: ... or use `try_from` and handle the error accordingly
    |
335 -     Ok(DecodedRaster::new(w as u32, h as u32, pixels, color_space)?)
335 +     Ok(DecodedRaster::new(u32::try_from(w), h as u32, pixels, color_space)?)
    |

warning: casting `usize` to `u32` may truncate the value on targets with 64-bit wide pointers
   --> crates/rrrah-decode/src/rla.rs:335:37
    |
335 |     Ok(DecodedRaster::new(w as u32, h as u32, pixels, color_space)?)
    |                                     ^^^^^^^^
    |
    = help: if this is intentional allow the lint with `#[allow(clippy::cast_possible_truncation)]` ...
    = help: for further information visit https://rust-lang.github.io/rust-clippy/rust-1.98.0/index.html#cast_possible_truncation
help: ... or use `try_from` and handle the error accordingly
    |
335 -     Ok(DecodedRaster::new(w as u32, h as u32, pixels, color_space)?)
335 +     Ok(DecodedRaster::new(w as u32, u32::try_from(h), pixels, color_space)?)
    |

warning: this function has too many lines (111/100)
   --> crates/rrrah-decode/src/rla.rs:350:1
    |
350 | / fn decode_float_records(
351 | |     b: &[u8],
352 | |     request: &DecodeRequest,
353 | |     color_space: RasterColorSpace,
354 | |     spec: FloatSpec,
355 | | ) -> Result<DecodedRaster, RasterDecodeError> {
    | |_____________________________________________^
    |
    = help: for further information visit https://rust-lang.github.io/rust-clippy/rust-1.98.0/index.html#too_many_lines

warning: this argument is passed by value, but not consumed in the function body
   --> crates/rrrah-decode/src/rla.rs:354:11
    |
354 |     spec: FloatSpec,
    |           ^^^^^^^^^
    |
help: or consider marking this type as `Copy`
   --> crates/rrrah-decode/src/rla.rs:338:1
    |
338 | struct FloatSpec {
    | ^^^^^^^^^^^^^^^^
    = help: for further information visit https://rust-lang.github.io/rust-clippy/rust-1.98.0/index.html#needless_pass_by_value
help: consider taking a reference instead
    |
354 |     spec: &FloatSpec,
    |           +

warning: using `chunks_exact_mut` with a constant chunk size
   --> crates/rrrah-decode/src/rla.rs:393:14
    |
393 |             .chunks_exact_mut(4)
    |              ^^^^^^^^^^^^^^^^^^^ help: consider using `as_chunks` instead: `as_chunks_mut::<4>().0`
    |
    = help: for further information visit https://rust-lang.github.io/rust-clippy/rust-1.98.0/index.html#chunks_exact_to_as_chunks

warning: using `chunks_exact` with a constant chunk size
   --> crates/rrrah-decode/src/rla.rs:408:38
    |
408 |             for (x, bytes) in record.chunks_exact(4).enumerate() {
    |                                      ^^^^^^^^^^^^^^^ help: consider using `as_chunks` instead: `as_chunks::<4>().0.iter()`
    |
    = help: for further information visit https://rust-lang.github.io/rust-clippy/rust-1.98.0/index.html#chunks_exact_to_as_chunks

warning: using `chunks_exact_mut` with a constant chunk size
   --> crates/rrrah-decode/src/rla.rs:447:29
    |
447 |         for pixel in output.chunks_exact_mut(4) {
    |                             ^^^^^^^^^^^^^^^^^^^ help: consider using `as_chunks` instead: `as_chunks_mut::<4>().0`
    |
    = help: for further information visit https://rust-lang.github.io/rust-clippy/rust-1.98.0/index.html#chunks_exact_to_as_chunks

warning: casting `usize` to `u32` may truncate the value on targets with 64-bit wide pointers
   --> crates/rrrah-decode/src/rla.rs:462:9
    |
462 |         width as u32,
    |         ^^^^^^^^^^^^
    |
    = help: if this is intentional allow the lint with `#[allow(clippy::cast_possible_truncation)]` ...
    = help: for further information visit https://rust-lang.github.io/rust-clippy/rust-1.98.0/index.html#cast_possible_truncation
help: ... or use `try_from` and handle the error accordingly
    |
462 -         width as u32,
462 +         u32::try_from(width),
    |

warning: casting `usize` to `u32` may truncate the value on targets with 64-bit wide pointers
   --> crates/rrrah-decode/src/rla.rs:463:9
    |
463 |         height as u32,
    |         ^^^^^^^^^^^^^
    |
    = help: if this is intentional allow the lint with `#[allow(clippy::cast_possible_truncation)]` ...
    = help: for further information visit https://rust-lang.github.io/rust-clippy/rust-1.98.0/index.html#cast_possible_truncation
help: ... or use `try_from` and handle the error accordingly
    |
463 -         height as u32,
463 +         u32::try_from(height),
    |

warning: using `chunks_exact` with a constant chunk size
  --> crates/rrrah-decode/src/scientific.rs:28:34
   |
28 |     for (index, pixel) in source.chunks_exact(4).enumerate() {
   |                                  ^^^^^^^^^^^^^^^ help: consider using `as_chunks` instead: `as_chunks::<4>().0.iter()`
   |
   = help: for further information visit https://rust-lang.github.io/rust-clippy/rust-1.98.0/index.html#chunks_exact_to_as_chunks

warning: this `if` statement can be collapsed
  --> crates/rrrah-decode/src/scientific.rs:29:9
   |
29 | /         if index % 4096 == 0 {
30 | |             if let Some(request) = request {
31 | |                 request.check_cancelled()?;
32 | |             }
33 | |         }
   | |_________^
   |
   = help: for further information visit https://rust-lang.github.io/rust-clippy/rust-1.98.0/index.html#collapsible_if
help: collapse nested if block
   |
29 ~         if index % 4096 == 0
30 ~             && let Some(request) = request {
31 |                 request.check_cancelled()?;
32 ~             }
   |

warning: casting `u16` to `u8` may truncate the value
   --> crates/rrrah-decode/src/sgi.rs:145:65
    |
145 |         RasterPixels::Rgba8(Arc::new(pixels.into_iter().map(|v| v as u8).collect::<Vec<_>>()).into())
    |                                                                 ^^^^^^^
    |
    = help: if this is intentional allow the lint with `#[allow(clippy::cast_possible_truncation)]` ...
    = help: for further information visit https://rust-lang.github.io/rust-clippy/rust-1.98.0/index.html#cast_possible_truncation
help: ... or use `try_from` and handle the error accordingly
    |
145 -         RasterPixels::Rgba8(Arc::new(pixels.into_iter().map(|v| v as u8).collect::<Vec<_>>()).into())
145 +         RasterPixels::Rgba8(Arc::new(pixels.into_iter().map(|v| u8::try_from(v)).collect::<Vec<_>>()).into())
    |

warning: casting `usize` to `u32` may truncate the value on targets with 64-bit wide pointers
   --> crates/rrrah-decode/src/sgi.rs:150:9
    |
150 |         width as u32,
    |         ^^^^^^^^^^^^
    |
    = help: if this is intentional allow the lint with `#[allow(clippy::cast_possible_truncation)]` ...
    = help: for further information visit https://rust-lang.github.io/rust-clippy/rust-1.98.0/index.html#cast_possible_truncation
help: ... or use `try_from` and handle the error accordingly
    |
150 -         width as u32,
150 +         u32::try_from(width),
    |

warning: casting `usize` to `u32` may truncate the value on targets with 64-bit wide pointers
   --> crates/rrrah-decode/src/sgi.rs:151:9
    |
151 |         height as u32,
    |         ^^^^^^^^^^^^^
    |
    = help: if this is intentional allow the lint with `#[allow(clippy::cast_possible_truncation)]` ...
    = help: for further information visit https://rust-lang.github.io/rust-clippy/rust-1.98.0/index.html#cast_possible_truncation
help: ... or use `try_from` and handle the error accordingly
    |
151 -         height as u32,
151 +         u32::try_from(height),
    |

warning: this `continue` expression is redundant
  --> crates/rrrah-decode/src/sniff.rs:96:78
   |
96 |             Err(error) if error.kind() == std::io::ErrorKind::Interrupted => continue,
   |                                                                              ^^^^^^^^
   |
   = help: consider dropping the `continue` expression
   = help: for further information visit https://rust-lang.github.io/rust-clippy/rust-1.98.0/index.html#needless_continue
   = note: `-W clippy::needless-continue` implied by `-W clippy::pedantic`
   = help: to override `-W clippy::pedantic` add `#[allow(clippy::needless_continue)]`

warning: item in documentation is missing backticks
   --> crates/rrrah-decode/src/sniff.rs:179:5
    |
179 | /// DNGVersion prevents routing a converted DNG through the native Kodak path.
    |     ^^^^^^^^^^
    |
    = help: for further information visit https://rust-lang.github.io/rust-clippy/rust-1.98.0/index.html#doc_markdown
help: try
    |
179 - /// DNGVersion prevents routing a converted DNG through the native Kodak path.
179 + /// `DNGVersion` prevents routing a converted DNG through the native Kodak path.
    |

warning: this function has too many lines (107/100)
  --> crates/rrrah-decode/src/softimage.rs:29:1
   |
29 | pub(crate) fn decode(b: &[u8], request: &DecodeRequest) -> Result<DecodedRaster, RasterDecodeError> {
   | ^^^^^^^^^^^^^^^^^^^^^^^^^^^^^^^^^^^^^^^^^^^^^^^^^^^^^^^^^^^^^^^^^^^^^^^^^^^^^^^^^^^^^^^^^^^^^^^^^^^
   |
   = help: for further information visit https://rust-lang.github.io/rust-clippy/rust-1.98.0/index.html#too_many_lines

warning: strict comparison of `f32` or `f64`
  --> crates/rrrah-decode/src/softimage.rs:39:12
   |
39 |         || f32::from_be_bytes(b[4..8].try_into().unwrap()) != 1.0
   |            ^^^^^^^^^^^^^^^^^^^^^^^^^^^^^^^^^^^^^^^^^^^^^^^^^^^^^^ help: consider comparing them within some margin of error: `(f32::from_be_bytes(b[4..8].try_into().unwrap()) - 1.0).abs() > error_margin`
   |
   = help: for further information visit https://rust-lang.github.io/rust-clippy/rust-1.98.0/index.html#float_cmp

warning: strict comparison of `f32` or `f64`
  --> crates/rrrah-decode/src/softimage.rs:40:12
   |
40 |         || ratio != 1.0
   |            ^^^^^^^^^^^^ help: consider comparing them within some margin of error: `(ratio - 1.0).abs() > error_margin`
   |
   = help: for further information visit https://rust-lang.github.io/rust-clippy/rust-1.98.0/index.html#float_cmp

warning: using `chunks_exact_mut` with a constant chunk size
  --> crates/rrrah-decode/src/softimage.rs:76:18
   |
76 |     for p in out.chunks_exact_mut(4) {
   |                  ^^^^^^^^^^^^^^^^^^^ help: consider using `as_chunks` instead: `as_chunks_mut::<4>().0`
   |
   = help: for further information visit https://rust-lang.github.io/rust-clippy/rust-1.98.0/index.html#chunks_exact_to_as_chunks

warning: `if` chain can be rewritten with `match`
  --> crates/rrrah-decode/src/softimage.rs:90:25
   |
90 | /                         if count < 128 {
91 | |                             (count as usize + 1, false)
92 | |                         } else if count == 128 {
93 | |                             let v = input.take(2)?;
...  |
96 | |                             (count as usize - 127, true)
97 | |                         }
   | |_________________________^ help: consider rewriting the `if` chain with `match`: `match count.cmp(&128) {...}`
   |
   = help: for further information visit https://rust-lang.github.io/rust-clippy/rust-1.98.0/index.html#comparison_chain
   = note: `-W clippy::comparison-chain` implied by `-W clippy::pedantic`
   = help: to override `-W clippy::pedantic` add `#[allow(clippy::comparison_chain)]`

warning: casting `usize` to `u32` may truncate the value on targets with 64-bit wide pointers
   --> crates/rrrah-decode/src/softimage.rs:132:9
    |
132 |         w as u32,
    |         ^^^^^^^^
    |
    = help: if this is intentional allow the lint with `#[allow(clippy::cast_possible_truncation)]` ...
    = help: for further information visit https://rust-lang.github.io/rust-clippy/rust-1.98.0/index.html#cast_possible_truncation
help: ... or use `try_from` and handle the error accordingly
    |
132 -         w as u32,
132 +         u32::try_from(w),
    |

warning: casting `usize` to `u32` may truncate the value on targets with 64-bit wide pointers
   --> crates/rrrah-decode/src/softimage.rs:133:9
    |
133 |         h as u32,
    |         ^^^^^^^^
    |
    = help: if this is intentional allow the lint with `#[allow(clippy::cast_possible_truncation)]` ...
    = help: for further information visit https://rust-lang.github.io/rust-clippy/rust-1.98.0/index.html#cast_possible_truncation
help: ... or use `try_from` and handle the error accordingly
    |
133 -         h as u32,
133 +         u32::try_from(h),
    |

warning: this function has too many lines (128/100)
  --> crates/rrrah-decode/src/sun.rs:15:1
   |
15 | pub(crate) fn decode(bytes: &[u8], request: &DecodeRequest) -> Result<DecodedRaster, RasterDecodeError> {
   | ^^^^^^^^^^^^^^^^^^^^^^^^^^^^^^^^^^^^^^^^^^^^^^^^^^^^^^^^^^^^^^^^^^^^^^^^^^^^^^^^^^^^^^^^^^^^^^^^^^^^^^^
   |
   = help: for further information visit https://rust-lang.github.io/rust-clippy/rust-1.98.0/index.html#too_many_lines

warning: manual implementation of `.is_multiple_of()`
  --> crates/rrrah-decode/src/sun.rs:34:39
   |
34 |         || map == 1 && map_len > 0 && map_len % 3 == 0 && map_len <= 768 && depth == 8)
   |                                       ^^^^^^^^^^^^^^^^ help: replace with: `map_len.is_multiple_of(3)`
   |
   = help: for further information visit https://rust-lang.github.io/rust-clippy/rust-1.98.0/index.html#manual_is_multiple_of

warning: manually reimplementing `div_ceil`
  --> crates/rrrah-decode/src/sun.rs:41:18
   |
41 |     let stride = ((u64::from(width) * u64::from(depth) + 15) / 16) * 2;
   |                  ^^^^^^^^^^^^^^^^^^^^^^^^^^^^^^^^^^^^^^^^^^^^^^^^^ help: consider using `.div_ceil()`: `(u64::from(width) * u64::from(depth)).div_ceil(16)`
   |
   = help: for further information visit https://rust-lang.github.io/rust-clippy/rust-1.98.0/index.html#manual_div_ceil
   = note: `-W clippy::manual-div-ceil` implied by `-W clippy::all`
   = help: to override `-W clippy::all` add `#[allow(clippy::manual_div_ceil)]`

warning: casting `u64` to `usize` may truncate the value on targets with 32-bit wide pointers
  --> crates/rrrah-decode/src/sun.rs:49:20
   |
49 |     let raw_size = raw_size as usize;
   |                    ^^^^^^^^^^^^^^^^^
   |
   = help: if this is intentional allow the lint with `#[allow(clippy::cast_possible_truncation)]` ...
   = help: for further information visit https://rust-lang.github.io/rust-clippy/rust-1.98.0/index.html#cast_possible_truncation
help: ... or use `try_from` and handle the error accordingly
   |
49 -     let raw_size = raw_size as usize;
49 +     let raw_size = usize::try_from(raw_size);
   |

warning: casting `u64` to `usize` may truncate the value on targets with 32-bit wide pointers
  --> crates/rrrah-decode/src/sun.rs:50:18
   |
50 |     let stride = stride as usize;
   |                  ^^^^^^^^^^^^^^^
   |
   = help: if this is intentional allow the lint with `#[allow(clippy::cast_possible_truncation)]` ...
   = help: for further information visit https://rust-lang.github.io/rust-clippy/rust-1.98.0/index.html#cast_possible_truncation
help: ... or use `try_from` and handle the error accordingly
   |
50 -     let stride = stride as usize;
50 +     let stride = usize::try_from(stride);
   |

warning: manual implementation of `.is_multiple_of()`
  --> crates/rrrah-decode/src/sun.rs:59:16
   |
59 |             if packets % 4096 == 0 {
   |                ^^^^^^^^^^^^^^^^^^^ help: replace with: `packets.is_multiple_of(4096)`
   |
   = help: for further information visit https://rust-lang.github.io/rust-clippy/rust-1.98.0/index.html#manual_is_multiple_of

warning: unnecessary `!=` operation
  --> crates/rrrah-decode/src/sun.rs:65:34
   |
65 |               let (count, value) = if first != 128 {
   |  __________________________________^
66 | |                 (1, first)
67 | |             } else {
68 | |                 let (&run, rest) = input
...  |
79 | |             };
   | |_____________^
   |
   = help: for further information visit https://rust-lang.github.io/rust-clippy/rust-1.98.0/index.html#if_not_else
help: try
   |
65 ~             let (count, value) = if first == 128 {
66 +                 let (&run, rest) = input
67 +                     .split_first()
68 +                     .ok_or_else(|| invalid("truncated RLE escape"))?;
69 +                 input = rest;
70 +                 if run == 0 {
71 +                     (1, 128)
72 +                 } else {
73 +                     let (&value, rest) = input.split_first().ok_or_else(|| invalid("truncated RLE run"))?;
74 +                     input = rest;
75 +                     (usize::from(run) + 1, value)
76 +                 }
77 +             } else {
78 +                 (1, first)
79 ~             };
   |

warning: casting `u64` to `usize` may truncate the value on targets with 32-bit wide pointers
  --> crates/rrrah-decode/src/sun.rs:97:28
   |
97 |         .try_reserve_exact(pixel_count as usize * 4)
   |                            ^^^^^^^^^^^^^^^^^^^^
   |
   = help: if this is intentional allow the lint with `#[allow(clippy::cast_possible_truncation)]` ...
   = help: for further information visit https://rust-lang.github.io/rust-clippy/rust-1.98.0/index.html#cast_possible_truncation
help: ... or use `try_from` and handle the error accordingly
   |
97 -         .try_reserve_exact(pixel_count as usize * 4)
97 +         .try_reserve_exact(usize::try_from(pixel_count) * 4)
   |

warning: this function has too many lines (138/100)
  --> crates/rrrah-decode/src/svg.rs:74:1
   |
74 | pub(crate) fn decode(bytes: &[u8], request: &DecodeRequest) -> Result<DecodedRaster, RasterDecodeError> {
   | ^^^^^^^^^^^^^^^^^^^^^^^^^^^^^^^^^^^^^^^^^^^^^^^^^^^^^^^^^^^^^^^^^^^^^^^^^^^^^^^^^^^^^^^^^^^^^^^^^^^^^^^
   |
   = help: for further information visit https://rust-lang.github.io/rust-clippy/rust-1.98.0/index.html#too_many_lines

warning: redundant closure
  --> crates/rrrah-decode/src/svg.rs:87:42
   |
87 |     for node in doc.descendants().filter(|n| n.is_element()) {
   |                                          ^^^^^^^^^^^^^^^^^^ help: replace the closure with the method itself: `resvg::usvg::roxmltree::Node::is_element`
   |
   = help: for further information visit https://rust-lang.github.io/rust-clippy/rust-1.98.0/index.html#redundant_closure_for_method_calls

warning: redundant closure
  --> crates/rrrah-decode/src/svg.rs:98:42
   |
98 |     for node in doc.descendants().filter(|n| n.is_element()) {
   |                                          ^^^^^^^^^^^^^^^^^^ help: replace the closure with the method itself: `resvg::usvg::roxmltree::Node::is_element`
   |
   = help: for further information visit https://rust-lang.github.io/rust-clippy/rust-1.98.0/index.html#redundant_closure_for_method_calls

warning: using `chunks_exact_mut` with a constant chunk size
   --> crates/rrrah-decode/src/svg.rs:188:30
    |
188 |     for (index, p) in pixels.chunks_exact_mut(4).enumerate() {
    |                              ^^^^^^^^^^^^^^^^^^^ help: consider using `as_chunks` instead: `as_chunks_mut::<4>().0.iter()`
    |
    = help: for further information visit https://rust-lang.github.io/rust-clippy/rust-1.98.0/index.html#chunks_exact_to_as_chunks

warning: manual checked division
   --> crates/rrrah-decode/src/svg.rs:193:12
    |
193 |         if alpha == 0 {
    |            ^^^^^^^^^^ check performed here
...
197 |                 *c = ((u32::from(*c) * 255 + alpha / 2) / alpha).min(255) as u8;
    |                      ------------------------------------------- division performed here
    |
    = help: consider using `checked_div`
    = help: for further information visit https://rust-lang.github.io/rust-clippy/rust-1.98.0/index.html#manual_checked_ops

warning: this function has too many lines (106/100)
  --> crates/rrrah-decode/src/wad.rs:17:1
   |
17 | pub(crate) fn decode(b: &[u8], request: &DecodeRequest) -> Result<DecodedRaster, RasterDecodeError> {
   | ^^^^^^^^^^^^^^^^^^^^^^^^^^^^^^^^^^^^^^^^^^^^^^^^^^^^^^^^^^^^^^^^^^^^^^^^^^^^^^^^^^^^^^^^^^^^^^^^^^^
   |
   = help: for further information visit https://rust-lang.github.io/rust-clippy/rust-1.98.0/index.html#too_many_lines

warning: adding items after statements is confusing, since items exist from the start of the scope
  --> crates/rrrah-decode/src/wad.rs:72:5
   |
72 | /     fn name(v: &[u8]) -> Option<&[u8]> {
73 | |         v.iter().position(|c| *c == 0).map(|n| &v[..n])
74 | |     }
   | |_____^
   |
   = help: for further information visit https://rust-lang.github.io/rust-clippy/rust-1.98.0/index.html#items_after_statements

warning: using `chunks_exact` with a constant chunk size
   --> crates/rrrah-decode/src/wal.rs:118:48
    |
118 |     for (index, rgb) in pcx[pcx.len() - 768..].chunks_exact(3).enumerate() {
    |                                                ^^^^^^^^^^^^^^^ help: consider using `as_chunks` instead: `as_chunks::<3>().0.iter()`
    |
    = help: for further information visit https://rust-lang.github.io/rust-clippy/rust-1.98.0/index.html#chunks_exact_to_as_chunks

warning: casting `u32` to `u16` may truncate the value
  --> crates/rrrah-decode/src/xpm.rs:24:22
   |
24 |             rgb[i] = ((value * 65535 + max / 2) / max) as u16;
   |                      ^^^^^^^^^^^^^^^^^^^^^^^^^^^^^^^^^^^^^^^^
   |
   = help: if this is intentional allow the lint with `#[allow(clippy::cast_possible_truncation)]` ...
   = help: for further information visit https://rust-lang.github.io/rust-clippy/rust-1.98.0/index.html#cast_possible_truncation
help: ... or use `try_from` and handle the error accordingly
   |
24 -             rgb[i] = ((value * 65535 + max / 2) / max) as u16;
24 +             rgb[i] = u16::try_from((value * 65535 + max / 2) / max);
   |

warning: an inclusive range would be more readable
   --> crates/rrrah-decode/src/xpm.rs:119:24
    |
119 |     for line in &lines[1..1 + colors] {
    |                        ^^^^^^^^^^^^^ help: use: `1..=colors`
    |
    = help: for further information visit https://rust-lang.github.io/rust-clippy/rust-1.98.0/index.html#range_plus_one

warning: missing `#[must_use]` attribute on a method returning `Self`
   --> crates/rrrah-decode/src/lib.rs:267:5
    |
267 | /     pub fn combine(&self, other: &Self) -> Self {
268 | |         let mut additional = self.additional.to_vec();
269 | |         for condition in std::iter::once((&other.generation, other.expected)).chain(
270 | |             other
...   |
290 | |     }
    | |_____^
    |
    = help: consider adding the `#[must_use]` attribute to the method or directly to the `Self` type
    = help: for further information visit https://rust-lang.github.io/rust-clippy/rust-1.98.0/index.html#return_self_not_must_use
    = note: `-W clippy::return-self-not-must-use` implied by `-W clippy::pedantic`
    = help: to override `-W clippy::pedantic` add `#[allow(clippy::return_self_not_must_use)]`

warning: `rrrah-decode` (lib) generated 1091 warnings (run `cargo clippy --fix --lib -p rrrah-decode -- ` to apply 424 suggestions)
warning: this function has too many lines (112/100)
    --> crates/rrrah-dedup/src/local_collection.rs:1028:1
     |
1028 | / fn scan_projective_collection_selected(
1029 | |     files: impl IntoIterator<Item = (u64, DecodeRequest)>,
1030 | |     config: ProjectiveCollectionPolicy,
1031 | |     spatial: Option<SpatialFeaturePolicy>,
...    |
1035 | |     cancel: impl Fn() -> bool,
1036 | | ) -> Result<LocalCollectionReport<crate::local_scan::ProjectiveFileEvidence>, ScanError> {
     | |________________________________________________________________________________________^
     |
     = help: for further information visit https://rust-lang.github.io/rust-clippy/rust-1.98.0/index.html#too_many_lines
     = note: `-W clippy::too-many-lines` implied by `-W clippy::pedantic`
     = help: to override `-W clippy::pedantic` add `#[allow(clippy::too_many_lines)]`

warning: this argument (680 byte) is passed by value, but might be more efficient if passed by reference (limit: 256 byte)
    --> crates/rrrah-dedup/src/local_collection.rs:1879:13
     |
1879 |     config: ProjectiveComplementaryCollectionPolicy,
     |             ^^^^^^^^^^^^^^^^^^^^^^^^^^^^^^^^^^^^^^^ help: consider passing by reference instead: `&ProjectiveComplementaryCollectionPolicy`
     |
     = help: for further information visit https://rust-lang.github.io/rust-clippy/rust-1.98.0/index.html#large_types_passed_by_value
     = note: `-W clippy::large-types-passed-by-value` implied by `-W clippy::pedantic`
     = help: to override `-W clippy::pedantic` add `#[allow(clippy::large_types_passed_by_value)]`

warning: this argument (272 byte) is passed by value, but might be more efficient if passed by reference (limit: 256 byte)
    --> crates/rrrah-dedup/src/local_scan.rs:2605:13
     |
2605 |     policy: ProjectivePyramidPhotometricFilePolicy,
     |             ^^^^^^^^^^^^^^^^^^^^^^^^^^^^^^^^^^^^^^ help: consider passing by reference instead: `&ProjectivePyramidPhotometricFilePolicy`
     |
     = help: for further information visit https://rust-lang.github.io/rust-clippy/rust-1.98.0/index.html#large_types_passed_by_value

warning: this argument (344 byte) is passed by value, but might be more efficient if passed by reference (limit: 256 byte)
    --> crates/rrrah-dedup/src/local_scan.rs:2719:13
     |
2719 |     policy: ProjectivePortfolioFilePolicy,
     |             ^^^^^^^^^^^^^^^^^^^^^^^^^^^^^ help: consider passing by reference instead: `&ProjectivePortfolioFilePolicy`
     |
     = help: for further information visit https://rust-lang.github.io/rust-clippy/rust-1.98.0/index.html#large_types_passed_by_value

warning: this argument (640 byte) is passed by value, but might be more efficient if passed by reference (limit: 256 byte)
    --> crates/rrrah-dedup/src/local_scan.rs:2888:13
     |
2888 |     policy: ProjectiveComplementaryFilePolicy,
     |             ^^^^^^^^^^^^^^^^^^^^^^^^^^^^^^^^^ help: consider passing by reference instead: `&ProjectiveComplementaryFilePolicy`
     |
     = help: for further information visit https://rust-lang.github.io/rust-clippy/rust-1.98.0/index.html#large_types_passed_by_value

warning: this function has too many lines (211/100)
    --> crates/rrrah-dedup/src/warp.rs:1701:1
     |
1701 | / fn refine_projective_pixels_selected(
1702 | |     source: &LinearRgbaView<'_>,
1703 | |     target: &LinearRgbaView<'_>,
1704 | |     initial: crate::geometry::ProjectiveTransform,
...    |
1708 | |     cancel: impl Fn() -> bool,
1709 | | ) -> Result<crate::geometry::ProjectiveTransform, WarpError> {
     | |____________________________________________________________^
     |
     = help: for further information visit https://rust-lang.github.io/rust-clippy/rust-1.98.0/index.html#too_many_lines

warning: `rrrah-dedup` (lib) generated 6 warnings
    Finished `dev` profile [optimized + debuginfo] target(s) in 7.14s
