// Exported using binary_to_compressed_c.cpp
static const unsigned int inter_medium_compressed_size = 195816;
static const unsigned int inter_medium_compressed_data[195816/4] =
{
    0x0000bc57, 0x00000000, 0x7c1d0400, 0x00000400, 0x544f6208, 0x0c004f54, 0x03008000, 0x46434000, 0x52022046, 0x000025bc, 0x0200cc6d, 0x44471301, 
    0x1b2f4645, 0x0200e72f, 0x0000e06e, 0x50470c04, 0xeb4c534f, 0x020094da, 0x0100ec72, 0x5347722d, 0x559b4255, 0x0300143b, 0x000060a0, 0x534f4a55, 
    0x1b2b322f, 0x00006aaf, 0x00003001, 0x6d636000, 0x79357061, 0x2d4f82ec, 0x00002008, 0x65688a65, 0x2d2d6461, 0x1b82c3cb, 0x0382cc20, 0x82683621, 
    0xc21e2310, 0x2f829e19, 0x0f820420, 0x6d682437, 0x00157874, 0x030099ec, 0x0000acf5, 0x616dce27, 0xf4097078, 0x211a8250, 0x04822801, 0x616e0638, 
    0x6bd6656d, 0x00007ef8, 0x00009001, 0x6f709006, 0x3dfe7473, 0xaf82da00, 0x00232f82, 0x82010020, 0x04032d25, 0x163a9ddd, 0x3c0f5f93, 0x0b1b00f5, 
    0x00251082, 0xbbf2dc00, 0x82088322, 0xf73b2807, 0x1c7cfcad, 0x82120c6a, 0x0006230f, 0x00850002, 0x00000130, 0x58fda80a, 0x801d0000, 0xd2f4adf7, 
    0x49846a1c, 0x05841b85, 0x00f30927, 0x09005000, 0x2c0c82f4, 0x011c0704, 0x000500f4, 0x06260700, 0x200f829a, 0x240785d3, 0xda00da03, 0x230f8203, 
    0x03060002, 0x022a1582, 0x00e00400, 0x0052ff0a, 0x0d82ffa1, 0x03822120, 0x5352002a, 0xc000534d, 0xffff2000, 0x0a236b85, 0x82a802a8, 0x839f20c9, 
    0x0006231b, 0x00820008, 0x0c002022, 0x1f280582, 0x03007a01, 0x09040100, 0x54200b82, 0x0b850382, 0x18000124, 0x17865400, 0x0e000224, 0x0b866c00, 
    0x36000323, 0x202f8700, 0x20238a04, 0x20178205, 0x202386b0, 0x20178206, 0x200b86e6, 0x20458207, 0x240b86fe, 0x01080008, 0x240b8652, 0x01200009, 
    0x200b865a, 0x870b820b, 0x8a0c2053, 0x010d240b, 0x869a0120, 0x000e2423, 0x86ba0234, 0x0010240b, 0x86ee020a, 0x0011240b, 0x85f8020c, 0x0001250b, 
    0x04031600, 0x01240b86, 0x1a031c00, 0x02240b86, 0x36033a00, 0x03240b86, 0x70034600, 0x04240b86, 0xb6031a00, 0x05240b86, 0xd0031200, 0x06240b86, 
    0xe2031000, 0x07200b86, 0xf2201782, 0x08230b86, 0x87042c00, 0x0009245f, 0x86300424, 0x000a2317, 0x2b410432, 0x0b012506, 0x86042e00, 0x0c241786, 
    0xb4041c00, 0x0d230b86, 0x87042800, 0x000e3a5f, 0x00f8041e, 0x006f0043, 0x00790070, 0x00690072, 0x00680067, 0x00200074, 0x230382a9, 0x00300032, 
    0x20220383, 0x15825400, 0x11826520, 0x6e004922, 0x65201d82, 0x20222982, 0x05825000, 0x6a006f26, 0x63006500, 0x41223184, 0x07827500, 0x4b826820, 
    0x73007223, 0x20298b00, 0x2023824d, 0x245b8264, 0x006d0075, 0x200b8252, 0x22298267, 0x8261006c, 0x2125893f, 0x258b002d, 0x77843a20, 0x31003224, 
    0x83823a00, 0x35006122, 0x30220982, 0x3b823600, 0x62003024, 0x07825600, 0x69206383, 0x6e206b82, 0x33229582, 0x25822e00, 0x39003124, 0xbf823b00, 
    0x85826920, 0x35922d20, 0x17896b97, 0x55002022, 0x2020b782, 0x6e229982, 0xed8e6400, 0xd3826920, 0x20201983, 0x72205d82, 0x64202182, 0x6d208382, 
    0x6b20c384, 0x6f222982, 0x05826600, 0x6d209383, 0x2e202782, 0x7321d982, 0x20098300, 0x83218252, 0x84752009, 0x0041213d, 0x65205783, 0x73201d84, 
    0x6820bb84, 0x74224d82, 0x1d827000, 0x2f003a22, 0x41890182, 0x5f826d20, 0x54002f25, 0x85006800, 0x84462079, 0x8274202f, 0x82532065, 0x82662009, 
    0x84772037, 0x8265207d, 0x20218511, 0x2029826c, 0x20358263, 0x204d826e, 0x20bf8465, 0x836f8875, 0x826820b5, 0x0020221b, 0x20e18253, 0x2033824c, 
    0x2075824f, 0x211f8265, 0x59890020, 0x418c4c20, 0x25822c20, 0x230f6941, 0x002e0031, 0x11420383, 0x20779305, 0x22af8620, 0x82760061, 0x0069229f, 
    0x2005826c, 0x83058262, 0x827720a7, 0x8274201b, 0x054741d1, 0x41004624, 0x63825100, 0xcb826120, 0x07823a20, 0x41070b41, 0x73280509, 0x72006300, 
    0x70006900, 0x73201d82, 0x73207582, 0x6c200b82, 0x6f200782, 0x67241582, 0x4f002f00, 0x4c20b782, 0x74204b82, 0x70211f82, 0x4133ab00, 0x714209ef, 
    0x090f410b, 0x69826420, 0xa9846720, 0x44007322, 0x6124cd84, 0x62006d00, 0x75201584, 0x7420cd82, 0x6f220982, 0x87826e00, 0xa3822020, 0x07827520, 
    0x65007624, 0xc1827300, 0x15826920, 0x6f007422, 0x72200982, 0x7d410582, 0x82202005, 0x84652013, 0x8268203b, 0x9dbd8343, 0x00202155, 0x22072541, 
    0x8275006f, 0x822020db, 0x826c2059, 0x82732075, 0x05d541eb, 0x6d827a20, 0x41225f83, 0x8b436c00, 0x826e2006, 0x8274201f, 0x82202015, 0x826e2075, 
    0x20cb8907, 0x21878466, 0x11890072, 0x8b827320, 0x0f8a7820, 0x0f826e20, 0x4c203383, 0x77202982, 0x2d205984, 0x6120d582, 0x65207582, 0x4c20c782, 
    0xb5410382, 0x82742009, 0x82692067, 0x8c722075, 0x82632015, 0x007222a7, 0x203b8276, 0x87178264, 0x209d9323, 0x205f8447, 0x2045826d, 0x2029826e, 
    0x209b8464, 0x061b4262, 0x55007324, 0x01827000, 0x72006523, 0x20818b00, 0x206b8c69, 0x24418473, 0x00660069, 0x20378246, 0x20ff8261, 0x2003822d, 
    0x2037826f, 0x20078220, 0x203b8268, 0x20218265, 0x20618243, 0x200f8270, 0x20038269, 0x22278261, 0x8e470020, 0x84702045, 0x845320b3, 0x846720fb, 
    0x822d2081, 0x827420f1, 0x82722091, 0x8279203f, 0x0061242d, 0x82040000, 0x82032003, 0x82242003, 0x250b8203, 0x03009214, 0x0f840100, 0x0a00032e, 
    0x92140000, 0x6e140400, 0x64010000, 0x8c091482, 0x00640007, 0x0148017e, 0x02ef02c3, 0x031e03ff, 0x035f0350, 0x03730361, 0x037f0377, 0x038c038a, 
    0x04e103a1, 0x05ff049d, 0x1d3f0e2f, 0x1d491d43, 0x1d501d4d, 0x1d581d52, 0x1d651d5b, 0x1da01d9c, 0x1ff51dbb, 0x1f151f0f, 0x1f271f1d, 0x1f451f3f, 
    0x1f571f4d, 0x1f5b1f59, 0x1f7d1f5d, 0x1faf1f87, 0x1fc41fb4, 0x1fdb1fd3, 0x1ff41fef, 0x200b20fe, 0x205f2027, 0x20792071, 0x2089207f, 0x209c208e, 
    0x20de20bf, 0x21f020e8, 0x21032101, 0x21092106, 0x21172113, 0x21262123, 0x212e212b, 0x213b2132, 0x214f214d, 0x217b2153, 0x21992188, 0x21b121aa, 
    0x21bb21b5, 0x21d221d0, 0x21df21d4, 0x21e721e5, 0x220222ea, 0x220f2206, 0x221a2212, 0x222b221e, 0x22602248, 0x23032365, 0x23182305, 0x232b2327, 
    0x23872380, 0x24cf238b, 0x24682423, 0x25ea24cf, 0x25aa25a2, 0x25b725b3, 0x25c125bd, 0x25cb25c7, 0x25e625cf, 0x260026ef, 0x263c2606, 0x26652661, 
    0x271327a0, 0x27562717, 0x27882764, 0x2bfa27ef, 0x2b132b06, 0x2c7c2c1c, 0x2eff2d7f, 0xa79fa618, 0xe02ea9ff, 0xe00be000, 0xe04ae02b, 0xe05ce04f, 
    0xe069e060, 0xe080e06a, 0xe0b3e096, 0xe0e5e0bd, 0xe11ce1e6, 0xe137e12a, 0xe15ee13d, 0xf605ee64, 0xfe2dfec3, 0x00ffffff, 0x00200000, 0x014a01a0, 
    0x03f002c5, 0x03210300, 0x03600351, 0x03740362, 0x0384037a, 0x038e038c, 0x04f003a3, 0x066541a0, 0x4d1d472c, 0x521d4f1d, 0x5b1d561d, 0x6541621d, 
    0x1dbf3006, 0x1f101ffc, 0x1f201f18, 0x1f401f28, 0x41501f48, 0x3e080665, 0x1f801f5f, 0x1fb01f88, 0x1fc61fb6, 0x1fdd1fd6, 0x20f61ff2, 0x20102000, 
    0x2070202f, 0x207a2074, 0x208a2080, 0x20a02090, 0x20e820db, 0x210021f0, 0x21052103, 0x21132109, 0x211e2116, 0x412a2126, 0x5a2c0c65, 0x90217c21, 
    0xb021a921, 0xba21b321, 0x22066541, 0x41e421de, 0x05240665, 0x11220f22, 0x200a6541, 0x06654164, 0x65412520, 0x24ce3808, 0x24602423, 0x25ea24b6, 
    0x25aa25a0, 0x25b625b2, 0x25c025ba, 0x41ca25c4, 0x05200865, 0x28106541, 0x27ef2780, 0x2b062bf5, 0x12654112, 0xe0022c08, 0xe02ce00c, 0xe050e04b, 
    0xe061e05d, 0xe06be06a, 0xe0a5e093, 0xe0bee0b4, 0xe1f3e0e6, 0xe12be11e, 0xe13ee138, 0xf601ee5f, 0x4120fec3, 0x00200665, 0x05210083, 0x240584fa, 
    0x050000b2, 0x230983b0, 0xdafd0000, 0x002b0785, 0xf69aff00, 0x0087e8ce, 0x8283e800, 0x82862003, 0x82842003, 0x30200803, 0x28e82fe8, 0x000080eb, 
    0x65e13ce5, 0x000036e5, 0x1fe2eee3, 0x8be23de5, 0x89e28ae2, 0xb3e40000, 0x8b200382, 0xe4254187, 0xe60000bf, 0x210d8596, 0x338274e5, 0x0b858f20, 
    0xe8000029, 0xe5cde8d4, 0x82a0e563, 0xe79b2213, 0x2f158347, 0x7be5bde2, 0x5adf7ae5, 0x13e57ce4, 0x01e56fe8, 0x43202382, 0x15221d82, 0x05824ee5, 
    0xdce43b30, 0xe5e4dfe4, 0x1de525e5, 0x03e505e5, 0x7782c1e3, 0x0382b620, 0xa4e3ad30, 0x52e39be3, 0x2de334e3, 0xebe3ece3, 0x1382d6e3, 0x71e3cc34, 
    0x69e36ce3, 0x8ce40000, 0x53e2c4e2, 0x3be139e2, 0x6183b4df, 0x3f080387, 0x73df0ae1, 0xe5e016e1, 0xa8e0e4e0, 0x82e085e0, 0xbbdf38e0, 0x8bdfb8df, 
    0xa4df84df, 0x0000dde1, 0xccdbe5db, 0x82d9eadb, 0xcedb78d5, 0x2f6323d7, 0xa260d061, 0x9520e326, 0xf421dd20, 0x92220000, 0xf92e0382, 0xb0240923, 
    0x0000f124, 0x6d256c25, 0x59838a25, 0x26022625, 0x83202606, 0xb50f3909, 0xf20ab10b, 0x64010100, 0x70032002, 0x00006204, 0xf006b406, 0x4c070000, 
    0x07230383, 0x825c0752, 0x07662507, 0x0908088c, 0x31831b82, 0x001a0a25, 0x861c0a00, 0x831e2003, 0x21038311, 0x05831c0a, 0x0c000023, 0x8507853c, 
    0x5e0c2505, 0x980c0000, 0xe42a0382, 0x1a0d000d, 0x0000240d, 0x0382460d, 0x820d5424, 0x0782e20d, 0xea260383, 0x0a0ef20d, 0x2f85480e, 0x0e000022, 
    0x05821f82, 0x07854420, 0x07831587, 0x00400e25, 0x84800e00, 0x838e2009, 0x83038d05, 0x8e1d8519, 0x87702017, 0x6c0e210f, 0x07830987, 0x0e620e2b, 
    0x0e660e64, 0x0e6e0e6c, 0x990f8374, 0x580e2103, 0x00201b99, 0x0e21af84, 0x2121874c, 0x09854a0e, 0x0e600e23, 0x220986b2, 0x85ce0ec4, 0xf70d0709, 
    0x92060000, 0x6e053205, 0xef044c05, 0x31055d06, 0x3c056d05, 0xae053d05, 0x7c059505, 0x7d055205, 0x0f054e05, 0x11051005, 0x14051305, 0x17051505, 
    0x19051805, 0x80051a05, 0x8f058305, 0x90059305, 0x44053605, 0x41000200, 0x54004900, 0x89005f00, 0xa1008d00, 0x0901c500, 0x18010e01, 0x2b012301, 
    0x76014001, 0x7e017d01, 0x99018b01, 0xc501a501, 0xcf01c801, 0xed01d501, 0x51053e05, 0xad054005, 0x6706aa05, 0x3f02f801, 0x52024602, 0x85026402, 
    0x94028a02, 0xc302a702, 0xd302cb02, 0xf702f002, 0x3b030703, 0x45034103, 0x75036303, 0xa5038403, 0xb203a903, 0xce03b703, 0x4f054205, 0x9b054305, 
    0x34059306, 0xf204f004, 0xf1044d05, 0xc1055005, 0xb1056906, 0x8d05bb05, 0x5305a905, 0x6e06b005, 0x9905ba05, 0xe705e605, 0x88036506, 0x8805bf05, 
    0xe5057606, 0x8e05bc05, 0x53065506, 0x39055606, 0x06000500, 0x04000700, 0x08000300, 0x4b003d00, 0x61006000, 0x63006200, 0xcb00ca00, 0xc600cc00, 
    0x2c018c07, 0x46014501, 0x42014701, 0x97054101, 0xa7014301, 0xa901a801, 0xd701aa01, 0x7203da03, 0xf9010d02, 0x17020102, 0x13020802, 0x4a021c02, 
    0x68026702, 0x65026902, 0xb002af02, 0xa902b102, 0xf8022604, 0x0d030c03, 0x09030e03, 0x98050803, 0x8a030a03, 0x8c038b03, 0xbb038503, 0xb8032704, 
    0x10020b00, 0xfa010c00, 0x11020d00, 0x4b024c00, 0x4c024d00, 0x4d024e00, 0x4e024f00, 0x58025600, 0x53028407, 0x6a026400, 0x6b026500, 0x6c026600, 
    0x6d026700, 0x6e026800, 0x8d029000, 0x8e029100, 0x8f029200, 0x90029300, 0x9f02a300, 0x9e02a900, 0xab02cd00, 0xb202ce00, 0xb302cf00, 0xb502d000, 
    0xa802d100, 0xc2029307, 0xc6020a01, 0xcd020f01, 0x19014b08, 0x1a01db02, 0x1b01dc02, 0x9a07dd02, 0x2001da02, 0x2d01d402, 0x2e01fe02, 0x2f01ff02, 
    0x36010003, 0x4801fa02, 0x49010f03, 0x4a011003, 0x75011103, 0x7f013903, 0x80014d03, 0x81014e03, 0x8c014f03, 0x8d016603, 0x8e016703, 0x8f016803, 
    0x9a016903, 0x9b017c03, 0xac077d03, 0xab017b03, 0xac018603, 0xad018d03, 0xae018e03, 0xaf018f03, 0xb0019003, 0xc9019103, 0xd801ac03, 0xd901bc03, 
    0xd303ee01, 0xd403ef01, 0xd503f001, 0x40025808, 0x7f074600, 0xae074102, 0x5200cd08, 0x48024a00, 0x55005c00, 0x56028607, 0x7a000708, 0x8907a907, 
    0xf3048a00, 0xfc038f00, 0xd7009a02, 0x1601c800, 0xd502cc02, 0x64085208, 0xfd023501, 0x44017201, 0x9f070b03, 0x7a016d08, 0xb3073d03, 0x71039701, 
    0x1d088b07, 0xa1017603, 0xa201ba08, 0x8703a601, 0xb207f803, 0xb903d601, 0xcf03f501, 0x8f078d07, 0x25082408, 0x16051205, 0x3308cc08, 0x7d08e709, 
    0x7f087e08, 0x5e002008, 0x99076002, 0xca022201, 0x3f019c07, 0x0e000603, 0xd2000002, 0x4b01b602, 0xb1011203, 0xb2019203, 0xb3019303, 0xb4019403, 
    0xb5019503, 0x83029603, 0x09020f00, 0x0c021000, 0x1d023e00, 0x8c028e00, 0x91029400, 0xce021001, 0x13034c01, 0x14034d01, 0x22088e07, 0x8307c702, 
    0x5e025d00, 0x92029500, 0xd508ae00, 0x01033001, 0x14020900, 0x1e023f00, 0x2b036401, 0x07021100, 0x0f021200, 0x6f026900, 0x70026a00, 0xb702d300, 
    0xb802d400, 0x15034e01, 0x16034f01, 0x50038201, 0x51038301, 0x9703b601, 0x9803b701, 0x6a039001, 0x7e039c01, 0xd708d608, 0xa002a400, 0x5702d808, 
    0xda08d908, 0xd003f401, 0x0a021300, 0x71026b00, 0x17035001, 0x18035101, 0x19035201, 0x1a035301, 0xbd03da01, 0xfb02d902, 0xbc027803, 0xdc08db08, 
    0x51002e00, 0x21014702, 0x6503a301, 0xdd08d103, 0x4500de08, 0xdf08c401, 0x66027900, 0xbe020b01, 0x43034403, 0x47038a01, 0xba03e001, 0xd5071802, 
    0x4202d707, 0x49027408, 0x55025402, 0xa5081908, 0x4804a808, 0x4b044904, 0xbd024a04, 0x2e088b02, 0xb6049107, 0x9b02d907, 0x99029802, 0x6d04ae02, 
    0xd6029407, 0xd702d802, 0xf2025b08, 0xf102f302, 0xf902fc02, 0x36039d07, 0x6e089e07, 0x48037c08, 0x4903a208, 0x57035903, 0x4a034b03, 0xa607a507, 
    0x1b086403, 0x1e084808, 0x7a031c08, 0x89037703, 0xe609df09, 0xab03a603, 0xb507c903, 0xd903d203, 0x23082108, 0x39083108, 0x00083508, 0xe108a706, 
    0x92074704, 0xc502e208, 0x9b07d202, 0x32084203, 0x5f023408, 0x61026202, 0xb808cf08, 0x89027903, 0xe3082608, 0x2708e408, 0x9d029c02, 0x3d08d105, 
    0xdb05d305, 0x2808a308, 0xe005a707, 0x7a05e205, 0xfd077b05, 0xfb076c05, 0x8c088e08, 0x38083608, 0xd307d107, 0xd007d407, 0x74066b06, 0x29085408, 
    0x2c08aa08, 0x6208e509, 0xc1073b08, 0xf507f607, 0x8d088f08, 0x1408e009, 0x65088108, 0x71066f06, 0x77067206, 0x66066c06, 0x84088a08, 0xd5052d08, 
    0xe105dc05, 0xc7083708, 0xcb08c908, 0xc808ca08, 0xe708e608, 0xe908e808, 0x59080608, 0x79067b06, 0x84068206, 0x78087d06, 0x85067f06, 0x81067e06, 
    0x7a068606, 0x56088306, 0x7c065508, 0x8006e507, 0xf707fe07, 0xf807fc07, 0xc3073c08, 0xb408b308, 0x8706ce07, 0xb5089008, 0x3e08b208, 0x8c063f08, 
    0x8f068e06, 0x89068d06, 0x57088806, 0xcf07e407, 0x8a06e807, 0xe1078b06, 0x63089106, 0xd3089006, 0xdb07c408, 0xae08da07, 0x9108ad08, 0xb008e307, 
    0xe809a908, 0x7708c508, 0xc2073a08, 0x50087b08, 0x46080808, 0x1808fa08, 0xfc08fb08, 0xfe08fd08, 0x0009ff08, 0x02090109, 0xc108d207, 0x6908e007, 
    0x3d016a08, 0xea092409, 0x26092509, 0x8a052709, 0x68060c01, 0x22007506, 0x7c008905, 0xd900b000, 0xe503e201, 0x21006e04, 0xdb034800, 0x7b00dc03, 
    0xaf00f601, 0xd800dd03, 0x3c001701, 0x3e012801, 0x6501de03, 0x7b01df03, 0xa401e003, 0xe103e101, 0xe203d401, 0xda00e303, 0x2904e301, 0x55044604, 
    0x8a046f04, 0x42042804, 0x44044304, 0x53044504, 0x6c045404, 0x49086d04, 0x66087f04, 0x80046808, 0x81042c03, 0x86048204, 0x88048704, 0x9b048904, 
    0x9d04b603, 0x70049e04, 0x2d038b04, 0x9f048c04, 0xdc072809, 0xf903b908, 0xfb03fa03, 0x80089c04, 0x2a092909, 0xab072b09, 0x8507b108, 0x96071108, 
    0xa8074d08, 0x4a08a408, 0x50028908, 0x6e01c802, 0x2d092c09, 0x2f092e09, 0x29015300, 0x85043009, 0x32093109, 0x86003309, 0x25048700, 0x1f04ca07, 
    0xe7009601, 0x0d01e800, 0x19041804, 0xcb071204, 0xcc073801, 0x30000904, 0x4700fd03, 0x0004c407, 0x01048500, 0x37010304, 0x04043901, 0x2a010704, 
    0x7001bb00, 0xc607c507, 0xc807c707, 0x0b040a04, 0x0c04c907, 0x13040e04, 0x15041404, 0x17041604, 0x1b041a04, 0x19021c04, 0xb804b704, 0xbc04b904, 
    0xbd047f02, 0xc004bf04, 0xc2044408, 0xca04c704, 0x3703cc04, 0x4003d104, 0xd2045102, 0xd304c403, 0xd604b503, 0xdb04d804, 0xde04dc04, 0xdd04df04, 
    0xe504e404, 0x8002e604, 0x97028102, 0xe9043008, 0xc0027003, 0xc902c102, 0xe304e204, 0x4c089602, 0xc5033409, 0xa007d704, 0xcd076f08, 0x8707e104, 
    0xb8071608, 0xb907ed09, 0xb607ee09, 0xb707eb09, 0x9807ec09, 0xa4075108, 0x08048208, 0x24043503, 0x9507ee04, 0xaf074708, 0xa1073a03, 0xa2077008, 
    0xa3077108, 0x97077508, 0xbb084e08, 0x7908c608, 0x83080508, 0x36093509, 0x3c013709, 0x3809c104, 0x7901e004, 0xfe033c03, 0x9007ba04, 0x1d042f08, 
    0x0204e704, 0xba07be04, 0x1501ef09, 0x0504c404, 0x1401c504, 0xab00c604, 0xad00cd04, 0x1e04ce04, 0x2004e804, 0x8a07ea04, 0xad071a08, 0xb007b608, 
    0xb107e109, 0xd201e209, 0x0d04d504, 0x0f04eb04, 0x1004d904, 0x1104da04, 0x2104a602, 0x8007ec04, 0x7a08ee07, 0xf209bc07, 0xc3040604, 0xc8048807, 
    0xcf04aa00, 0xd004ac00, 0xf0078207, 0xcb042701, 0x3100ef02, 0x32001a02, 0x40001b02, 0x88001f02, 0x22048202, 0xaa07a608, 0xbd07a708, 0xbb07f309, 
    0x2304f009, 0x3a01ed04, 0x3b014508, 0x71014308, 0x73013803, 0x74016b08, 0x39096c08, 0xca033a09, 0xcb03c603, 0xcc03c703, 0x8107c803, 0x3b09ef07, 
    0xb4073c09, 0xff03e909, 0xd301bb04, 0x3d09d404, 0xcb053e09, 0xce05cd05, 0xd605d405, 0xdd05d905, 0xfd05de05, 0x09060606, 0x76090a06, 0x78097709, 
    0x14007909, 0x42001602, 0x43004302, 0x44004402, 0x50004502, 0x57004f02, 0x58005902, 0x59005a02, 0x5a005b02, 0x5b005c02, 0x6c005d02, 0x6d007202, 
    0x6e007302, 0x6f007402, 0x70007502, 0x8b007602, 0x96008802, 0xa5009302, 0xa600a102, 0xa700a202, 0xa200a302, 0xa8009502, 0xc900a402, 0xc700ac02, 
    0x1101aa02, 0x1201cf02, 0x1301d002, 0x1c01d102, 0x1d01de02, 0x1e01df02, 0x1f01e002, 0x2401e102, 0x2501f402, 0x2601f502, 0x3101f602, 0x32010203, 
    0x33010303, 0x34010403, 0x54010503, 0x55011b03, 0x56011c03, 0x57011d03, 0x77011e03, 0x78013e03, 0x84013f03, 0x85015203, 0x86015303, 0x87015403, 
    0x91015503, 0x92016b03, 0x93016c03, 0x94016d03, 0x95016e03, 0x9d016f03, 0x9e017f03, 0x9f018003, 0xa0018103, 0xb8018203, 0xb9019903, 0xba019a03, 
    0xbb019b03, 0xbc019c03, 0xc6019d03, 0xc701a703, 0xca01a803, 0xcb01ad03, 0xcc01ae03, 0xcd01aa03, 0xce01af03, 0xd001b003, 0xd101b303, 0xdb01b403, 
    0xf101be03, 0xf201d603, 0xf301d703, 0xa502d803, 0xb1038303, 0x1202bf03, 0x86028702, 0x98017a09, 0x15007b09, 0x16000b02, 0x17000e02, 0x18000202, 
    0x19000402, 0x1a000502, 0x1b000602, 0x1c000302, 0x1d00fb01, 0x1e00fd01, 0x1f00fe01, 0x2000ff01, 0x7100fc01, 0x72007702, 0x73007802, 0x74007902, 
    0x75007a02, 0x76007b02, 0x77007c02, 0x78007d02, 0xd5007e02, 0xd600b902, 0x5801ba02, 0x59011f03, 0x5a012003, 0x5b012103, 0x5c012203, 0x5d012303, 
    0x5e012403, 0x5f012503, 0x60012603, 0x61012703, 0x62012803, 0x63012903, 0xbd012a03, 0xbe019e03, 0xbf019f03, 0xc001a003, 0xc101a103, 0xc201a203, 
    0xc301a303, 0xdc01a403, 0xdd01c003, 0xde01c103, 0xdf01c203, 0x7c09c303, 0x7e097d09, 0x80097f09, 0x2a048109, 0x2c042b04, 0x2e042d04, 0x30042f04, 
    0x23003104, 0x25002400, 0x27002600, 0x29002800, 0xb1002a00, 0xb300b200, 0xb500b400, 0xb700b600, 0x7104b800, 0x73047204, 0x75047404, 0x77047604, 
    0xdb007804, 0xdd00dc00, 0xdf00de00, 0xe100e000, 0xe701e200, 0xa104a004, 0xa304a204, 0xa504a404, 0xa704a604, 0xe703e603, 0xe903e803, 0xeb03ea03, 
    0xed03ec03, 0x82093204, 0x83095204, 0x84095e04, 0x85097904, 0x86093403, 0x87099504, 0x8809a804, 0x34003300, 0x36003500, 0x38003700, 0x3a003900, 
    0x60045f04, 0x62046104, 0x64046304, 0x66046504, 0xbd00bc00, 0xbf00be00, 0xc100c000, 0xc300c200, 0xaa04a904, 0xac04ab04, 0xae04ad04, 0xb004af04, 
    0xf003ef03, 0xf203f103, 0xf403f303, 0xf603f503, 0x41044004, 0x2c002b00, 0x2f002d00, 0x89093b00, 0x8b098a09, 0x8d098c09, 0x68046704, 0x6a046904, 
    0x83006b04, 0xb9008400, 0xc400ba00, 0x90098e09, 0x7a049209, 0x7c047b04, 0x7d049409, 0xe3007e04, 0xe500e400, 0x9509e600, 0x99099709, 0x97049604, 
    0x9b099804, 0x84048304, 0x9a049904, 0xe901e801, 0xeb01ea01, 0x9c097c01, 0x9e099d09, 0xb504b404, 0x6f016d01, 0xe403ee03, 0xa009f703, 0x4008a209, 
    0x55054208, 0x56055405, 0xe4095705, 0x6a05d208, 0x72056b05, 0x6f058608, 0x71057005, 0xab058508, 0x5805ac05, 0x72085b05, 0x7e057f05, 0x94064108, 
    0x5f065e06, 0x74057305, 0x77057505, 0x79057805, 0x8b05e607, 0x87088c05, 0x3a053305, 0xd4087608, 0xe707ed07, 0x5a05d807, 0x3f052a06, 0x37054105, 
    0x35053805, 0xc005a409, 0x5d055c05, 0x8808a509, 0xa709a609, 0xa909a809, 0xab09aa09, 0x7605ac09, 0xae09ad09, 0xb009af09, 0xb209b109, 0x9506b309, 
    0xd205e405, 0xf305f205, 0xee05f405, 0xd705ef05, 0x1e061d06, 0x19061f06, 0xf5051a06, 0x0306f905, 0xb5090c06, 0xff05fc05, 0x01060006, 0x04060206, 
    0x08060706, 0x02051f08, 0x0c050405, 0x0705fd04, 0xf9040005, 0xfc040a05, 0x63020805, 0xfb04f604, 0x06050505, 0xfa04b609, 0xfe040105, 0x0305ff04, 
    0xb809b709, 0xf704f804, 0xb909f404, 0xf5040905, 0x0e050b05, 0xbb09ba09, 0x08070707, 0x61066206, 0xb305a206, 0x88018901, 0xb605b505, 0xe309b405, 
    0x5a065706, 0x5b065c06, 0x58065906, 0xa1089a08, 0x97089f08, 0x9c089508, 0x92089b08, 0x9d089908, 0xa0089308, 0x98089408, 0x9e089608, 0xd1087308, 
    0x2b08bc08, 0xac082a08, 0x1508ab08, 0xb7086708, 0xd0081708, 0xbb06a906, 0xbc06ae06, 0xbd06b706, 0xb406b306, 0xb606b506, 0x0007fd06, 0xc805fc06, 
    0xc405dc03, 0xf2069605, 0xf906f806, 0xfa06fb06, 0xd506d106, 0xd706d306, 0xd0260384, 0xd206d406, 0x0384d606, 0x06e0c908, 0x06c905e2, 0x06aa06da, 
    0x06b806af, 0x06b206ad, 0x02ad02ba, 0x02bb02b4, 0x03c402bf, 0x034c0346, 0x05580356, 0x05be05bd, 0x05f105f0, 0x05f705f6, 0x05fa05f8, 0x060506fb, 
    0x060d060b, 0x061b060e, 0x09e0081c, 0x08e508b4, 0x0860085c, 0x0961085d, 0x098f09a3, 0x09910996, 0x09930998, 0x099f099a, 0x07ff07a1, 0x08c008c0, 
    0x07ea070a, 0x07ec07eb, 0x080208d6, 0x08100813, 0x0853080e, 0x085f08c3, 0x080c08bd, 0x078b0801, 0x080b08f2, 0x07e9070f, 0x07bf07dd, 0x07bf08de, 
    0x08e207f3, 0x08120809, 0x080d085e, 0x07f407c2, 0x08fa07df, 0x07be08ce, 0x073b073a, 0x053d073c, 0x05f107da, 0x010a0082, 0x031502ec, 0x000c00cd, 
    0x50210082, 0x820482f8, 0xbe062102, 0x20200482, 0x06210385, 0x20078292, 0x21038521, 0x07823205, 0x03852220, 0x826e0521, 0x85232007, 0x4c052103, 
    0x24200782, 0x04210385, 0x200782ef, 0x21038525, 0x07825d06, 0x03852620, 0x82310521, 0x85272007, 0x6d052103, 0x28200782, 0x29240382, 0x3c050000, 
    0x2a200782, 0x05210385, 0x200782ae, 0x2103852b, 0x07829505, 0x03852c20, 0x827c0521, 0x852d2007, 0x52052103, 0x2e200782, 0x05210385, 0x2007827d, 
    0x2103852f, 0x07824e05, 0x03823020, 0x53823220, 0x07820f20, 0x03823320, 0x0b823520, 0x07821320, 0x03823620, 0x0b823920, 0x07821720, 0x03853a20, 
    0x82800521, 0x853b2007, 0x83052103, 0x87830782, 0x05210382, 0x200b828f, 0x2103853d, 0x07829305, 0x03853e20, 0x82900521, 0x853f2007, 0x83052003, 
    0x8240204f, 0x2103820b, 0x07824405, 0x03864120, 0x00000224, 0x03864200, 0x43201383, 0x03830b82, 0x07824920, 0x03832783, 0x0b825420, 0x03864520, 
    0x07825f20, 0x03864620, 0x07828920, 0x03864720, 0x07828d20, 0x03864820, 0x0782a120, 0x03833f83, 0x0b82c520, 0x03854a20, 0x82090121, 0x854b2007, 
    0x0e012103, 0x4c200782, 0x01210385, 0x20078218, 0x2103854d, 0x07822301, 0x03854e20, 0x822b0121, 0x854f2007, 0x40012103, 0x50200782, 0x01210385, 
    0x20078276, 0x24038251, 0x01000052, 0x2007827d, 0x21038553, 0x07828b01, 0x0382ab83, 0x82990121, 0x8555200b, 0xa5012103, 0x56200782, 0x01200385, 
    0x57208f83, 0x03820b82, 0x82c80121, 0x85582007, 0xcf012103, 0x59200782, 0x01210385, 0x200782d5, 0x2103855a, 0x0782ed01, 0x03855b20, 0x823e0521, 
    0x855c2007, 0x51052103, 0x5d200782, 0x05200385, 0x5e209b83, 0x03820b82, 0x82ad0521, 0x855f2007, 0xaa052103, 0x60200782, 0x06210385, 0x20078267, 
    0x21038561, 0x0782f801, 0x03856220, 0x823f0221, 0x85632007, 0x46022103, 0x64200782, 0x02200385, 0x0021db82, 0x820b8265, 0x83022003, 0x82662013, 
    0x2103820b, 0x07828502, 0x03856720, 0x828a0221, 0x85682007, 0x94022103, 0x69200782, 0x02210385, 0x200782a7, 0x2103856a, 0x0782c302, 0x03856b20, 
    0x82cb0221, 0x856c2007, 0xd3022103, 0x6d200782, 0x02210385, 0x200782f0, 0x2103856e, 0x0782f702, 0x03856f20, 0x82070321, 0x85702007, 0x3b032103, 
    0x71200782, 0x03210385, 0x20078241, 0x21038572, 0x07824503, 0x03857320, 0xc7830320, 0x0b827420, 0x03210382, 0x86078275, 0x84032103, 0x76200b82, 
    0x03210385, 0x200782a5, 0x21038577, 0x0782a903, 0x03857820, 0x82b20321, 0x85792007, 0xb7032103, 0x7a200782, 0x03210385, 0x200782ce, 0x2103857b, 
    0x07824205, 0x03857c20, 0x824f0521, 0x857d2007, 0x43052103, 0x7e200782, 0x05210385, 0x2007829b, 0x210385a0, 0x07829306, 0x0385a120, 0x82340521, 
    0x85a22007, 0x83042003, 0x82a320ef, 0x2103820b, 0x0782f204, 0x0385a420, 0x824d0521, 0x829f8307, 0xf1042103, 0xa6200b82, 0x05210385, 0x20078250, 
    0x210385a7, 0x0782c105, 0x0385a820, 0x82690621, 0x82c38307, 0xb1052103, 0xaa200b82, 0x05210385, 0x200782bb, 0x210385ab, 0x07828d05, 0x0385ac20, 
    0x82a90521, 0x85ad2007, 0x53052103, 0xae200782, 0x05210385, 0x200782b0, 0x210385af, 0x07826e06, 0x03820f83, 0x82ba0521, 0x8257830b, 0x99052103, 
    0xb2200b82, 0xb3240382, 0xe6050000, 0xb4200782, 0x06210385, 0x20078265, 0x210385b5, 0x07828803, 0x0385b620, 0x82bf0521, 0x85b72007, 0x83052003, 
    0x82b82017, 0x2103820b, 0x07827606, 0x0385b920, 0x82e50521, 0x85ba2007, 0xbc052103, 0xbb200782, 0x05210385, 0x8307828e, 0x2103820f, 0x0b825506, 
    0x0385bd20, 0xb3830620, 0x0b82be20, 0x06210382, 0x20078256, 0x210385bf, 0x07823905, 0x0382c020, 0x0382c220, 0x03820520, 0x0386c320, 0x07820420, 
    0x0386c420, 0x07820320, 0x0386c520, 0x07820820, 0x0386c620, 0x07823d20, 0x0386c720, 0x07824b20, 0x0382c820, 0x3343cb20, 0xcc002105, 0xce200782, 
    0xca200382, 0xcf200382, 0x37830386, 0x0b82d020, 0x07210382, 0x2007828c, 0x210385d1, 0x07822c01, 0x0382d220, 0x0000d424, 0x07824501, 0x0385d520, 
    0x82420121, 0x85d62007, 0x41012103, 0xd7200782, 0x05210385, 0x20078297, 0x210385d8, 0x07824301, 0x0382d920, 0x3b82dc20, 0x0782a720, 0x0385dd20, 
    0x2b830120, 0x0b82de20, 0x03210382, 0x200782da, 0x210385df, 0x07827203, 0x0385e020, 0x820d0221, 0x85e12007, 0xf9012103, 0xe2200782, 0x02210385, 
    0x20078201, 0x210385e3, 0x07821702, 0x0385e420, 0xfb830220, 0x0b82e520, 0x02210382, 0x20078213, 0x210385e6, 0x07821c02, 0x0385e720, 0x824a0221, 
    0x82e82007, 0x00ea2403, 0x82670200, 0x85eb2007, 0x65022103, 0xec200782, 0xee200382, 0xaf201782, 0xef200782, 0x02210385, 0x200782a9, 0x210385f0, 
    0x07822604, 0x0385f120, 0x82f80221, 0x82f22007, 0x00f42403, 0x820c0300, 0x85f52007, 0x09032103, 0xf6200782, 0x03210385, 0x20078208, 0x210385f7, 
    0x07829805, 0x03823383, 0x820a0321, 0x24cf830b, 0x030000fb, 0x200b828a, 0x210385fc, 0x07828503, 0x0385fd20, 0x82bb0321, 0x85fe2007, 0x27042103, 
    0xff200782, 0x03240385, 0x010000b8, 0x03830a82, 0x820b0021, 0x2008820b, 0x21038201, 0x0b821002, 0x03850220, 0x820c0021, 0x86032007, 0x82fa2003, 
    0x85042007, 0x0d002103, 0x05200782, 0x02210385, 0x20078211, 0x21038506, 0x07824c00, 0x03850720, 0x824b0221, 0x85082007, 0x4d002103, 0x09200782, 
    0x02200385, 0x0a202383, 0x03820b82, 0x824e0021, 0x850b2007, 0x83022003, 0x826f8323, 0x4f002103, 0x63831382, 0x02200382, 0x0e202383, 0x03820f82, 
    0x82560021, 0x850f2007, 0x58022103, 0xab830782, 0x07210382, 0x830b8284, 0x21038287, 0x0b825302, 0x03851220, 0x82640021, 0x85132007, 0x6a022103, 
    0x14200782, 0x00210385, 0x20078265, 0x21038515, 0x07826b02, 0x03851620, 0x82660021, 0x85172007, 0x6c022103, 0x18200782, 0x00210385, 0x20078267, 
    0x21038519, 0x07826d02, 0x03851a20, 0x82680021, 0x851b2007, 0x6e022103, 0x1c200782, 0x00210385, 0x20078290, 0x2103851d, 0x07828d02, 0x03851e20, 
    0x82910021, 0x851f2007, 0x8e022103, 0x20200782, 0x00210385, 0x20078292, 0x21038521, 0x07828f02, 0x03852220, 0x82930021, 0x85232007, 0x90022103, 
    0x24200782, 0x00210385, 0x200782a3, 0x21038525, 0x07829f02, 0x03852620, 0x82a90021, 0x85272007, 0x9e022103, 0x28200782, 0x00210385, 0x200782cd, 
    0x21038529, 0x0782ab02, 0x03852a20, 0x82ce0021, 0x852b2007, 0xb2022103, 0x2c200782, 0x00210385, 0x200782cf, 0x2103852d, 0x0782b302, 0x03852e20, 
    0x82d00021, 0x852f2007, 0xb5022103, 0x30200782, 0x00210385, 0x200782d1, 0x21038531, 0x0782a802, 0x03853220, 0xbf830720, 0x0b823320, 0x02210382, 
    0x200782c2, 0x20038634, 0x2007820a, 0x21038535, 0x0782c602, 0x03863620, 0x07820f20, 0x03853720, 0x82cd0221, 0x85382007, 0x4b082103, 0x39200782, 
    0x19200386, 0x3a200782, 0x02210385, 0x200782db, 0x2003863b, 0x2007821a, 0x2103853c, 0x0782dc02, 0x03863d20, 0x07821b20, 0x03853e20, 0x82dd0221, 
    0x853f2007, 0x9a072103, 0x40200782, 0x02210385, 0x200782da, 0x20038641, 0x20078220, 0x21038542, 0x0782d402, 0x03864320, 0x07822d20, 0x03854420, 
    0x82fe0221, 0x86452007, 0x822e2003, 0x85462007, 0xff022103, 0x47200782, 0x2f200386, 0x48200782, 0x03210385, 0x20078200, 0x8303864a, 0x82cf83eb, 
    0xfa022103, 0x4c201382, 0x48200386, 0x4d200782, 0x03210385, 0x2007820f, 0x2003864e, 0x20078249, 0x2103854f, 0x07821003, 0x03865020, 0x07824a20, 
    0x03855120, 0x82110321, 0x86522007, 0x82752003, 0x85532007, 0x39032103, 0x54200782, 0x7f200386, 0x55200782, 0x03210385, 0x2007824d, 0x20038656, 
    0x20078280, 0x20038557, 0x20738303, 0x830b8258, 0x82812003, 0x85592007, 0x4f032103, 0x5a200782, 0x8c200386, 0x5b200782, 0x03210385, 0x20078266, 
    0x2003865c, 0x2007828d, 0x2103855d, 0x07826703, 0x03865e20, 0x07828e20, 0x03855f20, 0x82680321, 0x86602007, 0x828f2003, 0x85612007, 0x69032103, 
    0x62200782, 0x9a200386, 0x63200782, 0x03210385, 0x2007827c, 0x20038664, 0x2007829b, 0x21038565, 0x07827d03, 0x03856620, 0x82ac0721, 0x85672007, 
    0x7b032103, 0x63830782, 0xab200383, 0x57830b82, 0x03210382, 0x200b8286, 0x8303866a, 0x826b202f, 0x2103820b, 0x07828d03, 0x03866c20, 0x0782ad20, 
    0x03856d20, 0xb3830320, 0x0b826e20, 0xae200383, 0x6f200782, 0x03210385, 0x2007828f, 0x20038670, 0x200782af, 0x21038571, 0x07829003, 0x03867220, 
    0x0782b020, 0x03857320, 0x82910321, 0x86742007, 0x82c92003, 0x85752007, 0xac032103, 0x76200782, 0xd8200386, 0x77200782, 0x03210385, 0x200782bc, 
    0x20038678, 0x200782d9, 0x20038679, 0x200782ee, 0x2103857a, 0x0782d303, 0x03867b20, 0x0782ef20, 0x03857c20, 0x82d40321, 0x867d2007, 0x82f02003, 
    0x857e2007, 0xd5032103, 0x7f200782, 0x08210385, 0x20078258, 0x21038580, 0x07824002, 0x03858120, 0x82460021, 0x85822007, 0x83072003, 0x8283202b, 
    0x2103820b, 0x07824102, 0x03858420, 0x82ae0721, 0x85852007, 0xcd082103, 0x86200782, 0x00210385, 0x20078252, 0x21038587, 0x07824a00, 0x03858820, 
    0x82480221, 0x85892007, 0x5c002103, 0x8a200782, 0x00210385, 0x20078255, 0x2003858b, 0x20438307, 0x820b828c, 0x56022103, 0x8d200782, 0x08210385, 
    0x20078207, 0x2003858e, 0x20f78300, 0x820b828f, 0xa9072103, 0x90200782, 0x07210385, 0x20078289, 0x20038591, 0x205b8300, 0x820b8292, 0xf3042103, 
    0x93200782, 0x00200385, 0x01213382, 0x820b8294, 0xfc032103, 0x95200782, 0x02210385, 0x2007829a, 0x21038596, 0x0782d700, 0x03859720, 0x82c80021, 
    0x86982007, 0x82162003, 0x85992007, 0xcc022103, 0x9a200782, 0x02210385, 0x200782d5, 0x2003859b, 0x20fb8308, 0x820b829c, 0x64082103, 0x9d200782, 
    0x35200386, 0x9e200782, 0x02210385, 0x200782fd, 0x2003869f, 0x20078272, 0x200386a0, 0x20078244, 0x210385a1, 0x07820b03, 0x0385a220, 0x2b830720, 
    0x0b82a320, 0x08210382, 0x2007826d, 0x200386a4, 0x2007827a, 0x210385a5, 0x07823d03, 0x0385a620, 0x49b30721, 0x0121050f, 0x21c385a7, 0x0782a801, 
    0x03210382, 0x20078271, 0x210385a9, 0x07828b07, 0x0385aa20, 0x821d0821, 0x85ab2007, 0x76032103, 0xac200782, 0xa1200386, 0xad200782, 0x08210385, 
    0x200782ba, 0x830386ae, 0x82af2097, 0x8303830b, 0x82b02073, 0x2103820b, 0x07828703, 0x0385b120, 0x82f80321, 0x85b22007, 0x83072003, 0x82b32007, 
    0x2003830b, 0x200782d6, 0x210385b4, 0x0782b903, 0x0386b520, 0x0782f520, 0x0385b620, 0x82cf0321, 0x85b72007, 0x8d072103, 0xb8200782, 0x07210385, 
    0x8307828f, 0x00ba2433, 0x82240800, 0x85bb200b, 0x12052103, 0xbc200782, 0x05210385, 0x20078216, 0x210385bd, 0x0782cc08, 0x0385be20, 0x82330821, 
    0x85bf2007, 0xe7092103, 0xc0200782, 0xc2200382, 0x7d204782, 0xc3200782, 0x08210385, 0x20078220, 0x210385c5, 0x07825e00, 0x0385c620, 0x82600221, 
    0x85c72007, 0x99072103, 0xc8200782, 0x22200386, 0xc9200782, 0x02210385, 0x860782ca, 0x9c072103, 0xcb200b82, 0x3f200386, 0x87830782, 0x03250382, 
    0x01000006, 0x210385cd, 0x07820e00, 0x0385ce20, 0x82000221, 0x85cf2007, 0xd2002103, 0xd0200782, 0x02210385, 0x200782b6, 0x200386d1, 0x2007824b, 
    0x200385d2, 0x20ef8303, 0x830b82d3, 0x82b12003, 0x85d42007, 0x92032103, 0xd5200782, 0xb2200386, 0xd6200782, 0x03210385, 0x20078293, 0x200386d7, 
    0x200782b3, 0x210385d8, 0x07829403, 0x0386d920, 0x0782b420, 0x0385da20, 0x82950321, 0x86db2007, 0x82b52003, 0x85dc2007, 0x96032103, 0xdd200782, 
    0x02210385, 0x20078283, 0x210385de, 0x07820f00, 0x0385df20, 0x82090221, 0x85e02007, 0x10002103, 0xe1200782, 0x02210385, 0x2007820c, 0x210385e2, 
    0x07823e00, 0x0385e320, 0x821d0221, 0x85e42007, 0x8e002103, 0xe5200782, 0x02210385, 0x2007828c, 0x210385e6, 0x07829400, 0x0385e720, 0x82910221, 
    0x86e82007, 0x205f8303, 0x820b82e9, 0xce022103, 0xea200782, 0x4c200386, 0xeb200782, 0x03210385, 0x20078213, 0x200386ec, 0x2007824d, 0x210385ed, 
    0x07821403, 0x0385ee20, 0x828e0721, 0x85ef2007, 0x22082103, 0xf0200782, 0x02210385, 0x200782c7, 0x200385f1, 0x20ef8307, 0x820b82f2, 0x5d002103, 
    0xf3200782, 0x02210385, 0x2007825e, 0x210385f4, 0x07829500, 0x0385f520, 0x82920221, 0x85f62007, 0xae002103, 0xf7200782, 0x08210385, 0x200782d5, 
    0x200386f8, 0x20078230, 0x210385f9, 0x07820103, 0x0385fa20, 0x82090021, 0x85fb2007, 0x83022003, 0x82fc20a7, 0x2103820b, 0x07823f00, 0x0385fd20, 
    0x821e0221, 0x86fe2007, 0x82642003, 0x85ff2007, 0x2b032503, 0x00020000, 0x00210385, 0x82078211, 0x83022057, 0x82072003, 0x8502200b, 0x12002103, 
    0x03200782, 0x0f200386, 0x04200782, 0x00210385, 0x20078269, 0x20038605, 0x2007826f, 0x21038506, 0x07826a00, 0x03860720, 0x07827020, 0x03850820, 
    0x82d30021, 0x20ab8207, 0x20038302, 0x200b82b7, 0x2103850a, 0x0782d400, 0x03860b20, 0x0782b820, 0x03850c20, 0x824e0121, 0x850d2007, 0x15032103, 
    0x0e200782, 0x01210385, 0x2007824f, 0x2103850f, 0x07821603, 0x03851020, 0x82820121, 0x82c38307, 0x50032103, 0x12200b82, 0x01210385, 0x20078283, 
    0x21038513, 0x07825103, 0x03851420, 0x82b60121, 0x82578307, 0x97032103, 0x16200b82, 0x01200385, 0x17209b83, 0x03820b82, 0x82980321, 0x85182007, 
    0x90012103, 0x19200782, 0x03200385, 0x1a20e383, 0x03820b82, 0x829c0121, 0x851b2007, 0x7e032103, 0x1c200782, 0x1d240382, 0xd6080000, 0x1e200782, 
    0x00210385, 0x200782a4, 0x2003861f, 0x200782a0, 0x21038520, 0x0782d808, 0x03862120, 0x07825720, 0x03822220, 0x00002324, 0x0782d908, 0x03852420, 
    0x82f40121, 0x85252007, 0xd0032103, 0x26200782, 0x00200385, 0x2720d383, 0x03830b82, 0x00000a24, 0x03852802, 0x826b0021, 0x86292007, 0x82712003, 
    0x852a2007, 0x50012103, 0x2b200782, 0x03200385, 0x0221db82, 0x820b822c, 0x51012103, 0x2d200782, 0x03210385, 0x20078218, 0x2103852e, 0x07825201, 
    0x03852f20, 0x82190321, 0x85302007, 0x53012103, 0x31200782, 0x03210385, 0x2007821a, 0x21038532, 0x0782da01, 0x03853320, 0x82bd0321, 0x86342007, 
    0x20cb8303, 0x830b8235, 0x82fb2003, 0x85362007, 0x78032103, 0x37200782, 0xbc200386, 0x38200782, 0x39200382, 0xdb20fb82, 0x3a200782, 0x00200385, 
    0x3b208b83, 0x03820b82, 0x82510021, 0x863c2007, 0x82472003, 0x853d2007, 0x21012103, 0x3e200782, 0x01210385, 0x200782a3, 0x2103853f, 0x07826503, 
    0x03854020, 0x82d10321, 0x82412007, 0x82422003, 0x82dd205f, 0x85432007, 0x45002103, 0x44200782, 0x01210385, 0x830782c4, 0x2103820f, 0x0b82df08, 
    0x03854620, 0x82790021, 0x86472007, 0x82662003, 0x85482007, 0x0b012103, 0x49200782, 0xbe200386, 0x4a200782, 0x03210385, 0x20078244, 0x2003854b, 
    0x20678303, 0x820b824c, 0x8a012103, 0x4d200782, 0x03200385, 0x4e204f83, 0x03820b82, 0x82e00121, 0x854f2007, 0xba032103, 0x50200782, 0x18200386, 
    0xf3830782, 0x07210382, 0x200b82d5, 0x21038552, 0x0782d707, 0x03865320, 0x0221cf82, 0x820b8254, 0x74082103, 0x55200782, 0x49200386, 0x56200782, 
    0x57200382, 0x02211b85, 0x82078258, 0x19082103, 0x59200782, 0x08210385, 0x200782a5, 0x2103855a, 0x0782a808, 0x03825b20, 0x00005c24, 0x07824804, 
    0x03855d20, 0x824b0421, 0x855e2007, 0x4a042103, 0x5f200782, 0xbd200386, 0x60200782, 0x8b200386, 0x61200782, 0x08210385, 0x2007822e, 0x21038562, 
    0x07829107, 0x03856320, 0x82b60421, 0x85642007, 0xd9072103, 0x65200782, 0x9b200386, 0x66200782, 0x67200382, 0x98200382, 0x68200382, 0xae200386, 
    0x69200782, 0x04210385, 0x2007826d, 0x2103856a, 0x07829407, 0x03866b20, 0x0782d620, 0x03866c20, 0x0782d820, 0x03832783, 0x0b82d720, 0x03856e20, 
    0xd3830820, 0x0b826f20, 0x03827020, 0x0382f220, 0x03867120, 0x0782f120, 0x03867220, 0x0782fc20, 0x03867320, 0x0782f920, 0x03857420, 0x829d0721, 
    0x85752007, 0x36032103, 0x76200782, 0x07210385, 0x2007829e, 0x20038577, 0x20678308, 0x820b8278, 0x7c082103, 0x79200782, 0x03210385, 0x20078248, 
    0x2103857a, 0x0782a208, 0x03857b20, 0x82490321, 0x82278307, 0x59032103, 0x7d200b82, 0x03210385, 0x20078257, 0x2103857e, 0x07824b03, 0x03857f20, 
    0x824a0321, 0x82802007, 0x00812403, 0x82a50700, 0x85822007, 0x64032103, 0x83200782, 0x08210385, 0x2007821b, 0x21038584, 0x07824808, 0x03858520, 
    0x821e0821, 0x85862007, 0x1c082103, 0x87200782, 0x03200385, 0x88209783, 0x03820b82, 0xc7830320, 0x0b828920, 0x03200382, 0x02210382, 0x820b828a, 
    0xdf092103, 0x8b200782, 0x09210385, 0x200782e6, 0x2103858c, 0x0782a603, 0x03858d20, 0x82ab0321, 0x858e2007, 0xc9032103, 0x8f200782, 0x07210385, 
    0x200782b5, 0x21038590, 0x0782d203, 0x03859120, 0x82d90321, 0x85922007, 0x21082103, 0x93200782, 0x08210385, 0x20078223, 0x21038594, 0x07823108, 
    0x03859520, 0x82390821, 0x85962007, 0x35082103, 0x97200782, 0x08210385, 0x062b4200, 0x00009824, 0x0b82a706, 0x03859920, 0x82e10821, 0x859a2007, 
    0x47042103, 0x9b200782, 0x07200385, 0x9c207383, 0x03820b82, 0x82e20821, 0x869d2007, 0x82c52003, 0x869e2007, 0x20a78303, 0x820b829f, 0x83072003, 
    0x82a02037, 0x2103820b, 0x07824203, 0x0385a120, 0x82320821, 0x85a22007, 0x34082103, 0xa3200782, 0x5f200386, 0xa4200782, 0x62200386, 0xa5200782, 
    0x61200386, 0xa6200782, 0x08210385, 0x200782cf, 0x210385a7, 0x0782b808, 0x0385a820, 0x82790321, 0x86a92007, 0x82892003, 0x85aa2007, 0x26082103, 
    0xab200782, 0xac240382, 0xe3080000, 0xad200782, 0x08210385, 0x20078227, 0x200382ae, 0x21cf85af, 0x0782b002, 0x05210382, 0x200782d1, 0x210385b1, 
    0x07823d08, 0x0385b220, 0x82d30521, 0x85b32007, 0xdb052103, 0xb4200782, 0x08200385, 0xb520bb83, 0x03820b82, 0x82280821, 0x85b62007, 0x83072003, 
    0x82b720a3, 0x2103820b, 0x0782e005, 0x0382ab83, 0x82e20521, 0x82b9200b, 0x00ba2403, 0x827a0500, 0x85bb2007, 0xfd072103, 0xbc200782, 0x05210385, 
    0x2007826c, 0x210385bd, 0x0782fb07, 0x0385be20, 0x828e0821, 0x85bf2007, 0x8c082103, 0xc0200782, 0x08210385, 0x20078236, 0x210385c1, 0x07823808, 
    0x0385c220, 0x82d10721, 0x82c32007, 0x00c42403, 0x82d30700, 0x85c52007, 0xd0072103, 0xc6200782, 0x06210385, 0x2007826b, 0x210385c7, 0x07827406, 
    0x0385c820, 0x82540821, 0x85c92007, 0x29082103, 0xca200782, 0x08210385, 0x200782aa, 0x210385cb, 0x07822c08, 0x0385cc20, 0x82e50921, 0x85cd2007, 
    0x62082103, 0xce200782, 0x08210385, 0x2007823b, 0x210385cf, 0x0782c107, 0x03827b83, 0x82f60721, 0x85d1200b, 0xf5072103, 0xd2200782, 0x08210385, 
    0x2007828f, 0x210385d3, 0x07828d08, 0x0385d420, 0x82e00921, 0x85d52007, 0x14082103, 0xd6200782, 0x08210385, 0x20078281, 0x210385d7, 0x07826508, 
    0x0385d820, 0x826f0621, 0x82d92007, 0x00da2403, 0x82710600, 0x85db2007, 0x77062103, 0xdc200782, 0x06210385, 0x2007826c, 0x210385dd, 0x07826606, 
    0x0385de20, 0x828a0821, 0x85df2007, 0x84082103, 0x7b830782, 0x08210382, 0x200b822d, 0x210385e1, 0x0782d505, 0x0385e220, 0x82dc0521, 0x85e32007, 
    0xe1052103, 0xe4200782, 0x08210385, 0x20078237, 0x210385e5, 0x0782c708, 0x0385e620, 0x82c90821, 0x85e72007, 0xcb082103, 0xe8200782, 0x08210385, 
    0x200782ca, 0x210385e9, 0x0782c808, 0x0382ea20, 0x0000ed23, 0x20378308, 0x820b82ee, 0x06082103, 0xef200782, 0x08210385, 0x20078259, 0x200382f0, 
    0x822382ff, 0x0003242b, 0x82030000, 0x7b062103, 0x01200782, 0x06210385, 0x20078279, 0x21038502, 0x07828206, 0x03850320, 0xd7820620, 0x82040321, 
    0x2103820b, 0x07827d06, 0x03850520, 0x82780821, 0x85062007, 0x7f062103, 0x07200782, 0x06210385, 0x20078285, 0x21038508, 0x07827e06, 0x03850920, 
    0x82810621, 0x850a2007, 0x86062103, 0x0b200782, 0x06210385, 0x2007827a, 0x2103850c, 0x07828306, 0x03850d20, 0x82560821, 0x850e2007, 0x55082103, 
    0x0f200782, 0x06210385, 0x2007827c, 0x21038510, 0x0782e507, 0x03851120, 0x82800621, 0x85122007, 0xfe072103, 0x13200782, 0x07210385, 0x200782f7, 
    0x21038514, 0x0782fc07, 0x03851520, 0x82f80721, 0x85162007, 0x3c082103, 0x17200782, 0x07210385, 0x200782c3, 0x24038218, 0x08000019, 0x200782b3, 
    0x2103851a, 0x0782ce07, 0x03851b20, 0x82870621, 0x851c2007, 0x90082103, 0x1d200782, 0x08210385, 0x200782b5, 0x2103851e, 0x0782b208, 0x03822120, 
    0x00002224, 0x07823e08, 0x03852320, 0x828c0621, 0x82242007, 0x00252403, 0x828e0600, 0x85262007, 0x8d062103, 0x27200782, 0x06210385, 0x20078289, 
    0x21038528, 0x07828806, 0x03852920, 0x82570821, 0x852a2007, 0xe4072103, 0x2b200782, 0x07210385, 0x200782cf, 0x2103852c, 0x0782e807, 0x03822d20, 
    0x5f822e20, 0x07828a20, 0x03852f20, 0x82e10721, 0x85302007, 0x91062103, 0x31200782, 0x08210385, 0x20078263, 0x20038532, 0x20cb8306, 0x820b8233, 
    0xd3082103, 0x34200782, 0x08210385, 0x200782c4, 0x21038535, 0x0782db07, 0x03853620, 0x82da0721, 0x85372007, 0xae082103, 0x38200782, 0x08210385, 
    0x200782ad, 0x20038539, 0x206b8308, 0x820b823a, 0xe3072103, 0x3b200782, 0x08210385, 0x200782b0, 0x2103853c, 0x0782a908, 0x03853d20, 0xbf830920, 
    0x0b823e20, 0x08210382, 0x200782c5, 0x2103853f, 0x07827708, 0x03854020, 0x4b820820, 0x82410321, 0x2103820b, 0x0782c207, 0x03854220, 0x827b0821, 
    0x85432007, 0x50082103, 0x44200782, 0x08210385, 0x20078208, 0x21038545, 0x07824608, 0x08210386, 0x200b82fa, 0x21038547, 0x07821808, 0x03824820, 
    0x00004f24, 0x0782fb08, 0x03823f83, 0x82d20721, 0x8251200b, 0x005f2403, 0x82030900, 0x85602007, 0xc1082103, 0x61200782, 0x07210385, 0x200782e0, 
    0x20038262, 0x20238273, 0x5d078212, 0x082106a7, 0x200b8269, 0x21038576, 0x07823d01, 0x0382c383, 0x82240921, 0x857a200b, 0xea092103, 0xb7830782, 
    0x00007d24, 0x0b822509, 0x03857e20, 0x828a0521, 0x857f2007, 0x0c012503, 0x84030000, 0x06210385, 0x20078268, 0x21038585, 0x07827506, 0x03858620, 
    0x82220021, 0x85872007, 0x89052103, 0x88200782, 0x00210385, 0x4807827c, 0x0021066b, 0x200b82b0, 0x2103858a, 0x0782d900, 0x03858c20, 0x82660121, 
    0x858e2007, 0xe2012103, 0x8f200782, 0xe5200386, 0x90200782, 0x04210385, 0x2007826e, 0x21038591, 0x07822100, 0x03859220, 0x82480021, 0x82932007, 
    0x82942003, 0x82db2003, 0x85952003, 0x83002003, 0x829620d3, 0x2103820b, 0x0782f601, 0x03859720, 0x82af0021, 0x86982007, 0x82dd2003, 0x85992007, 
    0xd8002103, 0x9a200782, 0x01210385, 0x20078217, 0x2103859b, 0x07823c00, 0x03859c20, 0x82280121, 0x859d2007, 0x3e012103, 0x9e200782, 0xde200386, 
    0x9f200782, 0x01210385, 0x20078265, 0x200386a0, 0x200782df, 0x200385a1, 0x208f8301, 0x830b82a3, 0x82e02003, 0x85a42007, 0x83012003, 0x82a52007, 
    0x2103820b, 0x0782e101, 0x0386a620, 0xa7200b83, 0x03820b82, 0x82d40121, 0x82a82007, 0x82a92003, 0x82e22003, 0x85aa2003, 0xda002103, 0xab200782, 
    0x01210385, 0x200782e3, 0x210385ac, 0x07822904, 0x0385ad20, 0x82460421, 0x85ae2007, 0x55042103, 0xaf200782, 0x04210385, 0x2007826f, 0x210385b0, 
    0x07828a04, 0x0385b120, 0xe3830420, 0x0b82b220, 0x0000b524, 0x07824204, 0x0382b620, 0x0b82b720, 0x07825320, 0x0382b820, 0x0b82b920, 0x07826c20, 
    0x0385ba20, 0x82490821, 0x85bb2007, 0x7f042103, 0xbc200782, 0x08210385, 0x20078266, 0x210385bd, 0x07826808, 0x0385be20, 0x82800421, 0x86bf2007, 
    0x822c2003, 0x82c02007, 0x82c12003, 0x82812053, 0x82c22007, 0x82c52003, 0x8286200b, 0x85c62007, 0x9b042103, 0xc7200782, 0x8b830386, 0x0b82c820, 
    0x2382c920, 0x07829d20, 0x0385ca20, 0x82700421, 0x85cb2007, 0x8b042103, 0xcc200782, 0x2d200386, 0xcd200782, 0x04210385, 0x2007828c, 0x210385ce, 
    0x07829f04, 0x0385cf20, 0xef830920, 0x0b82d020, 0x07210382, 0x200782dc, 0x210385d1, 0x0782b908, 0x0382d220, 0x0382d420, 0x0382f920, 0x0385d520, 
    0x829c0421, 0x85d62007, 0x83082003, 0x82d720cb, 0x00d9240b, 0x82290900, 0x85da2007, 0xab072103, 0x24068b42, 0x080000db, 0x830b82b1, 0x21038257, 
    0x0b828507, 0x0385dd20, 0x82110821, 0x85de2007, 0x96072103, 0xdf200782, 0x08210385, 0x2007824d, 0x210385e0, 0x0782a807, 0x0385e120, 0x82a40821, 
    0x85f02007, 0x4a082103, 0xf1200782, 0x08210385, 0x20078289, 0x210385f2, 0x07825002, 0x0385f320, 0x82c80221, 0x85f42007, 0x6e012103, 0xf5200782, 
    0xf8200382, 0x2c20a782, 0xd382cf86, 0x82530021, 0x85fa200b, 0x83012003, 0x82fb20bf, 0x2103820b, 0x07823009, 0x0385fc20, 0xb3830420, 0x0b82fd20, 
    0x3b82ff20, 0x00003124, 0x03820004, 0x04820120, 0x07828620, 0x03860220, 0x07822520, 0x03850320, 0x82ca0721, 0x20248207, 0x20038304, 0x200b821f, 
    0x20038505, 0x21e38201, 0x0b820604, 0x00000724, 0x0782e700, 0x03850820, 0x820d0121, 0x82092007, 0x820a2003, 0x82182003, 0x860b2003, 0x00122403, 
    0x850c0400, 0xcb072103, 0x27830782, 0x01210382, 0x200b8238, 0x2103850e, 0x0782cc07, 0x03860f20, 0x07820920, 0x03851020, 0xbf820020, 0x82110421, 
    0x2103820b, 0x0782fd03, 0x03851220, 0x82470021, 0x85132007, 0xc4072103, 0x14200782, 0x92820386, 0x82150421, 0x2003820b, 0x21ef8200, 0x0b821604, 
    0x01200383, 0x17200782, 0x03200386, 0xa3829f86, 0x82370121, 0x8519200b, 0x39012103, 0x1a200782, 0x04200386, 0x1b200782, 0xe7820386, 0x821c0421, 
    0x2103820b, 0x07822a01, 0x03851d20, 0x82bb0021, 0x851e2007, 0x70012103, 0x1f200782, 0x22240382, 0xc5070000, 0x23200782, 0x24200382, 0x20060b41, 
    0x82078225, 0xc9072103, 0x26200782, 0x0c200386, 0x27200782, 0x0e200386, 0x28200782, 0x2c200382, 0x0421cf85, 0x2007822d, 0x8387862f, 0x210382ff, 
    0x0f821902, 0x03823120, 0x03823320, 0x0382b720, 0x03863420, 0x0782bc20, 0x03853520, 0x827f0221, 0x86362007, 0x82bd2003, 0x82372007, 0x82382003, 
    0x82bf2003, 0x82db8303, 0x44082103, 0x3a200b82, 0xc2200386, 0x3b200782, 0xc7200386, 0x3c200782, 0xca200386, 0x3d200782, 0xcc200386, 0x3e200782, 
    0x03200385, 0x3f204f83, 0x03830b82, 0x0782d120, 0x03854020, 0x07830320, 0x0b824120, 0x02210382, 0x20078251, 0x20038642, 0x200782d2, 0x21038543, 
    0x0782c403, 0x03837b83, 0x0b82d320, 0x03854520, 0x82b50321, 0x86462007, 0x82d62003, 0x86472007, 0x82d82003, 0x82482007, 0x82492003, 0x82db2003, 
    0x824a2003, 0x824b2003, 0x82de2003, 0x864c2003, 0x82dd2003, 0x824d2007, 0x824f2003, 0x82e42003, 0x82502003, 0x217f8203, 0x07828002, 0x03855220, 
    0x44970221, 0x042505ef, 0x08000053, 0x200b8230, 0x20038654, 0x200782e9, 0x21038555, 0x07827003, 0x03825620, 0x00005724, 0x0782c002, 0x03855820, 
    0x82c90221, 0x82592007, 0x825a2003, 0x82e22003, 0x855b2003, 0x96022103, 0x5c200782, 0x08200385, 0x5d208b83, 0x03820b82, 0x82340921, 0x855e2007, 
    0xc5032103, 0x5f200782, 0xd7200386, 0x60200782, 0x07210385, 0x200782a0, 0x21038561, 0x07826f08, 0x03856220, 0x82cd0721, 0x86632007, 0x82e12003, 
    0x85642007, 0x87072103, 0x65200782, 0x08210385, 0x20078216, 0x21038566, 0x0782b807, 0x03856720, 0x82ed0921, 0x85682007, 0xb9072103, 0x69200782, 
    0x09210385, 0x200782ee, 0x2103856a, 0x0782b607, 0x03856b20, 0x45eb0921, 0x042505f7, 0x0700006c, 0x200b82b7, 0x2103856d, 0x0782ec09, 0x03856e20, 
    0x82980721, 0x856f2007, 0x51082103, 0x70200782, 0x07210385, 0x200782a4, 0x21038571, 0x07828208, 0x03867220, 0x07820820, 0x03857320, 0x82350321, 
    0x86742007, 0x82242003, 0x86752007, 0x82ee2003, 0x85762007, 0x95072103, 0x77200782, 0x08210385, 0x20078247, 0x21038578, 0x0782af07, 0x03857920, 
    0x823a0321, 0x857a2007, 0xa1072103, 0x7b200782, 0x08210385, 0x20078270, 0x2103857c, 0x0782a207, 0x03857d20, 0x82710821, 0x857e2007, 0xa3072103, 
    0x7f200782, 0x08210385, 0x20078275, 0x21038580, 0x9f469707, 0x81042505, 0x4e080000, 0x82200b82, 0x08210385, 0x200782bb, 0x21038583, 0x0782c608, 
    0x03858420, 0x82790821, 0x85852007, 0x05082103, 0x86200782, 0x08200385, 0x87202b83, 0x89230b82, 0x83090000, 0x828a20ef, 0x2103820b, 0x07823c01, 
    0x03868b20, 0x0782c120, 0x03858c20, 0x82380921, 0x868d2007, 0x82e02003, 0x858e2007, 0x83012003, 0x828f205f, 0x2003820b, 0x203b8303, 0x820b8290, 
    0xfe032103, 0x91200782, 0xba200386, 0x92200782, 0x07210385, 0x20078290, 0x21038593, 0x07822f08, 0x03869420, 0x07821d20, 0x03869520, 0x0782e720, 
    0x03869620, 0x07820220, 0x03869720, 0x0782be20, 0x03859820, 0x53830720, 0x0b829920, 0x09210382, 0x200782ef, 0x2103859a, 0x07821501, 0x03869b20, 
    0x0782c420, 0x03869c20, 0x9d20fb83, 0x2105ab47, 0x0782c504, 0x0385a020, 0x82140121, 0x86a12007, 0x82c62003, 0x85a22007, 0xab002103, 0xa3200782, 
    0xcd200386, 0xa4200782, 0x00210385, 0x200782ad, 0x200386a5, 0x200782ce, 0x200386a6, 0x2007821e, 0x200386a7, 0x200782e8, 0x200386a8, 0x20078220, 
    0x200386a9, 0x200782ea, 0x210385aa, 0x07828a07, 0x0385ab20, 0x821a0821, 0x85ac2007, 0x83072003, 0x2103865f, 0x1382b608, 0x0385ae20, 0x82b00721, 
    0x85af2007, 0xe1092103, 0x0f830782, 0x07210382, 0x860b82b1, 0xe2092103, 0xb2200b82, 0x01210385, 0x200782d2, 0x200386b3, 0x200782d5, 0x200386b4, 
    0x2007820d, 0x200386b5, 0x200782eb, 0x200386b6, 0x0697450f, 0x0782b720, 0x0382d920, 0x0386b820, 0x00001024, 0x0386b904, 0x0782da20, 0x0386ba20, 
    0x07821120, 0x0385bb20, 0x82a60221, 0x86bc2007, 0x82212003, 0x86bd2007, 0x82ec2003, 0x85be2007, 0x80072103, 0x2406c745, 0x070000bf, 0x200b82ee, 
    0x210385c0, 0x07827a08, 0x0385c120, 0x82bc0721, 0x85c22007, 0xf2092103, 0xc3200782, 0x06200386, 0xc4200782, 0x13830386, 0x0b82c520, 0x07210382, 
    0x20078288, 0x200386c6, 0x200782c8, 0x210385c7, 0x0782aa00, 0x03830f83, 0x0b82cf20, 0x0385c920, 0x82ac0021, 0x86ca2007, 0x82d02003, 0x85cb2007, 
    0x82072103, 0xcc200782, 0x07210385, 0x200782f0, 0x210385cd, 0x07822701, 0x0386ce20, 0xcf202b83, 0x03820b82, 0x82ef0221, 0x823f8307, 0x31002103, 
    0xd1200b82, 0x02210385, 0x2007821a, 0x210385d2, 0x07823200, 0x0385d320, 0x821b0221, 0x85d42007, 0x40002103, 0xd5200782, 0x02210385, 0x2007821f, 
    0x200385d6, 0x20cb8300, 0x820b82d7, 0x83022003, 0x82d8208f, 0x2003830b, 0x068f4122, 0x0000d924, 0x0b82a608, 0x0385da20, 0xe3830720, 0x0b82db20, 
    0x08210382, 0x200782a7, 0x210385dc, 0x0782bd07, 0x0385dd20, 0x46f30921, 0xde24066f, 0xbb070000, 0xdf200b82, 0x09200385, 0xe020e383, 0x03830b82, 
    0x07822320, 0x0386e120, 0x2746ed20, 0x00e22406, 0x823a0100, 0x85e3200b, 0x45082103, 0x20069f46, 0x201782e4, 0x200b823b, 0x210385e5, 0x07824308, 
    0x0385e620, 0x82710121, 0x85e72007, 0x38032103, 0xe8200782, 0x01210385, 0x20078273, 0x210385e9, 0x07826b08, 0x0385ea20, 0x82740121, 0x85eb2007, 
    0x6c082103, 0xec200782, 0x7f820382, 0x82390921, 0x85ee2007, 0xca032103, 0xef200782, 0x03210385, 0x830782c6, 0x210382b7, 0x0b82cb03, 0x0385f120, 
    0x82c70321, 0x85f22007, 0xcc032103, 0xf3200782, 0x03210385, 0x200782c8, 0x210385f4, 0x07828107, 0x0385f520, 0x4f830720, 0x0b82f620, 0x0000f724, 
    0x07823b09, 0x0385f820, 0x82b40721, 0x85f92007, 0xe9092103, 0xfa200782, 0x03210385, 0x200782ff, 0x200386fb, 0x200782bb, 0x210385fc, 0x0782d301, 
    0x0386fd20, 0x0782d420, 0x0382fe20, 0x5382ff20, 0x00003d24, 0x03852f05, 0x00c90425, 0x853f0e00, 0x0d052503, 0x431d0000, 0x05210385, 0x200782ca, 
    0x21038547, 0x0782cb05, 0x03824820, 0x33824920, 0x0782cd20, 0x03854d20, 0x82d00521, 0x854f2007, 0x82052003, 0x501d215f, 0x03820b82, 0x82d60521, 
    0x85522007, 0xd8052103, 0x56200782, 0x05210385, 0x200782d9, 0x20038257, 0x20478258, 0x200782dd, 0x2103855b, 0x0782df05, 0x03856220, 0x82fd0521, 
    0x85632007, 0x06062103, 0x64200782, 0x65240382, 0x09060000, 0x9c200782, 0x05210385, 0x200782cc, 0x210385a0, 0x0782cf05, 0x1d20f382, 0x05210382, 
    0x200b82e3, 0x200382bf, 0x82e382f5, 0xfc1d21d3, 0xff200b82, 0x76240b82, 0x001e0000, 0x00210385, 0x20078214, 0x21038501, 0x07821602, 0x03850220, 
    0x82420021, 0x85032007, 0x43022103, 0x04200782, 0x00200385, 0x05200b83, 0x03820b82, 0x82440221, 0x85062007, 0x83002003, 0x8207200b, 0x2103820b, 
    0x07824502, 0x03850820, 0x82500021, 0x20ab8207, 0x2103821e, 0x0b824f02, 0x03850a20, 0xf7820020, 0x820b1e21, 0x2103820b, 0x07825902, 0x03850c20, 
    0x82580021, 0x850d2007, 0x5a022103, 0x0e200782, 0x00200385, 0x0f202383, 0x03820b82, 0x825b0221, 0x85102007, 0x83002003, 0x82112023, 0x2103820b, 
    0x07825c02, 0x03851220, 0x23830020, 0x0b821320, 0x02210382, 0x2007825d, 0x21038514, 0x07826c00, 0x03851520, 0x82720221, 0x85162007, 0x6d002103, 
    0x17200782, 0x02210385, 0x20078273, 0x21038518, 0x07826e00, 0x03851920, 0x82740221, 0x851a2007, 0x6f002103, 0x1b200782, 0x02210385, 0x20078275, 
    0x2103851c, 0x07827000, 0x03851d20, 0x82760221, 0x851e2007, 0x8b002103, 0x1f200782, 0x02210385, 0x20078288, 0x21038520, 0x07829600, 0x03852120, 
    0x82930221, 0x85222007, 0xa5002103, 0x23200782, 0x02210385, 0x200782a1, 0x21038524, 0x0782a600, 0x03852520, 0x82a20221, 0x85262007, 0xa7002103, 
    0x27200782, 0x02210385, 0x200782a3, 0x20038528, 0x20238300, 0x820b8229, 0x95022103, 0x2a200782, 0x00210385, 0x200782a8, 0x2103852b, 0x0782a402, 
    0x03852c20, 0x82c90021, 0x852d2007, 0xac022103, 0x2e200782, 0x00210385, 0x200782c7, 0x2103852f, 0x0782aa02, 0x03853020, 0x82110121, 0x85312007, 
    0xcf022103, 0x32200782, 0x01210385, 0x20078212, 0x21038533, 0x0782d002, 0x03853420, 0x82130121, 0x85352007, 0xd1022103, 0x36200782, 0x01210385, 
    0x2007821c, 0x21038537, 0x0782de02, 0x03853820, 0x821d0121, 0x85392007, 0xdf022103, 0x3a200782, 0x01210385, 0x2007821e, 0x2103853b, 0x0782e002, 
    0x03853c20, 0x821f0121, 0x853d2007, 0xe1022103, 0x3e200782, 0x01210385, 0x20078224, 0x2103853f, 0x0782f402, 0x03854020, 0x82250121, 0x85412007, 
    0xf5022103, 0x42200782, 0x01210385, 0x20078226, 0x21038543, 0x0782f602, 0x03854420, 0x82310121, 0x85452007, 0x02032103, 0x46200782, 0x01200385, 
    0x4720f783, 0x03820b82, 0x82030321, 0x85482007, 0x33012103, 0x49200782, 0x03210385, 0x20078204, 0x2103854a, 0x07823401, 0x03854b20, 0x82050321, 
    0x854c2007, 0x54012103, 0x4d200782, 0x03210385, 0x2007821b, 0x2103854e, 0x07825501, 0x03854f20, 0x821c0321, 0x85502007, 0x56012103, 0x51200782, 
    0x03210385, 0x2007821d, 0x21038552, 0x07825701, 0x03855320, 0x821e0321, 0x85542007, 0x77012103, 0x55200782, 0x03210385, 0x2007823e, 0x25038556, 
    0x00007801, 0x0385571e, 0x823f0321, 0x85582007, 0x84012103, 0x59200782, 0x03200385, 0x5a205b83, 0x03820b82, 0x82850121, 0x855b2007, 0x83032003, 
    0x825c2067, 0x2103820b, 0x07828601, 0x03855d20, 0x82540321, 0x855e2007, 0x87012103, 0x5f200782, 0x03210385, 0x20078255, 0x21038560, 0x07829101, 
    0x03856120, 0x826b0321, 0x85622007, 0x92012103, 0x63200782, 0x03210385, 0x2007826c, 0x21038564, 0x07829301, 0x03856520, 0x826d0321, 0x85662007, 
    0x94012103, 0x67200782, 0x03210385, 0x2007826e, 0x21038568, 0x07829501, 0x03856920, 0x826f0321, 0x856a2007, 0x9d012103, 0x6b200782, 0x03210385, 
    0x2007827f, 0x2103856c, 0x07829e01, 0x03856d20, 0x82800321, 0x856e2007, 0x9f012103, 0x6f200782, 0x03210385, 0x20078281, 0x21038570, 0x0782a001, 
    0x03857120, 0x82820321, 0x85722007, 0xb8012103, 0x73200782, 0x03210385, 0x20078299, 0x21038574, 0x0782b901, 0x03857520, 0x829a0321, 0x85762007, 
    0xba012103, 0x77200782, 0x03210385, 0x2007829b, 0x21038578, 0x0782bb01, 0x03857920, 0x829c0321, 0x857a2007, 0xbc012103, 0x7b200782, 0x03210385, 
    0x2007829d, 0x2103857c, 0x0782c601, 0x03857d20, 0x82a70321, 0x857e2007, 0xc7012103, 0x7f200782, 0x03210385, 0x200782a8, 0x21038580, 0x0782ca01, 
    0x0382cf83, 0x82ad0321, 0x8582200b, 0xcb012103, 0x83200782, 0x03210385, 0x200782ae, 0x21038584, 0x0782cc01, 0x03858520, 0x82aa0321, 0x85862007, 
    0xcd012103, 0x87200782, 0x03210385, 0x200782af, 0x21038588, 0x0782ce01, 0x03858920, 0x82b00321, 0x858a2007, 0xd0012103, 0x8b200782, 0x03210385, 
    0x200782b3, 0x2103858c, 0x0782d101, 0x03858d20, 0x82b40321, 0x858e2007, 0xdb012103, 0x8f200782, 0x03210385, 0x200782be, 0x21038590, 0x0782f101, 
    0x03859120, 0x82d60321, 0x85922007, 0xf2012103, 0x93200782, 0x03210385, 0x200782d7, 0x21038594, 0x0782f301, 0x03859520, 0x82d80321, 0x85962007, 
    0xa5022103, 0x97200782, 0x03200385, 0x9820f783, 0x03820b82, 0x82b10321, 0x85992007, 0xbf032103, 0x9a200782, 0x02210385, 0x20078212, 0x2003859b, 
    0x20f78302, 0x820b829c, 0x86022103, 0x9d200782, 0x09250385, 0x1e00007a, 0x2103859e, 0x07829801, 0x03859f20, 0x827b0921, 0x85a02007, 0x15002103, 
    0xa1200782, 0x02210385, 0x2007820b, 0x210385a2, 0x07821600, 0x0385a320, 0x820e0221, 0x85a42007, 0x17002103, 0xab830782, 0x02210382, 0x200b8202, 
    0x210385a6, 0x07821800, 0x0385a720, 0x82040221, 0x85a82007, 0x19002103, 0xa9200782, 0x02210385, 0x20078205, 0x210385aa, 0x07821a00, 0x0385ab20, 
    0x82060221, 0x85ac2007, 0x1b002103, 0xad200782, 0x02210385, 0x20078203, 0x210385ae, 0x07821c00, 0x0385af20, 0x82fb0121, 0x85b02007, 0x1d002103, 
    0xb1200782, 0x01210385, 0x200782fd, 0x210385b2, 0x07821e00, 0x0385b320, 0x82fe0121, 0x85b42007, 0x1f002103, 0xb5200782, 0x01210385, 0x200782ff, 
    0x210385b6, 0x07822000, 0x0385b720, 0x82fc0121, 0x85b82007, 0x71002103, 0xb9200782, 0x02210385, 0x20078277, 0x210385ba, 0x07827200, 0x0385bb20, 
    0x00780225, 0x85bc1e00, 0x73002103, 0xbd200782, 0x02210385, 0x20078279, 0x210385be, 0x07827400, 0x0385bf20, 0x007a0225, 0x85c01e00, 0x75002103, 
    0xc1200782, 0x02210385, 0x2007827b, 0x210385c2, 0x07827600, 0x0385c320, 0x827c0221, 0x85c42007, 0x77002103, 0xc5200782, 0x02210385, 0x2007827d, 
    0x250385c6, 0x00007800, 0x0385c71e, 0x827e0221, 0x85c82007, 0xd5002103, 0xc9200782, 0x02210385, 0x200782b9, 0x210385ca, 0x0782d600, 0x0385cb20, 
    0xd3830220, 0x0b82cc20, 0x01210382, 0x20078258, 0x210385cd, 0x07821f03, 0x0385ce20, 0x82590121, 0x85cf2007, 0x20032103, 0xd0200782, 0x01210385, 
    0x2007825a, 0x210385d1, 0x07822103, 0x0385d220, 0x825b0121, 0x85d32007, 0x22032103, 0xd4200782, 0x01210385, 0x8307825c, 0x21038293, 0x0b822303, 
    0x0385d620, 0x825d0121, 0x85d72007, 0x24032103, 0xd8200782, 0x01210385, 0x2007825e, 0x210385d9, 0x07822503, 0x0385da20, 0x825f0121, 0x85db2007, 
    0x26032103, 0xdc200782, 0x01210385, 0x20078260, 0x210385dd, 0x07822703, 0x0385de20, 0x82610121, 0x85df2007, 0x28032103, 0xe0200782, 0x01210385, 
    0x20078262, 0x210385e1, 0x07822903, 0x0385e220, 0x82630121, 0x85e32007, 0x2a032103, 0xe4200782, 0x01210385, 0x200782bd, 0x210385e5, 0x07829e03, 
    0x0385e620, 0x82be0121, 0x85e72007, 0x9f032103, 0xe8200782, 0x01210385, 0x200782bf, 0x210385e9, 0x0782a003, 0x0385ea20, 0x82c00121, 0x85eb2007, 
    0xa1032103, 0xec200782, 0x01210385, 0x200782c1, 0x210385ed, 0x0782a203, 0x0385ee20, 0x82c20121, 0x85ef2007, 0xa3032103, 0xf0200782, 0x01210385, 
    0x200782c3, 0x210385f1, 0x0782a403, 0x0385f220, 0x82dc0121, 0x85f32007, 0xc0032103, 0xf4200782, 0x01210385, 0x200782dd, 0x210385f5, 0x0782c103, 
    0x0385f620, 0x82de0121, 0x85f72007, 0xc2032103, 0xf8200782, 0x01210385, 0x200782df, 0x210385f9, 0x0782c303, 0x0382fa20, 0x0000ff28, 0x00007c09, 
    0x0382001f, 0x00000724, 0x07822a04, 0x03820820, 0x10820f20, 0x07822320, 0x03821020, 0x00001524, 0x07824c04, 0x03821820, 0x17821d20, 0x07827d20, 
    0x03822020, 0x17822720, 0x07825620, 0x03822820, 0x17822f20, 0x0782b120, 0x03823020, 0x5f533720, 0x381f2105, 0x3f200b82, 0xdb201782, 0x40200782, 
    0x45200382, 0x21058b5d, 0x0b82481f, 0x00004d24, 0x07826701, 0x03825020, 0x2f825720, 0x07828d20, 0x03855920, 0x82e40121, 0x855b2007, 0xe5012103, 
    0x5d200782, 0x01210385, 0x200782e6, 0x2103855f, 0x0782e701, 0x03826020, 0x04214382, 0x200782a0, 0x20038268, 0x835f826f, 0x82702023, 0x2103820b, 
    0x07823204, 0x03857120, 0x82820921, 0x85722007, 0x52042103, 0x73200782, 0x09210385, 0x20078283, 0x21038574, 0x07825e04, 0x03857520, 0x82840921, 
    0x85762007, 0x79042103, 0x77200782, 0x09210385, 0x20078285, 0x21038578, 0x07823403, 0x03821b83, 0x82860921, 0x857a200b, 0x95042103, 0x7b200782, 
    0x09210385, 0x20078287, 0x2103857c, 0x0782a804, 0x03857d20, 0x82880921, 0x82802007, 0x211f8203, 0x07823304, 0x8f240f83, 0x33000000, 0x90200b82, 
    0x97230382, 0x83040000, 0x829820eb, 0x829f200b, 0x82bc2017, 0x20e78307, 0x054b52a7, 0x4b831f20, 0xef82af20, 0x1782ef20, 0x0382b020, 0x1782b420, 
    0x07823b20, 0x0382b620, 0x0b82b720, 0x07824020, 0x0382b820, 0x3b82ba20, 0x07822b20, 0x0385bb20, 0x822f0021, 0x824b8307, 0x83002003, 0x82bd202f, 
    0x00c1240f, 0x82890900, 0x82c22007, 0x55c42003, 0x1f210593, 0x200b82c6, 0x200b82c7, 0x2007826a, 0x200382c8, 0x204782c9, 0x20078283, 0x200382ca, 
    0x200b82cb, 0x200782b9, 0x210385cc, 0x0782c400, 0x0385cd20, 0x828e0921, 0x85ce2007, 0x83092003, 0x82cf20c7, 0x2103820b, 0x07829209, 0x0382d020, 
    0x0f55d220, 0xd31f2105, 0x03820b82, 0x82940921, 0x82d62007, 0x82d72003, 0x827d2017, 0x82d82007, 0x82db2003, 0x82e3205f, 0x85dd2007, 0x95092103, 
    0xde200782, 0x09210385, 0x20078297, 0x210385df, 0x07829909, 0x0382e020, 0x2b54e220, 0x831f2005, 0x21038233, 0x13829b09, 0x0382e420, 0x0f55e520, 
    0xe61f2105, 0xe7200b82, 0x99200b82, 0xe8200782, 0xeb230382, 0x83010000, 0x82ec2007, 0x2503820b, 0x00007c01, 0x0382ed1f, 0x0000ef24, 0x07829c09, 
    0x0382f220, 0x5753f420, 0xf61f2105, 0xf7200b82, 0x21053b53, 0x0b82f81f, 0x01210382, 0x2007826d, 0x210385f9, 0x07826f01, 0x0385fa20, 0x82ee0321, 
    0x85fb2007, 0xe4032103, 0xfc200782, 0x03200385, 0x1f213f82, 0x820b82fd, 0xa0092103, 0xfe200782, 0x09240385, 0x200000a2, 0x2025ea82, 0x0600000b, 
    0x200b8296, 0x21038510, 0x07824008, 0x03851120, 0x82420821, 0x85122007, 0x55052103, 0x13200782, 0x05210385, 0x20078254, 0x24038214, 0x05000015, 
    0x20078256, 0x20038516, 0x21778209, 0x0b821720, 0x08210382, 0x200782d2, 0x24038218, 0x05000019, 0x2007826a, 0x2103851a, 0x07827205, 0x03851b20, 
    0x82860821, 0x821c2007, 0x821e2003, 0x24cb8223, 0x00001f20, 0x21038220, 0x07828508, 0x20219c82, 0x20178221, 0x200b82ab, 0x21038522, 0x07825805, 
    0x03852320, 0x825b0521, 0x85242007, 0x83082003, 0x82252053, 0x2103820b, 0x07827f05, 0x03852620, 0x827e0521, 0x85272007, 0x41082103, 0x2f200782, 
    0x06210385, 0x20078294, 0x24038230, 0x06000031, 0x2007825e, 0x20038232, 0x206b8234, 0x20078273, 0x20038235, 0x200b8237, 0x20078277, 0x21038538, 
    0x0782e607, 0x03823920, 0x17823a20, 0x07828b20, 0x03853b20, 0x82870821, 0x853c2007, 0x33052103, 0x3d200782, 0x05200385, 0x20212782, 0x820b823e, 
    0x76082103, 0x3f200782, 0x08210385, 0x200782d4, 0x21038540, 0x0782ed07, 0x03829383, 0x82e70721, 0x8542200b, 0xd8072103, 0x43200782, 0x05210385, 
    0x2007825a, 0x21038544, 0x07822a06, 0x03854520, 0x4f830520, 0x0b824620, 0x05210382, 0x20078241, 0x20038247, 0x829b8248, 0x492021b7, 0x03820b82, 
    0x82350521, 0x854a2007, 0xa4092103, 0x4b200782, 0x05210385, 0x200782c0, 0x2003824c, 0x202f824d, 0x2007825c, 0x2103854e, 0x0782a509, 0x03854f20, 
    0x82880821, 0x82502007, 0x00562403, 0x82a60900, 0x85572007, 0x83052003, 0x825820cb, 0x825e200b, 0x82ad2017, 0x855f2007, 0x95062103, 0x70200782, 
    0x05210385, 0x200782e4, 0x21038571, 0x0782d205, 0x03827420, 0x6b827920, 0x0782e820, 0x03827a20, 0x0b827c20, 0x0782f220, 0x03827d20, 0x0b827e20, 
    0x0782ee20, 0x03857f20, 0x82d70521, 0x00802807, 0x00892000, 0x820f0600, 0x828a2007, 0x828c2003, 0x821d200b, 0x828d2007, 0x828e2003, 0x8219200b, 
    0x85902007, 0xf5052103, 0x91200782, 0x05210385, 0x200782f9, 0x21038592, 0x07820306, 0x03859320, 0x820c0621, 0x85942007, 0xb5092103, 0xab830782, 
    0x05210382, 0x200b82fc, 0x20038296, 0x20838299, 0x200782ff, 0x2103859a, 0x07820406, 0x03829b20, 0x6b829c20, 0x07820720, 0x0385a020, 0x821f0821, 
    0x85a12007, 0x02052103, 0xa2200782, 0x05200385, 0xa3202f83, 0x03820b82, 0x6b830520, 0x0b82a420, 0x04210382, 0x200782fd, 0x200385a5, 0x20478305, 
    0x820b82a6, 0x00052103, 0xa7200782, 0x04200385, 0xa820b383, 0x03820b82, 0x820a0521, 0x85a92007, 0x83042003, 0x82aa209b, 0x2103820b, 0x07820805, 
    0x0385ab20, 0x82630221, 0x85ac2007, 0xf6042103, 0xad200782, 0x04210385, 0x200782fb, 0x200382ae, 0x82cb82af, 0xb0202160, 0x03820b82, 0x82b60921, 
    0x85b12007, 0xfa042103, 0xb2200782, 0x05210385, 0x20078201, 0x240382b3, 0x040000b4, 0x200782fe, 0x210385b5, 0x07820305, 0x0382b620, 0x0000b723, 
    0x21038209, 0x0b82b820, 0x04210382, 0x200782f8, 0x210385b9, 0x0782f704, 0x0385ba20, 0x82f40421, 0x85bb2007, 0xb9092103, 0xbc200782, 0x05210385, 
    0x20078209, 0x210385bd, 0x0782f504, 0x0385be20, 0x820b0521, 0x85bf2007, 0x0e052103, 0xdb200782, 0xdc200382, 0x4f836b82, 0x0b82dd20, 0x0000de24, 
    0x07820707, 0x0385e820, 0x82bc0921, 0x85f02007, 0xbd092503, 0x00210000, 0x01240382, 0x63060000, 0x03200782, 0x06210385, 0x200782a3, 0x21038505, 
    0x07826206, 0x03850620, 0x82610621, 0x85092007, 0xa4062103, 0x13200782, 0x08210385, 0x2007825a, 0x21038516, 0x0782a206, 0x03851720, 0x82b30521, 
    0x851e2007, 0x89012103, 0x1f200782, 0x01210385, 0x20078288, 0x82038220, 0xb505217c, 0x22200782, 0x05210385, 0x200782b4, 0x21038523, 0x0782e309, 
    0x03852620, 0x0b830320, 0x0b822a20, 0xa7822b20, 0x0782a520, 0x03852e20, 0x82a80621, 0x85322007, 0x8c002103, 0x3b200782, 0x05210385, 0x200782b7, 
    0x2103854d, 0x07826006, 0x03854f20, 0x82be0921, 0x85532007, 0x54062103, 0xb7830782, 0x06210382, 0x200b8257, 0x2003855b, 0x210f8206, 0x0b825c21, 
    0x06200382, 0x21210382, 0x820b825d, 0x83062003, 0x825e201f, 0x2103820b, 0x07825906, 0x03855f20, 0x82580621, 0x82638307, 0x9a082103, 0x61200b82, 
    0x08210385, 0x200782a1, 0x21038562, 0x07829f08, 0x03856320, 0x82970821, 0x85642007, 0x95082103, 0x65200782, 0x08210385, 0x2007829c, 0x21038566, 
    0x07829b08, 0x03856720, 0x82920821, 0x85682007, 0x99082103, 0x69200782, 0x08210385, 0x2007829d, 0x2103856a, 0x07829308, 0x03856b20, 0x82a00821, 
    0x856c2007, 0x94082103, 0x6d200782, 0x08210385, 0x20078298, 0x2103856e, 0x07829608, 0x03856f20, 0x829e0821, 0x85702007, 0x73082103, 0x71200782, 
    0x08210385, 0x200782d1, 0x21038572, 0x0782bc08, 0x03857320, 0x822b0821, 0x85742007, 0x2a082103, 0x75200782, 0x08210385, 0x200782ac, 0x21038576, 
    0x0782ab08, 0x03857720, 0x82150821, 0x85782007, 0x83082003, 0x827920d3, 0x2103820b, 0x0782b708, 0x03857a20, 0x82170821, 0x857b2007, 0xd0082103, 
    0x7c200782, 0x88240382, 0xbf090000, 0x90200782, 0x06210385, 0x200782a9, 0x21038591, 0x0782bb06, 0x03859220, 0x82ae0621, 0x85932007, 0x83062003, 
    0x829420a7, 0x2003820b, 0x205f8306, 0x820b8295, 0xbd062103, 0x96200782, 0x99240382, 0xb3060000, 0x4b830782, 0x0b82aa20, 0x0b82be20, 0x0382b020, 
    0x0b82b120, 0x0782fe20, 0x0385b320, 0x82fd0621, 0x85b42007, 0x00072103, 0xb5200782, 0x06210385, 0x200782fc, 0x820382ba, 0xf506217f, 0xab830782, 
    0x06210382, 0x200b82ac, 0x210385d2, 0x0782b106, 0x0385d420, 0x82b90621, 0x82de2007, 0x00df2403, 0x82030700, 0x82e42007, 0x82e52003, 0x8201200b, 
    0x85e72007, 0xec062103, 0xea200782, 0x06250385, 0x220000ed, 0x21038502, 0x0782c305, 0x03850520, 0x82c80521, 0x85062007, 0xdc032103, 0x0f200782, 
    0x05210385, 0x200782c5, 0x21038511, 0x0782c405, 0x03851220, 0xeb820520, 0x821a2221, 0x2103820b, 0x0782c705, 0x03851e20, 0x82c20521, 0x852b2007, 
    0xc6052103, 0x48200782, 0x05210385, 0x2007829a, 0x21038560, 0x07829405, 0x03826420, 0x00006528, 0x00009105, 0x03850323, 0x82ef0621, 0x208f8207, 
    0x21038223, 0x0b82f006, 0x03851820, 0x82ee0621, 0x85252007, 0xf2062103, 0x26200782, 0x27240382, 0xf8060000, 0x6b820782, 0x03822320, 0x82f70621, 
    0x8580200b, 0xf1062103, 0x87200782, 0x06210385, 0x200782f3, 0x2103858b, 0x0782f406, 0x0385ce20, 0x82fb0621, 0x85cf2007, 0xfa062503, 0x23240000, 
    0x08210385, 0x820782af, 0x682425a7, 0x24070000, 0xb6200b82, 0x27820382, 0x82090721, 0x85ea2007, 0x82072003, 0xa025252b, 0xa2250000, 0xdb208382, 
    0xaa200782, 0x05210385, 0x2007825e, 0x210385b2, 0x0782d106, 0x0385b320, 0x82d50621, 0x20478207, 0x21038225, 0x0b82d306, 0x0385b720, 0x82d70621, 
    0x85ba2007, 0x20178403, 0x820b82bb, 0x20178403, 0x820b82bc, 0xd0062103, 0xbd200782, 0x06210385, 0x200782d4, 0x210385c0, 0x0782d206, 0x0385c120, 
    0x82d60621, 0x85c42007, 0x20178403, 0x820b82c5, 0x20178403, 0x820b82c6, 0xe0062103, 0xc7200782, 0x06210385, 0x200782e2, 0x210385ca, 0x0782c905, 
    0x0385cb20, 0x82da0621, 0x20eb8207, 0x21038225, 0x0b82d906, 0x0385e620, 0x82590521, 0x85ef2007, 0x05072503, 0x00260000, 0x06210385, 0x830782e5, 
    0x0006240f, 0x82e90600, 0x853c200b, 0xe4062103, 0x61200782, 0x06210385, 0x200782e6, 0x21038565, 0x0782e706, 0x0385a020, 0x00d80625, 0x85132700, 
    0xce062103, 0x17200782, 0x06200385, 0x27217b82, 0x820b8256, 0xe1062103, 0x64200782, 0x06210385, 0x200782e8, 0x20038280, 0x05974188, 0x8f822720, 
    0x09210383, 0x201382cc, 0x210385f5, 0x0782aa06, 0x0385f620, 0x82af0621, 0x85f72007, 0xb8062103, 0xf8200782, 0x06210385, 0x200782ad, 0x210385f9, 
    0x0782b206, 0x0385fa20, 0x00ba0624, 0xc7822b00, 0x06210383, 0x200b82eb, 0x82038212, 0xde06219f, 0x1c200782, 0x07200385, 0x2c241f82, 0x2c00007c, 
    0x05210382, 0x200782fe, 0x2003857f, 0x24678201, 0x0000ff2d, 0x2503822d, 0x0000cd09, 0x0385182e, 0x003b0525, 0x859fa600, 0xce092403, 0x82a70000, 
    0x2503831f, 0x0000cf09, 0x03852ea9, 0x00d00925, 0x8500e000, 0xe3062103, 0x02200782, 0x0b240382, 0x97000000, 0x0c200782, 0x2b200382, 0xe9200b82, 
    0x2c200782, 0x4a240382, 0x20020000, 0x4b200782, 0x02200385, 0xe021cb82, 0x820b824c, 0xb4022103, 0x4d200782, 0x02210385, 0x200782bb, 0x2103854e, 
    0x0782bf02, 0x03854f20, 0x82c40221, 0x82502007, 0x825c2003, 0x82e22047, 0x855d2007, 0x46032103, 0x5e200782, 0x03210385, 0x2007824c, 0x2103855f, 
    0x07825603, 0x03856020, 0x82580321, 0x82612007, 0x00692403, 0x825a0300, 0x856a2007, 0x73032103, 0x6b200782, 0x80240382, 0x1b050000, 0x93200782, 
    0x96200382, 0x84200b82, 0xa5200782, 0xa6200382, 0xbd200b82, 0xa7200782, 0xa8200382, 0xf0200b82, 0xa9200782, 0xab200382, 0xf6200b82, 0xac200782, 
    0xc7820382, 0x82fa0521, 0x85ae2007, 0x05062103, 0xaf200782, 0x06210385, 0x2007820b, 0x240382b0, 0x060000b1, 0x2007820d, 0x200382b2, 0x830b82b3, 
    0x82f3836b, 0x2006215b, 0xbe201382, 0xe5200382, 0x2b201782, 0xe6200782, 0x06210385, 0x20078270, 0x210385f3, 0x0782e008, 0x0385f420, 0x37830920, 
    0x0b82f520, 0x08200382, 0xe0213382, 0x820b82f6, 0x5c082103, 0xf7200782, 0x08200385, 0xf820f783, 0x03820b82, 0x825d0821, 0x85f92007, 0x61082103, 
    0xfa200782, 0x09210385, 0x200782a3, 0x210385fb, 0x07828f09, 0x0385fc20, 0xff820920, 0x82fde021, 0x2103820b, 0x07829109, 0x0385fe20, 0x82980921, 
    0x85ff2007, 0x93092503, 0x00e10000, 0x09210385, 0x2007829a, 0x21038501, 0x07829f09, 0x03850220, 0x82a10921, 0x85032007, 0x82072003, 0x04e12137, 
    0x03820b82, 0x82c00721, 0x85052007, 0x83082003, 0x8206200b, 0x2103820b, 0x07820a08, 0x03820720, 0x00000924, 0x0782ea07, 0x03820f83, 0x82d60721, 
    0x850b200b, 0x83082003, 0x820c205b, 0x2103820b, 0x07821308, 0x03850d20, 0x82100821, 0x850e2007, 0x83082003, 0x820f2007, 0x2103820b, 0x07825308, 
    0x03821b83, 0x82c30821, 0x8511200b, 0x5f082103, 0x12200782, 0x08210385, 0x200782bd, 0x21038513, 0x07820c08, 0x03851420, 0x82010821, 0x85152007, 
    0x8b082103, 0x16200782, 0x07210385, 0x200782f2, 0x20038517, 0x20978308, 0x820b8218, 0x82082003, 0x19e1216f, 0x03820b82, 0x82e90721, 0x851a2007, 
    0xdd072103, 0x1b200782, 0x07210385, 0x200782bf, 0x2103851c, 0x0782de07, 0x03851e20, 0x17830820, 0x0b821f20, 0x07210382, 0x200782f3, 0x21038520, 
    0x0782e207, 0x03852120, 0x82090821, 0x85222007, 0x83082003, 0x822320bb, 0x2103820b, 0x07825e08, 0x03852420, 0x820d0821, 0x85252007, 0xc2082103, 
    0x26200782, 0x07210385, 0x200782f4, 0x21038527, 0x0782df07, 0x03852820, 0x82fa0721, 0x85292007, 0xce082103, 0x2a200782, 0x08210385, 0x200782be, 
    0x2403822b, 0x07000037, 0x2007822d, 0x20038238, 0x200b823d, 0x8307823e, 0x20738203, 0x21038207, 0x0f825fe1, 0x17826220, 0x07823a20, 0x03856320, 
    0x82da0521, 0x85642007, 0xf1072503, 0x01ee0000, 0x05210385, 0x20078282, 0x21038502, 0x07820a00, 0x03850320, 0x82ec0121, 0x85042007, 0x15022103, 
    0x05200782, 0x03250385, 0xf60000cd, 0x250385c3, 0x00007806, 0x038220fe, 0x09218b82, 0x200782d1, 0x250385ff, 0x0100f109, 0x03842ff1, 0xb2050022, 
    0x30200782, 0x49200382, 0x44208f82, 0x6a200782, 0x00220384, 0x0782b905, 0x03846b20, 0xb8050026, 0x50f80100, 0x00220384, 0x0782ab06, 0x03845220, 
    0xb0060026, 0x03000000, 0x02820382, 0x003afe22, 0x0882c182, 0x0134028e, 0x00030400, 0x0d010101, 0x65746e49, 0x654d2d72, 0x6d756964, 0x68261083, 
    0x0b00001d, 0x0583007a, 0x83017b21, 0x0c7c2105, 0x7d210c84, 0x340c8302, 0x17f8037e, 0x0c5afc04, 0x0c6ef703, 0x00a01e04, 0x8b1f5135, 0x2807878b, 
    0xff1d070c, 0xfeadf7ff, 0x21298218, 0x04826a1c, 0x05120c22, 0x95220582, 0x05830fd1, 0xbc10d628, 0xd901001d, 0x0c83127f, 0xd8021407, 0x02f80911, 
    0x06000100, 0x14000d00, 0x22001b00, 0x30002900, 0x3e003700, 0x4c004500, 0x5a005300, 0x68006100, 0x76006f00, 0x84007d00, 0x92008b00, 0xa0009900, 
    0xae00a700, 0xbc00b500, 0xca00c300, 0xd800d100, 0xe600df00, 0xf400ed00, 0x0201fb00, 0x10010901, 0x1e011701, 0x2c012501, 0x3a013301, 0x48014101, 
    0x56014f01, 0x64015d01, 0x72016b01, 0x80017901, 0x8e018701, 0x9c019501, 0xaa01a301, 0xb801b101, 0xc601bf01, 0xd401cd01, 0xe201db01, 0xf001e901, 
    0xfe01f701, 0x0c020502, 0x1a021302, 0x28022102, 0x36022f02, 0x44023d02, 0x52024b02, 0x60025902, 0x6e026702, 0x7c027502, 0x8a028302, 0x98029102, 
    0xa6029f02, 0xb402ad02, 0xc202bb02, 0xd002c902, 0xde02d702, 0xec02e502, 0xfa02f302, 0x08030103, 0x16030f03, 0x24031d03, 0x32032b03, 0x40033903, 
    0x4e034703, 0x5c035503, 0x6a036303, 0x78037103, 0x86037f03, 0x94038d03, 0xa2039b03, 0xb003a903, 0xbe03b703, 0xcc03c503, 0xda03d303, 0xe803e103, 
    0xf603ef03, 0x0404fd03, 0x12040b04, 0x20041904, 0x2e042704, 0x3c043504, 0x4a044304, 0x58045104, 0x66045f04, 0x74046d04, 0x82047b04, 0x90048904, 
    0x9e049704, 0xac04a504, 0xba04b304, 0xc804c104, 0xd604cf04, 0xe404dd04, 0xf204eb04, 0x0005f904, 0x0e050705, 0x1c051505, 0x2a052305, 0x38053105, 
    0x46053f05, 0x54054d05, 0x62055b05, 0x70056905, 0x7e057705, 0x8c058505, 0x9a059305, 0xa805a105, 0xb605af05, 0xc405bd05, 0xd205cb05, 0xe005d905, 
    0xee05e705, 0xfc05f505, 0x0a060306, 0x18061106, 0x26061f06, 0x34062d06, 0x42063b06, 0x50064906, 0x5e065706, 0x6c066506, 0x7a067306, 0x88068106, 
    0x96068f06, 0xa4069d06, 0xb206ab06, 0xc006b906, 0xce06c706, 0xdc06d506, 0xea06e306, 0xf806f106, 0x0607ff06, 0x14070d07, 0x22071b07, 0x30072907, 
    0x3e073707, 0x4c074507, 0x5a075307, 0x68076107, 0x76076f07, 0x84077d07, 0x92078b07, 0xa0079907, 0xae07a707, 0xbc07b507, 0xca07c307, 0xd807d107, 
    0xe607df07, 0xf407ed07, 0x0208fb07, 0x10080908, 0x1e081708, 0x2c082508, 0x3a083308, 0x48084108, 0x56084f08, 0x64085d08, 0x72086b08, 0x80087908, 
    0x8e088708, 0x9c089508, 0xaa08a308, 0xb808b108, 0xc608bf08, 0xd408cd08, 0xe208db08, 0xf008e908, 0xfe08f708, 0x0c090509, 0x1a091309, 0x28092109, 
    0x36092f09, 0x44093d09, 0x52094b09, 0x60095909, 0x6e096709, 0x7c097509, 0x8a098309, 0x98099109, 0xa6099f09, 0xb409ad09, 0xc209bb09, 0xd009c909, 
    0xde09d709, 0xec09e509, 0xfa09f309, 0x080a010a, 0x160a0f0a, 0x240a1d0a, 0x320a2b0a, 0x400a390a, 0x4e0a470a, 0x5c0a550a, 0x6a0a630a, 0x780a710a, 
    0x860a7f0a, 0x940a8d0a, 0xa20a9b0a, 0xb00aa90a, 0xbe0ab70a, 0xcc0ac50a, 0xda0ad30a, 0xe80ae10a, 0xf60aef0a, 0x040bfd0a, 0x120b0b0b, 0x200b190b, 
    0x2e0b270b, 0x3c0b350b, 0x4a0b430b, 0x580b510b, 0x660b5f0b, 0x740b6d0b, 0x820b7b0b, 0x900b890b, 0x9e0b970b, 0xac0ba50b, 0xba0bb30b, 0xc80bc10b, 
    0xd60bcf0b, 0xe40bdd0b, 0xf20beb0b, 0x000cf90b, 0x0e0c070c, 0x1c0c150c, 0x2a0c230c, 0x380c310c, 0x460c3f0c, 0x540c4d0c, 0x620c5b0c, 0x700c690c, 
    0x7e0c770c, 0x8c0c850c, 0x9a0c930c, 0xa80ca10c, 0xb60caf0c, 0xc40cbd0c, 0xd20ccb0c, 0xe00cd90c, 0xee0ce70c, 0xfc0cf50c, 0x0a0d030d, 0x180d110d, 
    0x260d1f0d, 0x340d2d0d, 0x420d3b0d, 0x500d490d, 0x5e0d570d, 0x6c0d650d, 0x7a0d730d, 0x880d810d, 0x960d8f0d, 0xa40d9d0d, 0xb20dab0d, 0xc00db90d, 
    0xce0dc70d, 0xdc0dd50d, 0xea0de30d, 0xf80df10d, 0x060eff0d, 0x140e0d0e, 0x220e1b0e, 0x300e290e, 0x3e0e370e, 0x4c0e450e, 0x5a0e530e, 0x680e610e, 
    0x760e6f0e, 0x840e7d0e, 0x920e8b0e, 0xa00e990e, 0xae0ea70e, 0xbc0eb50e, 0xca0ec30e, 0xd80ed10e, 0xe60edf0e, 0xf40eed0e, 0x020ffb0e, 0x100f090f, 
    0x1e0f170f, 0x2c0f250f, 0x3a0f330f, 0x480f410f, 0x560f4f0f, 0x640f5d0f, 0x720f6b0f, 0x800f790f, 0x8e0f870f, 0x9c0f950f, 0xaa0fa30f, 0xb80fb10f, 
    0xc60fbf0f, 0xd40fcd0f, 0xe20fdb0f, 0xf00fe90f, 0xfe0ff70f, 0x0c100510, 0x1a101310, 0x28102110, 0x36102f10, 0x44103d10, 0x52104b10, 0x60105910, 
    0x6e106710, 0x7c107510, 0x8a108310, 0x98109110, 0xa6109f10, 0xb410ad10, 0xc210bb10, 0xd010c910, 0xde10d710, 0xec10e510, 0xfa10f310, 0x08110111, 
    0x16110f11, 0x24111d11, 0x32112b11, 0x40113911, 0x4e114711, 0x5c115511, 0x6a116311, 0x78117111, 0x86117f11, 0x94118d11, 0xa711a011, 0xb511ae11, 
    0xc311bc11, 0xd111ca11, 0xdf11d811, 0xed11e611, 0xfb11f411, 0x09120212, 0x17121012, 0x25121e12, 0x33122c12, 0x41123a12, 0x4f124812, 0x5d125612, 
    0x6b126412, 0x79127212, 0x87128012, 0x95128e12, 0xa3129c12, 0xb112aa12, 0xbf12b812, 0xcd12c612, 0xdb12d412, 0xe912e212, 0xf712f012, 0x0513fe12, 
    0x13130c13, 0x21131a13, 0x2f132813, 0x3d133613, 0x4b134413, 0x59135213, 0x67136013, 0x75136e13, 0x83137c13, 0x91138a13, 0x9f139813, 0xad13a613, 
    0xbb13b413, 0xc913c213, 0xd713d013, 0xe513de13, 0xf313ec13, 0x0114fa13, 0x0f140814, 0x1d141614, 0x2b142414, 0x39143214, 0x47144014, 0x55144e14, 
    0x63145c14, 0x71146a14, 0x7f147814, 0x8d148614, 0x9b149414, 0xa914a214, 0xb714b014, 0xc514be14, 0xd314cc14, 0xe114da14, 0xef14e814, 0xfd14f614, 
    0x0b150415, 0x19151215, 0x27152015, 0x35152e15, 0x43153c15, 0x51154a15, 0x5f155815, 0x6d156615, 0x7b157415, 0x89158215, 0x97159015, 0xa5159e15, 
    0xb315ac15, 0xc115ba15, 0xcf15c815, 0xdd15d615, 0xeb15e415, 0xf915f215, 0x07160016, 0x15160e16, 0x23161c16, 0x31162a16, 0x3f163816, 0x4d164616, 
    0x5b165416, 0x69166216, 0x77167016, 0x85167e16, 0x93168c16, 0xa1169a16, 0xaf16a816, 0xbd16b616, 0xcb16c416, 0xd916d216, 0xe716e016, 0xf516ee16, 
    0x0317fc16, 0x11170a17, 0x1f171817, 0x2d172617, 0x3b173417, 0x49174217, 0x57175017, 0x65175e17, 0x73176c17, 0x81177a17, 0x8f178817, 0x9d179617, 
    0xab17a417, 0xb917b217, 0xc717c017, 0xd517ce17, 0xe317dc17, 0xf117ea17, 0xff17f817, 0x0d180618, 0x1b181418, 0x29182218, 0x3c183518, 0x4a184318, 
    0x58185118, 0x66185f18, 0x74186d18, 0x82187b18, 0x90188918, 0x9e189718, 0xac18a518, 0xba18b318, 0xc818c118, 0xd618cf18, 0xe418dd18, 0xf218eb18, 
    0x0019f918, 0x0e190719, 0x1c191519, 0x2a192319, 0x38193119, 0x46193f19, 0x54194d19, 0x62195b19, 0x70196919, 0x7e197719, 0x8c198519, 0x9a199319, 
    0xa819a119, 0xb619af19, 0xc419bd19, 0xd219cb19, 0xe019d919, 0xee19e719, 0xfc19f519, 0x0a1a031a, 0x181a111a, 0x261a1f1a, 0x341a2d1a, 0x421a3b1a, 
    0x501a491a, 0x5e1a571a, 0x6c1a651a, 0x7a1a731a, 0x881a811a, 0x961a8f1a, 0xa41a9d1a, 0xb21aab1a, 0xc01ab91a, 0xce1ac71a, 0xdc1ad51a, 0xea1ae31a, 
    0xf81af11a, 0x061bff1a, 0x141b0d1b, 0x221b1b1b, 0x301b291b, 0x3e1b371b, 0x4c1b451b, 0x5a1b531b, 0x681b611b, 0x761b6f1b, 0x841b7d1b, 0x921b8b1b, 
    0xa01b991b, 0xae1ba71b, 0xbc1bb51b, 0xca1bc31b, 0xd81bd11b, 0xe61bdf1b, 0xf41bed1b, 0x021cfb1b, 0x101c091c, 0x1e1c171c, 0x2c1c251c, 0x3a1c331c, 
    0x481c411c, 0x561c4f1c, 0x641c5d1c, 0x721c6b1c, 0x801c791c, 0x8e1c871c, 0x9c1c951c, 0xaa1ca31c, 0xb81cb11c, 0xc61cbf1c, 0xd41ccd1c, 0xe21cdb1c, 
    0xf01ce91c, 0xfe1cf71c, 0x0c1d051d, 0x1a1d131d, 0x281d211d, 0x361d2f1d, 0x441d3d1d, 0x521d4b1d, 0x601d591d, 0x6e1d671d, 0x7c1d751d, 0x8a1d831d, 
    0x981d911d, 0xa61d9f1d, 0xb41dad1d, 0xc21dbb1d, 0xd01dc91d, 0xde1dd71d, 0xec1de51d, 0xfa1df31d, 0x081e011e, 0x161e0f1e, 0x241e1d1e, 0x321e2b1e, 
    0x401e391e, 0x4e1e471e, 0x5c1e551e, 0x6a1e631e, 0x781e711e, 0x861e7f1e, 0x941e8d1e, 0xa21e9b1e, 0xb01ea91e, 0xbe1eb71e, 0xcc1ec51e, 0xda1ed31e, 
    0xe81ee11e, 0xf61eef1e, 0x041ffd1e, 0x121f0b1f, 0x201f191f, 0x2e1f271f, 0x3c1f351f, 0x4a1f431f, 0x581f511f, 0x661f5f1f, 0x741f6d1f, 0x821f7b1f, 
    0x901f891f, 0x9e1f971f, 0xac1fa51f, 0xba1fb31f, 0xc81fc11f, 0xd61fcf1f, 0xe41fdd1f, 0xf21feb1f, 0x0020f91f, 0x0e200720, 0x1c201520, 0x2a202320, 
    0x38203120, 0x46203f20, 0x54204d20, 0x62205b20, 0x70206920, 0x7e207720, 0x8c208520, 0x9a209320, 0xa820a120, 0xb620af20, 0xc420bd20, 0xd220cb20, 
    0xe020d920, 0xee20e720, 0xfc20f520, 0x0a210321, 0x18211121, 0x26211f21, 0x34212d21, 0x42213b21, 0x50214921, 0x5e215721, 0x6c216521, 0x7a217321, 
    0x88218121, 0x96218f21, 0xa4219d21, 0xb221ab21, 0xc021b921, 0xce21c721, 0xdc21d521, 0xea21e321, 0xf821f121, 0x0622ff21, 0x14220d22, 0x22221b22, 
    0x30222922, 0x3e223722, 0x4c224522, 0x5a225322, 0x68226122, 0x76226f22, 0x84227d22, 0x92228b22, 0xa0229922, 0xae22a722, 0xbc22b522, 0xca22c322, 
    0xd822d122, 0xe622df22, 0xf422ed22, 0x0223fb22, 0x10230923, 0x1e231723, 0x2c232523, 0x3a233323, 0x48234123, 0x56234f23, 0x64235d23, 0x72236b23, 
    0x80237923, 0x8e238723, 0x9c239523, 0xaa23a323, 0xb823b123, 0xc623bf23, 0xd423cd23, 0xe223db23, 0xf023e923, 0xfe23f723, 0x0c240524, 0x1a241324, 
    0x28242124, 0x36242f24, 0x44243d24, 0x52244b24, 0x60245924, 0x6e246724, 0x7c247524, 0x8a248324, 0x98249124, 0xa6249f24, 0xb424ad24, 0xc224bb24, 
    0xd024c924, 0xde24d724, 0xf124e524, 0x0925fd24, 0x21251525, 0x39252d25, 0x47254025, 0x55254e25, 0x63255c25, 0x71256a25, 0x7f257825, 0x8d258625, 
    0x9b259425, 0xa925a225, 0xb725b025, 0xca25be25, 0xe225d625, 0xfa25ee25, 0x12260626, 0x2a261e26, 0x42263626, 0x50264926, 0x5e265726, 0x6c266526, 
    0x7a267326, 0x88268126, 0x96268f26, 0xa4269d26, 0xb226ab26, 0xc026b926, 0xce26c726, 0xdc26d526, 0xef26e326, 0xfd26f626, 0x0b270427, 0x19271227, 
    0x27272027, 0x35272e27, 0x43273c27, 0x51274a27, 0x5f275827, 0x6d276627, 0x7b277427, 0x89278227, 0x97279027, 0xa5279e27, 0xbd27b127, 0xd527c927, 
    0xed27e127, 0x0528f927, 0x1d281128, 0x35282928, 0x48284128, 0x56284f28, 0x64285d28, 0x77286b28, 0x85287e28, 0x92288b28, 0xa0289928, 0xae28a728, 
    0xba28b428, 0xc828c128, 0xd628cf28, 0xe428dd28, 0xf228eb28, 0x0029f928, 0x0e290729, 0x1c291529, 0x2a292329, 0x38293129, 0x46293f29, 0x54294d29, 
    0x62295b29, 0x70296929, 0x7e297729, 0x8c298529, 0x9a299329, 0xa829a129, 0xb629af29, 0xc429bd29, 0xd229cb29, 0xe029d929, 0xee29e729, 0xfc29f529, 
    0x0a2a032a, 0x182a112a, 0x262a1f2a, 0x342a2d2a, 0x422a3b2a, 0x502a492a, 0x5e2a572a, 0x6c2a652a, 0x7a2a732a, 0x882a812a, 0x962a8f2a, 0xa42a9d2a, 
    0xb22aab2a, 0xc02ab92a, 0xce2ac72a, 0xdc2ad52a, 0xea2ae32a, 0xf82af12a, 0x062bff2a, 0x142b0d2b, 0x222b1b2b, 0x302b292b, 0x3e2b372b, 0x4c2b452b, 
    0x5a2b532b, 0x682b612b, 0x762b6f2b, 0x842b7d2b, 0x922b8b2b, 0xa02b992b, 0xae2ba72b, 0xbc2bb52b, 0xca2bc32b, 0xd82bd12b, 0xe62bdf2b, 0xf42bed2b, 
    0x022cfb2b, 0x102c092c, 0x1e2c172c, 0x2c2c252c, 0x3a2c332c, 0x482c412c, 0x562c4f2c, 0x642c5d2c, 0x722c6b2c, 0x802c792c, 0x8e2c872c, 0x9c2c952c, 
    0xaa2ca32c, 0xb82cb12c, 0xc62cbf2c, 0xd42ccd2c, 0xe22cdb2c, 0xf02ce92c, 0xfe2cf72c, 0x0c2d052d, 0x1a2d132d, 0x282d212d, 0x362d2f2d, 0x442d3d2d, 
    0x522d4b2d, 0x602d592d, 0x6e2d672d, 0x7c2d752d, 0x8a2d832d, 0xa02d992d, 0xb32da72d, 0xc12dba2d, 0xcf2dc82d, 0xe02dd62d, 0xee2de72d, 0xfc2df52d, 
    0x0a2e032e, 0x182e112e, 0x262e1f2e, 0x342e2d2e, 0x422e3b2e, 0x502e492e, 0x5e2e572e, 0x6c2e652e, 0x7a2e732e, 0x882e812e, 0x962e8f2e, 0xa42e9d2e, 
    0xb22eab2e, 0xc02eb92e, 0xce2ec72e, 0xdc2ed52e, 0xea2ee32e, 0xf82ef12e, 0x062fff2e, 0x142f0d2f, 0x222f1b2f, 0x302f292f, 0x3e2f372f, 0x4c2f452f, 
    0x5a2f532f, 0x672f612f, 0x752f6e2f, 0x832f7c2f, 0x902f892f, 0x9e2f972f, 0xac2fa52f, 0xba2fb32f, 0xc82fc12f, 0xd62fcf2f, 0xe42fdd2f, 0xf22feb2f, 
    0x0a30fe2f, 0x21301530, 0x39302d30, 0x50304530, 0x68305c30, 0x80307430, 0x98308c30, 0xa6309f30, 0xb430ad30, 0xc230bb30, 0xd030c930, 0xde30d730, 
    0xec30e530, 0xfa30f330, 0x08310131, 0x16310f31, 0x24311d31, 0x32312b31, 0x40313931, 0x4e314731, 0x5c315531, 0x6a316331, 0x78317131, 0x86317f31, 
    0x94318d31, 0xa2319b31, 0xb031a931, 0xbe31b731, 0xcc31c531, 0xda31d331, 0xe831e131, 0xf631ef31, 0x0432fd31, 0x12320b32, 0x20321932, 0x2e322732, 
    0x3c323532, 0x4a324332, 0x58325132, 0x66325f32, 0x74326d32, 0x82327b32, 0x90328932, 0x9e329732, 0xac32a532, 0xba32b332, 0xc832c132, 0xd632cf32, 
    0xe432dd32, 0xf232eb32, 0x0033f932, 0x0e330733, 0x1c331533, 0x2a332333, 0x38333133, 0x46333f33, 0x54334d33, 0x62335b33, 0x70336933, 0x7e337733, 
    0x8c338533, 0x9a339333, 0xa833a133, 0xb633af33, 0xc433bd33, 0xd233cb33, 0xde33d833, 0xea33e433, 0xf633f033, 0x0234fc33, 0x0e340834, 0x1a341434, 
    0x26342034, 0x32342c34, 0x3e343834, 0x4a344434, 0x56345034, 0x62345c34, 0x6e346834, 0x7c347534, 0x8a348334, 0x98349134, 0xa6349f34, 0xb434ad34, 
    0xc234bb34, 0xd034c934, 0xde34d734, 0xec34e534, 0xfa34f334, 0x08350135, 0x16350f35, 0x24351d35, 0x32352b35, 0x40353935, 0x4e354735, 0x5c355535, 
    0x6a356335, 0x78357135, 0x86357f35, 0x94358d35, 0xa2359b35, 0xb035a935, 0xbe35b735, 0xcc35c535, 0xda35d335, 0xe835e135, 0xf635ef35, 0x0436fd35, 
    0x12360b36, 0x20361936, 0x2e362736, 0x3c363536, 0x4a364336, 0x58365136, 0x66365f36, 0x74366d36, 0x82367b36, 0x90368936, 0x9e369736, 0xac36a536, 
    0xba36b336, 0xc836c136, 0xd636cf36, 0xe436dd36, 0xf236eb36, 0x0037f936, 0x0e370737, 0x23371c37, 0x31372a37, 0x3f373837, 0x4d374637, 0x5b375437, 
    0x69376237, 0x77377037, 0x85377e37, 0x93378c37, 0xa1379a37, 0xaf37a837, 0xbd37b637, 0xcb37c437, 0xd937d237, 0xe737e037, 0xf537ee37, 0x0338fc37, 
    0x11380a38, 0x1f381838, 0x2d382638, 0x3b383438, 0x49384238, 0x57385038, 0x65385e38, 0x73386c38, 0x81387a38, 0x8f388838, 0x9d389638, 0xab38a438, 
    0xc538b238, 0xd338cc38, 0xe138da38, 0xef38e838, 0xfd38f638, 0x13390439, 0x28392139, 0x36392f39, 0x44393d39, 0x52394b39, 0x60395939, 0x6e396739, 
    0x7c397539, 0x8a398339, 0x98399139, 0xa6399f39, 0xb439ad39, 0xc239bb39, 0xd039c939, 0xde39d739, 0xec39e539, 0xfa39f339, 0x083a013a, 0x163a0f3a, 
    0x243a1d3a, 0x323a2b3a, 0x403a393a, 0x4e3a473a, 0x5c3a553a, 0x6a3a633a, 0x783a713a, 0x863a7f3a, 0x943a8d3a, 0xa23a9b3a, 0xb03aa93a, 0xbe3ab73a, 
    0xcc3ac53a, 0xda3ad33a, 0xe83ae13a, 0xf63aef3a, 0x043bfd3a, 0x123b0b3b, 0x203b193b, 0x3b3b273b, 0x493b423b, 0x573b503b, 0x653b5e3b, 0x733b6c3b, 
    0x813b7a3b, 0x8f3b883b, 0x9d3b963b, 0xab3ba43b, 0xb93bb23b, 0xc73bc03b, 0xd53bce3b, 0xe33bdc3b, 0xf13bea3b, 0xff3bf83b, 0x0d3c063c, 0x1b3c143c, 
    0x293c223c, 0x373c303c, 0x453c3e3c, 0x533c4c3c, 0x613c5a3c, 0x6f3c683c, 0x7d3c763c, 0x8b3c843c, 0x993c923c, 0xa73ca03c, 0xb53cae3c, 0xc33cbc3c, 
    0xd13cca3c, 0xdf3cd83c, 0xed3ce63c, 0xfb3cf43c, 0x093d023d, 0x173d103d, 0x253d1e3d, 0x333d2c3d, 0x413d3a3d, 0x4f3d483d, 0x5d3d563d, 0x6b3d643d, 
    0x793d723d, 0x873d803d, 0x953d8e3d, 0xa33d9c3d, 0xb13daa3d, 0xbf3db83d, 0xcd3dc63d, 0xdb3dd43d, 0xe93de23d, 0xf73df03d, 0x053efe3d, 0x133e0c3e, 
    0x213e1a3e, 0x2f3e283e, 0x3d3e363e, 0x4b3e443e, 0x593e523e, 0x673e603e, 0x753e6e3e, 0x833e7c3e, 0x913e8a3e, 0x9f3e983e, 0xad3ea63e, 0xbb3eb43e, 
    0xc93ec23e, 0xd73ed03e, 0xe53ede3e, 0xf33eec3e, 0x013ffa3e, 0x0f3f083f, 0x1d3f163f, 0x2b3f243f, 0x393f323f, 0x473f403f, 0x553f4e3f, 0x633f5c3f, 
    0x713f6a3f, 0x7f3f783f, 0x8d3f863f, 0x9b3f943f, 0xa93fa23f, 0xb73fb03f, 0xc53fbe3f, 0xd33fcc3f, 0xe13fda3f, 0xef3fe83f, 0xfd3ff63f, 0x0b400440, 
    0x19401240, 0x27402040, 0x35402e40, 0x43403c40, 0x51404a40, 0x5f405840, 0x6d406640, 0x7b407440, 0x89408240, 0x97409040, 0xa5409e40, 0xb340ac40, 
    0xc140ba40, 0xcf40c840, 0xdd40d640, 0xeb40e440, 0xf940f240, 0x07410041, 0x15410e41, 0x23411c41, 0x31412a41, 0x3f413841, 0x4d414641, 0x5b415441, 
    0x69416241, 0x77417041, 0x85417e41, 0x93418c41, 0xa1419a41, 0xaf41a841, 0xbd41b641, 0xcb41c441, 0xd941d241, 0xe741e041, 0xf541ee41, 0x0342fc41, 
    0x11420a42, 0x1f421842, 0x2d422642, 0x3b423442, 0x49424242, 0x57425042, 0x65425e42, 0x73426c42, 0x81427a42, 0x8f428842, 0x9d429642, 0xab42a442, 
    0xb942b242, 0xc742c042, 0xd542ce42, 0xe342dc42, 0xf142ea42, 0xff42f842, 0x0d430643, 0x1b431443, 0x29432243, 0x37433043, 0x45433e43, 0x53434c43, 
    0x61435a43, 0x6f436843, 0x7d437643, 0x8b438443, 0x99439243, 0xa743a043, 0xb543ae43, 0xc343bc43, 0xd143ca43, 0xdf43d843, 0xed43e643, 0xfb43f443, 
    0x09440244, 0x17441044, 0x25441e44, 0x33442c44, 0x41443a44, 0x4f444844, 0x5d445644, 0x6b446444, 0x79447244, 0x87448044, 0x95448e44, 0xa3449c44, 
    0xb144aa44, 0xbf44b844, 0xcd44c644, 0xdb44d444, 0xe944e244, 0xf744f044, 0x0545fe44, 0x13450c45, 0x21451a45, 0x2f452845, 0x3d453645, 0x4b454445, 
    0x59455245, 0x67456045, 0x75456e45, 0x83457c45, 0x91458a45, 0x9f459845, 0xad45a645, 0xbb45b445, 0xc945c245, 0xd745d045, 0xe545de45, 0xf345ec45, 
    0x0146fa45, 0x0f460846, 0x1d461646, 0x2b462446, 0x39463246, 0x47464046, 0x55464e46, 0x63465c46, 0x71466a46, 0x7f467846, 0x8d468646, 0x9b469446, 
    0xa946a246, 0xb746b046, 0xe546bb46, 0x23471747, 0x6e2e2847, 0x756c6c75, 0x3030696e, 0x06843134, 0x85344321, 0x85332006, 0x85302006, 0x201b8606, 
    0x200d8532, 0x22068335, 0x82414631, 0x45452206, 0x21148430, 0x29843031, 0x0d873120, 0x31224584, 0x29844443, 0x84454421, 0x84452006, 0x85322022, 
    0x85322029, 0x32322229, 0x211b8236, 0x14844531, 0x41453122, 0x06822283, 0x14843220, 0x85344121, 0x21228506, 0x0d853841, 0x22827683, 0x0d854320, 
    0x31235a83, 0x84304245, 0x8542200d, 0x85422037, 0x36422137, 0x30221482, 0xbc843933, 0x84383321, 0x30462145, 0x46224584, 0x1b823930, 0x30463122, 
    0x46224c84, 0x0d854230, 0x46215384, 0x82b58330, 0x225a841b, 0x84463046, 0x8542201b, 0x85422037, 0x41422137, 0x30221482, 0x3e853332, 0x3e834220, 
    0x31343022, 0x3421df84, 0x20068644, 0x20378432, 0x20378538, 0x20378538, 0x20308538, 0x206f8538, 0x206f8538, 0x206f8538, 0x206f8538, 0x836f8638, 
    0x83bc821b, 0x30302229, 0x21ca8443, 0x6b414531, 0x84462005, 0x4434221b, 0x22618234, 0x83343030, 0x41312014, 0x06820587, 0x3020fb85, 0x32223084, 
    0x22833334, 0x31383122, 0x34210683, 0x213e8431, 0x06843933, 0x1b873020, 0xd4413720, 0x20068405, 0x21378531, 0xb5833031, 0x30313023, 0x203e8441, 
    0x20a78430, 0x21148545, 0x92843332, 0x84383121, 0x46332161, 0x8482d883, 0x31208b84, 0x3782df84, 0x4520ca84, 0x92823e84, 0x14853e86, 0x82303121, 
    0x45312153, 0x31218b85, 0x213e8438, 0x92844631, 0x35433122, 0x34208b84, 0x43200685, 0x30218484, 0x21228443, 0x8b844330, 0x85433021, 0x203e867d, 
    0x20768531, 0x218b8431, 0x30843131, 0x84313121, 0x30322129, 0x32201b84, 0x3221d185, 0x821b8332, 0x051e4176, 0x0d823084, 0x30831486, 0xa7850d82, 
    0x2105e941, 0x14854245, 0x14864220, 0x4320bc85, 0x20059f42, 0x059f4243, 0x4c854320, 0x21059c41, 0x84853432, 0x29833820, 0x39333022, 0x3320c384, 
    0x8406fe41, 0x46312299, 0x82ca8331, 0x215a8406, 0x05423146, 0x84312005, 0x31462161, 0x84050542, 0x463121f4, 0x3421f485, 0x28458431, 0x75303034, 
    0x3430696e, 0x05c64130, 0x68844420, 0x6f863020, 0x14833920, 0x7683bc82, 0x33313223, 0x05414132, 0x2105cd41, 0x0d833445, 0x42393121, 0x68840505, 
    0x31313022, 0x3121a084, 0x21538432, 0x30843231, 0x84453121, 0x46312153, 0x1b84d185, 0x30304522, 0x06821b83, 0x06823e83, 0x06821b83, 0x53823520, 
    0x36200682, 0x37200685, 0x38200685, 0xdf830685, 0x41201b82, 0xdf830d85, 0x34303022, 0x31221b83, 0x06833245, 0x32313022, 0x32209284, 0x14828484, 
    0x06826183, 0x36207686, 0x0d823782, 0x29823e83, 0x34219284, 0x21ca8443, 0xa7844134, 0x17413420, 0x84412006, 0x46312145, 0x33212284, 0x21228439, 
    0x7d833833, 0x84463121, 0x86068268, 0x056b410d, 0x6b413220, 0x41322005, 0x3220056b, 0x21056b41, 0x6f834532, 0x43324621, 0x43200571, 0x60422985, 
    0x41342005, 0x3920068e, 0x4621bc84, 0x204c8539, 0x20228539, 0x204c8539, 0x204c8539, 0x204c8539, 0x204c8539, 0x834c8639, 0x83fb821b, 0x30302237, 
    0x20148443, 0x216f8445, 0xae843130, 0x2285e682, 0x06864320, 0x8b824420, 0x9c412982, 0x062c4106, 0x14834120, 0xb5843120, 0x86313021, 0x3033213e, 
    0x53841484, 0x30323022, 0x32202984, 0x42066a43, 0x4520053d, 0x6882ca84, 0x84061e41, 0x43332084, 0x3321059b, 0x20c38541, 0x20d88533, 0x05914233, 
    0x2006c844, 0x20d88533, 0x05914233, 0xd8853320, 0xd8853320, 0xc3843320, 0x85444621, 0x85442037, 0x85442037, 0x8344204c, 0x34302137, 0x21056a43, 
    0x13423034, 0x42432006, 0x44200505, 0x45830685, 0x30304523, 0x200d8446, 0x23c38331, 0x31313045, 0x32200d85, 0x67420685, 0x42312005, 0x31200567, 
    0x20056742, 0x05674231, 0x53853120, 0x7d833120, 0x7d833782, 0x67420682, 0x83312005, 0x850d827d, 0x8531206f, 0x8531206f, 0x8531206f, 0x06d0426f, 
    0x84313221, 0x85322068, 0x8532206f, 0x8532206f, 0x8532206f, 0x8532206f, 0x8532206f, 0x8532206f, 0x8532206f, 0x8532206f, 0x8432206f, 0x343021ed, 
    0x30230d83, 0x82343331, 0x32302253, 0x22298334, 0x83373330, 0x3430216f, 0x21059541, 0x29843430, 0x36333122, 0x31212283, 0x22228345, 0x45334531, 
    0x33210500, 0x82148232, 0x223e840d, 0x82304134, 0x3430220d, 0x20538539, 0x21298339, 0x0d853330, 0x43343022, 0x33203e84, 0x6f828483, 0x44205386, 
    0x36203e85, 0xc8440685, 0x05c64105, 0x85334521, 0x05d14730, 0x83333221, 0x31302229, 0x21538443, 0x37863430, 0x37844520, 0x76833420, 0x34453122, 
    0x84065c43, 0x39332129, 0x33213e84, 0x218b8446, 0x0d843134, 0x83343021, 0x30302330, 0x8b843144, 0x45063b46, 0x312205a8, 0x14843734, 0x61834620, 
    0xcc434c82, 0x85342005, 0x86342099, 0x214c8414, 0x61843931, 0x3a413120, 0x31342105, 0x34219284, 0x21148430, 0xdf843134, 0xe3463420, 0x44342005, 
    0x342005ba, 0x2006b442, 0x214c8337, 0x3e863330, 0x2205a243, 0x83463430, 0x45302076, 0x4421060e, 0x840d8535, 0x41312053, 0x3021054f, 0x22d88444, 
    0x85334430, 0x8434201b, 0x064f41a7, 0x3122d185, 0x14843035, 0x4520d886, 0x4520a785, 0x3221f484, 0x84068630, 0x323221fb, 0x32201b84, 0x20058d43, 
    0x058d4332, 0xcd413220, 0x82538406, 0x055641fb, 0x31235384, 0x82323545, 0x4531225a, 0x05aa4843, 0x1b854320, 0xaa484420, 0x22998405, 0x48444531, 
    0xc38405aa, 0xbc830d82, 0x41200682, 0x44203784, 0x44203785, 0x45203785, 0x1e413785, 0x46312105, 0x33229284, 0x29824639, 0x48333021, 0x6b410648, 
    0x34462105, 0x2005f944, 0x05f94434, 0xd3433420, 0x20a08505, 0x05fe4146, 0x83464621, 0x33302168, 0x2005ee45, 0x05c34746, 0x84313421, 0x46342053, 
    0x5a85060a, 0x84453421, 0x41342029, 0xd1840617, 0x87303021, 0x21bc85df, 0x84833635, 0xf8463420, 0x45312005, 0x3322059a, 0x14823141, 0x4320a682, 
    0x30820682, 0x06820d83, 0x0d833220, 0x41353121, 0x37850587, 0x84353121, 0x31322261, 0x211b8330, 0x33413132, 0x22148405, 0x84354531, 0x354521c3, 
    0x20050941, 0x05e34635, 0xf4833120, 0xc7463220, 0x84322006, 0x205a82d8, 0x205a8533, 0x84068541, 0x84312076, 0x31302230, 0x835a8636, 0x45312168, 
    0x06820d84, 0x36206885, 0x3621c385, 0x82378236, 0x23228314, 0x35303430, 0x41214584, 0x20148437, 0x82768339, 0x20b58561, 0x84c38536, 0x32302237, 
    0x20a08531, 0x85068636, 0x413620a7, 0x372105b1, 0x85458530, 0x8441208b, 0x33322145, 0x33200684, 0x21052541, 0x68863530, 0x3023d183, 0x83394430, 
    0x44302130, 0x3020c384, 0x21055445, 0x3e854430, 0x99843620, 0x68843120, 0x1486d182, 0x31204c84, 0x37206886, 0xec429985, 0x43312005, 0x3121050f, 
    0x059b4344, 0x31205a85, 0x32215385, 0x22ca8431, 0x84363132, 0x223784df, 0x41374531, 0x37200509, 0x2c411486, 0x85372005, 0x854520d8, 0x8545201b, 
    0x8545201b, 0x8645201b, 0x20f4851b, 0x21f48545, 0x53823046, 0x34323022, 0x30216184, 0x20308535, 0x20228537, 0x21ae8437, 0x92853530, 0x38206f86, 
    0x31223083, 0x8e413845, 0x85382005, 0x85382068, 0x83382037, 0x30302168, 0x20060c42, 0x206f8538, 0x21fb8438, 0xed844234, 0x0b4b3420, 0x41332105, 
    0x30225384, 0x7d833935, 0x33423122, 0x20054841, 0x840d8444, 0x313022d1, 0x204c8437, 0x06774532, 0xae863820, 0x08437685, 0x46452105, 0x1d437685, 
    0x44322005, 0x33220520, 0x63433541, 0x21bc8405, 0x4e434133, 0x22688405, 0x86354631, 0x8268830d, 0x0522470d, 0x21051e41, 0x8b834546, 0x41463121, 
    0x46210525, 0x22298345, 0x85304545, 0x41352199, 0xae859985, 0x1b833720, 0x4584a082, 0x41394521, 0x39210510, 0x23228232, 0x34394531, 0x30220682, 
    0x06843232, 0x85423121, 0x3639218b, 0x32211482, 0x056c4643, 0x31363022, 0x4520ed84, 0x31200684, 0x31236184, 0x84464145, 0x4242203e, 0x422005c2, 
    0x31231b83, 0x85334245, 0x21458414, 0xd1844331, 0x85453021, 0x82e68468, 0x20848537, 0x20378541, 0x82a08341, 0x20a08414, 0x057f4a32, 0x85453021, 
    0x4644218b, 0x29869985, 0x84857d85, 0xac443020, 0x84412006, 0x843220ed, 0x31302192, 0x31223e85, 0x84843530, 0x2006dc46, 0x208b8545, 0x061e4146, 
    0x31215a83, 0x21298545, 0x3e854530, 0x82303521, 0x34302230, 0x45068533, 0x342005a8, 0x2205e542, 0x83364530, 0x8531201b, 0x46312229, 0x20298444, 
    0x06ca4744, 0x20051048, 0x05104832, 0x10483220, 0x48322005, 0x4c840510, 0x33304522, 0x20058048, 0x05804833, 0x10483320, 0x48332005, 0x33200510, 
    0x33204585, 0x20058048, 0x05104833, 0x10483320, 0x48332005, 0x33200580, 0x20051048, 0x05804833, 0x6f853320, 0x6f853320, 0x6f853320, 0x6f853320, 
    0x82303421, 0x30452299, 0x05804834, 0x6f853420, 0x6f853420, 0x6f853420, 0x6f853420, 0x6f853420, 0x6f853420, 0x6f853420, 0x6f853420, 0x82413421, 
    0x30302145, 0x21068244, 0xdc4d3038, 0x06254105, 0x2005db41, 0x41068630, 0x30200564, 0x20051643, 0x84228536, 0x313021a0, 0x20055543, 0x057b4432, 
    0x84453021, 0x85312022, 0x30312129, 0x30226883, 0xd1833031, 0x0c420682, 0x20148505, 0x05a44d33, 0xc3843420, 0x05428482, 0x31312105, 0x32228483, 
    0x06853635, 0xa2434c85, 0x32322105, 0x31211b84, 0x058a4230, 0x31225384, 0x53863045, 0x3e841485, 0x31453122, 0x3121a084, 0x20068446, 0x05364232, 
    0x574d3120, 0x35412106, 0x41215a84, 0x22068234, 0x84413032, 0x36302199, 0x30211484, 0x210d8445, 0x76843432, 0x38453022, 0x30222282, 0xc3844530, 
    0x41453022, 0x31200d83, 0x31205a86, 0x31213084, 0x20298431, 0x056b4831, 0x85313121, 0x8430203e, 0x4132201b, 0x32210502, 0x823e8332, 0x05414192, 
    0x0d823084, 0x30831486, 0x44200d82, 0x31215a82, 0x050c5045, 0x85424521, 0x86422014, 0x21d88514, 0x22843143, 0x8e414320, 0x85432005, 0x06cb4c4c, 
    0x6f843320, 0xd7423420, 0x31352106, 0x8505b442, 0x44442d99, 0x7261705f, 0x5f662e74, 0x65736162, 0x9b46cf84, 0x45392006, 0x7c4c0544, 0x31452105, 
    0x20057d43, 0x22978341, 0x84363030, 0x3632213c, 0x43051142, 0x31210653, 0x05004144, 0x31202984, 0x21068c41, 0x14843332, 0x2006f541, 0x85978546, 
    0x3630221b, 0x20b38438, 0x21538432, 0xd6833534, 0x47343021, 0x322005f2, 0x30218484, 0x20688532, 0x05dd4e31, 0x85413220, 0x46322005, 0x412006da, 
    0x8b846886, 0x84323121, 0x843220e4, 0x453121a7, 0x06827684, 0x33446f86, 0x41322005, 0x39210538, 0x22768236, 0x84423430, 0x3630216f, 0x31227d84, 
    0xfb843133, 0x4d414520, 0x86322005, 0x821b835a, 0x05614345, 0x30843420, 0xb5843220, 0x49303021, 0x302105b2, 0x22f48445, 0x84454530, 0x216184e6, 
    0x02443130, 0x052a4806, 0x4c863120, 0x83304421, 0x42322022, 0x322005dc, 0x20069d42, 0x20618543, 0x05d14343, 0x4c843420, 0x84333221, 0x353221d1, 
    0x32208484, 0x84078b43, 0x42342061, 0x342005f8, 0x2106d346, 0xb5843333, 0x17443620, 0x05a04a05, 0xb54a3220, 0x05f54106, 0x20473120, 0x42332005, 
    0x342205ea, 0xa7843835, 0x30227684, 0xd1843630, 0x83393121, 0x31302184, 0x31217685, 0x21928545, 0x29823133, 0x84453121, 0x41068261, 0x9a48055d, 
    0x43362106, 0x34214584, 0x45068432, 0x32200559, 0x32214c85, 0x85c38536, 0x33322122, 0x2105b543, 0x29843034, 0x85413321, 0x203e8506, 0x05124733, 
    0x61827684, 0xa3417686, 0x06d44405, 0x37833520, 0x35304522, 0x06828b83, 0x2005c644, 0x05c64435, 0xc6443520, 0x44352005, 0x352005c6, 0x2005c644, 
    0x05c64435, 0x3082e684, 0x06825383, 0x20051e41, 0x05644135, 0x7d843520, 0xcf4e3420, 0x86302005, 0x313721ae, 0x32219983, 0x05724136, 0x85303721, 
    0x050c42fb, 0x1b833420, 0x34453122, 0x83066b41, 0x303022b5, 0x20308546, 0x20148437, 0x061a4231, 0x21057241, 0x17413732, 0x21298406, 0x02413431, 
    0x84362006, 0x413420fb, 0x46200580, 0x53829983, 0x20059f42, 0x059f4234, 0x14863420, 0x20059541, 0x20a78443, 0x21928530, 0x3e844630, 0x35463022, 
    0x30204583, 0x21053148, 0x84844131, 0x28453020, 0x41302005, 0x302105e2, 0x206f8646, 0x846f8544, 0x353121d1, 0x31212984, 0x44998544, 0x312005c6, 
    0x2105bb42, 0x29843032, 0x84303221, 0x42322029, 0x322105c2, 0x42148532, 0x322005bb, 0x20060c42, 0x05724434, 0x17413420, 0x23538405, 0x33354531, 
    0x31226882, 0x1b854345, 0x1b854320, 0x00484420, 0x85442005, 0x8544201b, 0x854420e6, 0x854420e6, 0x414420e6, 0x442005e9, 0x44203785, 0x45213785, 
    0x474c8431, 0x9284075f, 0x85423321, 0x43432106, 0x46221b83, 0x06853034, 0x46222984, 0x0d853234, 0x46216884, 0x22fb8334, 0x84344631, 0x4946206f, 
    0x34200581, 0x2105a341, 0x14833732, 0x33343023, 0x21308245, 0x90443430, 0x22bc8406, 0x83373430, 0x30302392, 0x1b843037, 0x6f843820, 0x83413121, 
    0x86df8230, 0x84372006, 0x827d841b, 0x83312029, 0x4d32200d, 0x322005f6, 0x4706fe41, 0x3720062e, 0x2006a642, 0x20228444, 0x85068534, 0x49322061, 
    0x3220057a, 0x21054949, 0xb3473732, 0x06364c05, 0xa0843520, 0x84353121, 0x35312168, 0x32219284, 0x20688531, 0x20df8431, 0x82148445, 0x053a4192, 
    0x3a413520, 0x47352005, 0x068405f2, 0x37323022, 0x4505ac44, 0x3221059a, 0x05234837, 0x82313621, 0x4745208b, 0x068205c8, 0x20054043, 0x05404336, 
    0x40433620, 0x36362105, 0x40432285, 0x38362105, 0x84840d85, 0x41413020, 0x83382006, 0x323022d8, 0x051e4133, 0x454a3520, 0x21848405, 0x7d853130, 
    0x68843120, 0x31323022, 0x31213783, 0x820d8445, 0x84bc8506, 0x420d8268, 0x77450505, 0x86342005, 0x834120f4, 0x3030226f, 0x21ca8544, 0x94464136, 
    0x46742005, 0x37200994, 0x4705d542, 0x3220058e, 0x21065248, 0xa5823633, 0x85323021, 0x3832213c, 0x46053841, 0x83480632, 0x84312005, 0x41908274, 
    0x36200531, 0x38410686, 0x42362005, 0x37210573, 0x22458231, 0x84394531, 0x4230203e, 0x30200526, 0x2005e74b, 0x22a58531, 0x82304231, 0x30302122, 
    0x21050e4b, 0x15413832, 0x86462005, 0x84412006, 0x4146201b, 0x6184050e, 0x44313021, 0x31200556, 0x30216184, 0x82618431, 0x052c4406, 0xca854420, 
    0xbc844420, 0x84443121, 0x4d3120f9, 0x31200584, 0x22057d4d, 0x84353132, 0x413120d8, 0x3720052a, 0x84053f41, 0x45312299, 0x83148637, 0x850d827d, 
    0x424520d1, 0x452005a4, 0xc2451b85, 0x86452006, 0x46ed851b, 0xb84406da, 0x4c302005, 0x322205a4, 0xfb844338, 0x22853720, 0x20059642, 0x20618630, 
    0x20848538, 0x821b8338, 0x216185bc, 0x30843138, 0x92853820, 0x6f853820, 0x8b853820, 0x21054652, 0xd1833730, 0x38453122, 0x3e857d85, 0x84343421, 
    0x4833204c, 0x30200591, 0x21050d43, 0x49424630, 0x34422105, 0x3420ed84, 0x30200d84, 0x2005544b, 0x21848431, 0x7f463230, 0x41382006, 0x392005aa, 
    0x46206885, 0x46207d85, 0x46209285, 0x8e418485, 0x45342005, 0x342005a6, 0x20055343, 0x21f48434, 0xf4853430, 0x37843420, 0x38323023, 0x206f8345, 
    0x05b34734, 0x20473420, 0x46342205, 0x055e5a32, 0x3022a784, 0x0d824137, 0x59313021, 0x322005d2, 0x43065b48, 0x322205fb, 0x1b843039, 0x37212286, 
    0x460d8543, 0x1d5705cc, 0x85392006, 0x06b648a0, 0x30221484, 0x76844430, 0x1b843320, 0x4d333021, 0x33200568, 0x20053341, 0x05584733, 0x4f443320, 
    0x4a332005, 0x33220590, 0x5a833641, 0xde423320, 0x41332105, 0x4620fb84, 0x20056742, 0x05104133, 0x59364621, 0x362005ee, 0x36201b85, 0x2005ee59, 
    0x05ee5936, 0xee593620, 0x59362005, 0x245005ee, 0x36462205, 0x22538246, 0x85464631, 0x215a8429, 0x5a864631, 0x2006aa55, 0x203e8541, 0x203e8541, 
    0x203e8541, 0x21df8441, 0x3e864146, 0x30231b83, 0x84314231, 0x055546a0, 0x33443322, 0x34200d85, 0x31200683, 0x3420df85, 0x2005bf44, 0x05334134, 
    0x76843420, 0x50343021, 0x3421050f, 0x20df8431, 0x068f4934, 0x83373121, 0x31342237, 0x05995441, 0x34216184, 0x21538443, 0x1b4a3134, 0x32372105, 
    0x30201b84, 0x30228483, 0x1b853234, 0x2105aa4e, 0x4c853234, 0x21054b42, 0x4c853234, 0x2205bf41, 0x84384234, 0x85422037, 0x8530205a, 0x8532204c, 
    0x39322114, 0x6c531b84, 0x46342005, 0x342005fd, 0x21057353, 0x1b853034, 0x37853020, 0x22051247, 0x85453234, 0x86848530, 0x05aa41e6, 0x84303421, 
    0x413421fb, 0x42205a85, 0xe143c385, 0x45342205, 0x44378430, 0x342105c8, 0x20ca8430, 0x057c4230, 0x5e533020, 0x064f4106, 0x21067941, 0x30823030, 
    0x30463123, 0x20068531, 0x20068532, 0x83068533, 0x201b8268, 0x200d8535, 0x20068536, 0x20068437, 0x20378537, 0x85068638, 0x8538203e, 0x05b7433e, 
    0xf6504620, 0x38462105, 0xfd503e85, 0x43462005, 0x462105cc, 0x84378542, 0x4631228b, 0x4f378542, 0x462105c9, 0x20768542, 0x216f8542, 0x6f823742, 
    0x84333021, 0x41068222, 0x228405fe, 0x35200d82, 0x41211b84, 0x20068344, 0x06224a32, 0x20053246, 0x05814932, 0xa2433220, 0x35322105, 0x20056042, 
    0x20768531, 0x20ae8531, 0x20768531, 0x21ed8531, 0xd8843431, 0xae853120, 0x20050542, 0x82848433, 0x42848568, 0x3220069f, 0x32204585, 0x32204585, 
    0x32204585, 0x32204585, 0x32204585, 0x32204585, 0x3220c385, 0x85063341, 0x8539201b, 0x8539203e, 0x0512513e, 0x85394621, 0x8639203e, 0x203e8522, 
    0x203e8539, 0x5b3e8539, 0x462105a0, 0x5b298543, 0x462105a7, 0x44228543, 0x332005f2, 0x22058342, 0x82394233, 0x333021ca, 0x30236884, 0x84464133, 
    0x4343200d, 0x3320058d, 0x6c497d85, 0x33462105, 0x0045bc85, 0x33462105, 0x33207d85, 0x33217d85, 0x21378236, 0x3a4b4631, 0x37462105, 0x44200d85, 
    0x7a493e85, 0x44462105, 0x44203e85, 0x25411b86, 0x05f34c05, 0x45423322, 0x30207685, 0xed850685, 0x61854520, 0xb8414520, 0x05ff4605, 0xd8843320, 
    0x84333021, 0x830682d8, 0x85068222, 0x86422022, 0x8542203e, 0x05c64145, 0x84853520, 0x22051b4a, 0x84323546, 0x413520a7, 0x35200517, 0x35206185, 
    0x31223e83, 0x99853546, 0x41413520, 0x41372005, 0x45200502, 0x064a3e85, 0x52462005, 0x4621052a, 0x20298545, 0x20c38545, 0x220d8343, 0x85443330, 
    0x05665884, 0xd04c3320, 0x43332105, 0x2005a544, 0x48458536, 0x4621057e, 0x20848536, 0x20848536, 0x20848536, 0x20848536, 0x205a8536, 0x44848636, 
    0x3e8506f2, 0x17414120, 0x85412005, 0x8541203e, 0x8541203e, 0x051b4a3e, 0x85414621, 0x05bd523e, 0x85464621, 0x85462029, 0x85462029, 0x85462029, 
    0x84462022, 0x843220bc, 0x34302284, 0x05205f33, 0x30833320, 0x33260d82, 0x30696e75, 0x14853934, 0x2205e045, 0x84343334, 0x84332014, 0x393421ed, 
    0x34213e84, 0x44068633, 0x3821055f, 0x20228542, 0x20068441, 0x20308543, 0x4e148539, 0x34200504, 0x6182c384, 0x3a411485, 0x4b352005, 0x342005d4, 
    0x22059e51, 0x84454334, 0x4433213e, 0xe6840684, 0x84343021, 0x343021df, 0x21055d41, 0x61854334, 0x2105f849, 0xb5853434, 0x6f853420, 0x2105ae47, 
    0xc3854234, 0xae853420, 0x21050d4a, 0xae853434, 0x20052744, 0x05fa4234, 0x014d3420, 0x34342205, 0x4f6f8439, 0x34200523, 0x21053a4b, 0xa7853434, 
    0x41063348, 0x3520062c, 0xc3542985, 0x4b342005, 0x3420054f, 0x20052c55, 0x05334834, 0x68473420, 0x41342105, 0x35206f85, 0x41209985, 0xb4493785, 
    0x42342105, 0x4521df85, 0x21768431, 0x06833537, 0x84323021, 0x41302129, 0x3020d184, 0x3020f485, 0x21050241, 0x14833931, 0x42303222, 0x0682fb83, 
    0x32233e83, 0x82434130, 0x830d8237, 0x2006825a, 0x840d8438, 0x830d8276, 0x8622825a, 0x20228529, 0x82618341, 0x8433201b, 0x85422029, 0x3641210d, 
    0x61850d85, 0x85314121, 0x8292830d, 0x2014863e, 0x21148445, 0x06854641, 0x8b861b86, 0x41208485, 0x42207d85, 0x33202986, 0x30222982, 0x30853345, 
    0x2205324d, 0x84303330, 0x056e42e6, 0x6e423020, 0x44312005, 0x30210504, 0x20308433, 0x05674230, 0x83333021, 0x31302161, 0x2005b246, 0x05754230, 
    0x6e423020, 0x33302105, 0x30216883, 0x06845430, 0x464f3620, 0x4c362005, 0x6e4c0659, 0x05c94c06, 0xbf4b3620, 0x4f372005, 0x372005b6, 0x2105754c, 
    0x84823237, 0x444c4520, 0x4c068205, 0x37200575, 0x2005754c, 0x05b64f37, 0x754c3720, 0x83372005, 0x4f228268, 0x372005b6, 0x2005b64f, 0x206f8537, 
    0x206f8537, 0x4d6f8537, 0x37200639, 0x38216f85, 0x20e68430, 0x224c8332, 0x41323030, 0xde42054f, 0x41302005, 0x6e42065d, 0x41302005, 0x3420061e, 
    0x32216f83, 0x058a4230, 0x41423021, 0x33210533, 0x22458244, 0x83314532, 0x86458284, 0x228b8306, 0x83353030, 0x20308284, 0x20688435, 0x20298435, 
    0x05ec4230, 0xa0843020, 0x84303021, 0x30302199, 0x2405244a, 0x2e383230, 0x07505363, 0x89393221, 0x4235210b, 0x44200b8a, 0x37200b89, 0x3720178a, 
    0x3421178a, 0x20238930, 0x05b14132, 0xb4424120, 0x05c54305, 0x43373022, 0x41209284, 0x5a47fb85, 0x48302005, 0x302105aa, 0x20a78541, 0x057c4231, 
    0x59423120, 0x42312005, 0x31200583, 0x20055242, 0x21148432, 0x91424535, 0x85342005, 0x22688429, 0x42343032, 0x34200567, 0x35224584, 0x68844141, 
    0x9c883220, 0x31303223, 0x829c8733, 0x8a32200b, 0x8934200b, 0x8932200b, 0x89658217, 0x8a342017, 0x8a32203b, 0x4334210b, 0x6b89238a, 0x17897e82, 
    0x82383121, 0x2072828a, 0x21068239, 0xb3423230, 0x37322106, 0xd0849f85, 0x85313021, 0x843120bb, 0x313021bb, 0x20052343, 0x053f4331, 0x22853320, 
    0xec853320, 0x0f413320, 0x42352005, 0x33200512, 0x20051641, 0x050f4133, 0x20050043, 0x05b94432, 0x41423221, 0x71410601, 0x85322005, 0x85322053, 
    0x42322029, 0xe1520519, 0x33302205, 0x20ac8741, 0x075c5845, 0x2006b457, 0x057b4f39, 0x05433920, 0x43392005, 0x39200505, 0x4505bc41, 0x33210527, 
    0x21c88438, 0x5f853733, 0xe4833320, 0x51823220, 0x4121dd84, 0x43068442, 0x898507c2, 0x29843320, 0x84363221, 0x062455c8, 0xcd423020, 0x06a25505, 
    0x83323021, 0x5c322037, 0x302205ed, 0x61844430, 0x93463020, 0x42302205, 0x21538231, 0x0c433232, 0x22768406, 0x41333030, 0x0b820886, 0x7a414520, 
    0x8a648208, 0x4235200b, 0x3320099b, 0x8209aa41, 0x20178973, 0x08d74232, 0x17897d83, 0x89374421, 0x8a46200b, 0x3142210b, 0x34205f89, 0x200a4343, 
    0x20838837, 0x05844530, 0x35303022, 0x2105b643, 0xbe833032, 0x8205f543, 0x82452014, 0x3030210d, 0x8205ce4b, 0x20658906, 0x24198541, 0x31753941, 
    0x05935546, 0x9e573220, 0x64322005, 0x06820594, 0xb9564984, 0x31322305, 0x28834233, 0x05853620, 0x4805f941, 0x302005f1, 0x20060943, 0x059f4442, 
    0xc3414120, 0x06804305, 0x0e424220, 0x05c84605, 0x19463020, 0x42322005, 0x8268057e, 0x51322005, 0x322005d2, 0x20056f53, 0x056f5332, 0x4c831482, 
    0x4c831482, 0x43353222, 0x31230d83, 0x82333444, 0x200682cc, 0x57068437, 0x44220590, 0x0d843834, 0x84393421, 0x83412006, 0x202282b3, 0x050a4344, 
    0x3022c184, 0x0d853137, 0x22843220, 0x21052347, 0x14834532, 0x35443122, 0x46202286, 0xa0491b84, 0x35442105, 0x4521b583, 0x05704731, 0xcb473220, 
    0x49322005, 0x4421057d, 0x207d8535, 0x21768535, 0x5a854235, 0x30211483, 0x05a75332, 0x85423221, 0x8342201b, 0x5332201b, 0x30200645, 0x20053443, 
    0x051d4c30, 0x53843020, 0x34201b82, 0x06823e82, 0x8450e684, 0x430d8205, 0x3720057a, 0x0d824583, 0x0682d883, 0x2005b943, 0x05584637, 0x20464120, 
    0x06f24605, 0x85413721, 0x436f8645, 0x392005ea, 0x4522d883, 0x3c464130, 0x41412005, 0x2285069c, 0xfb833920, 0x43461b82, 0x06164505, 0x82353921, 
    0x44312345, 0xdc5c3236, 0x20458605, 0x205a8436, 0x20928539, 0x20928539, 0x48928539, 0x39200611, 0x99835a86, 0x45443e82, 0x86392005, 0x85432068, 
    0x85342053, 0x061a4206, 0x4305a842, 0x422006fa, 0x7543a785, 0x38302105, 0x32230d83, 0x84313830, 0x84382076, 0x3830228b, 0x410d8533, 0x3820052c, 
    0x22824583, 0x38209985, 0x38209985, 0x38209985, 0x38209985, 0x20052c41, 0x052c4138, 0x70474220, 0x06724105, 0x2c413820, 0x85382005, 0x413820a0, 
    0x42200502, 0x20057f44, 0x21a08542, 0x6f823642, 0x42304522, 0x20056441, 0x825a8342, 0x825a830d, 0x20ed8506, 0x05854742, 0x3e864220, 0x34206f85, 
    0x76864586, 0x21058c47, 0x4c843043, 0x85314321, 0x208b8506, 0x05f64443, 0x30854320, 0x76854320, 0x76854320, 0x76854320, 0x76854320, 0x76854320, 
    0x76854320, 0x76854320, 0x76854320, 0xfc474320, 0x85432005, 0x8543206f, 0x4144206f, 0x4421054f, 0x206f8431, 0x206f8544, 0x206f8544, 0x206f8544, 
    0x206f8544, 0x206f8544, 0x206f8544, 0x206f8544, 0x206f8544, 0x206f8544, 0x206f8544, 0x206f8544, 0x206f8544, 0x546f8544, 0x4521069c, 0x21688430, 
    0x06853145, 0x45206f85, 0x45206f85, 0x434d6f85, 0x42302105, 0x32223e83, 0xb6473531, 0x83422005, 0x30302153, 0x2205ae49, 0x82413531, 0x201b823e, 
    0x83068546, 0x830d8261, 0x8606827d, 0x20308537, 0x05fe4132, 0x83303321, 0x33302229, 0x47308431, 0x31220593, 0x0d843630, 0x22843020, 0x2005136d, 
    0x06f75e32, 0x34423022, 0x30211b82, 0x22c38432, 0x83363030, 0x3330223e, 0x31148438, 0x63384130, 0x64657361, 0x65726569, 0x2e736973, 0x2a846e63, 
    0x84364321, 0x43442106, 0x74241c83, 0x65646c69, 0x30221986, 0x19854641, 0x20053241, 0x20278645, 0x20148539, 0x22068641, 0x8463752e, 0x37432109, 
    0x33210683, 0x05114738, 0x33834220, 0xda838682, 0x43364623, 0x211b8433, 0x06853130, 0x30221483, 0x9b853033, 0x64843020, 0x84303321, 0x303321a2, 
    0x33203784, 0xf582e184, 0x72843086, 0x32303322, 0x43203e85, 0x53860685, 0x30207685, 0x33218e84, 0x515a8531, 0x332005e4, 0x20051b48, 0x05164933, 
    0x45323322, 0x32203784, 0x32203785, 0x3320cd84, 0x21050a4c, 0xb5843233, 0x85333321, 0x30332161, 0x85054d46, 0x41412006, 0x32200582, 0x3220a783, 
    0x84077e46, 0x303221bc, 0x0682d184, 0x2005c043, 0x05c04330, 0x1482ca84, 0x06825383, 0x06826883, 0x8405c043, 0x830d82df, 0x830682d1, 0x420682b5, 
    0x31200500, 0x5a612984, 0x5f322005, 0x32220523, 0x22843231, 0x84323121, 0x443220d8, 0x31200599, 0x3222ca84, 0x99843931, 0x35463726, 0x38463175, 
    0x2105e145, 0x13864431, 0xc2823820, 0x98842182, 0x36463722, 0x0c842184, 0x22050d5a, 0x84463732, 0x39312182, 0xf9447485, 0x86312005, 0x05f9445f, 
    0x8205cc53, 0x22ba8429, 0x83344431, 0x46372152, 0x39219085, 0x84608531, 0x05a95df2, 0x41313222, 0x41205385, 0xc44a2286, 0x48438208, 0xa8840634, 
    0x8208eb47, 0x210b88ad, 0xf7474637, 0x8ab78308, 0x85362017, 0x4a3a830b, 0xc6820955, 0x6a4b228a, 0x4a3a8208, 0x37200985, 0x20096248, 0x8abe8232, 
    0x08a8492f, 0x31373222, 0x3721c184, 0x22e48431, 0x83434235, 0x423522d6, 0x21068432, 0x06843043, 0xcf844220, 0xd8433520, 0x45352005, 0x35220560, 
    0x1b853143, 0x36203784, 0x22052442, 0x84464335, 0x42432114, 0x14860684, 0x21058b4c, 0x53844135, 0x86314221, 0x22768406, 0x83364335, 0x35372129, 
    0x35210684, 0x214c8343, 0x5c423045, 0x33362105, 0x36208b84, 0x36200d86, 0x36226f84, 0x30843536, 0x2105f549, 0x0d843036, 0x84303621, 0x8542203e, 
    0x45312106, 0x31219284, 0x20b58445, 0x05354b33, 0x9b423320, 0x85332005, 0x46332030, 0xf642057f, 0x4a322005, 0x0682057a, 0x3120b584, 0x2f4eed85, 
    0x33322205, 0x21148432, 0x61843233, 0x21055143, 0xe6853332, 0x20057751, 0x052e6432, 0xd1840682, 0x82053459, 0x22ae840d, 0x83344231, 0x453121ae, 
    0xae840686, 0x44443121, 0x442005f7, 0x20052c41, 0x21068445, 0xed843142, 0x44443022, 0x35573083, 0x34322205, 0x21768442, 0xd1844234, 0x38423422, 
    0x51501b83, 0x841b8205, 0x423421df, 0x3420a084, 0x2005b841, 0x05a34134, 0x6e453420, 0x4d342005, 0x342005e2, 0x2005c641, 0x05b14134, 0x32433422, 
    0x43204584, 0x3421ae84, 0x21998443, 0x99844334, 0x8e413420, 0x43342105, 0x43206f85, 0x43216f85, 0x85308539, 0x05db416f, 0x84433421, 0x433421ae, 
    0x4d51ae84, 0x5e322005, 0x3221055d, 0x05794134, 0x30363422, 0xb8413784, 0x48342005, 0x34210570, 0x41768536, 0x342005bf, 0x2105cd41, 0xe6853634, 
    0x76853620, 0x76833620, 0xf2434520, 0x83068205, 0x83068268, 0x20068268, 0x82538245, 0x84462006, 0x83332006, 0x60452061, 0x068205c5, 0x14853220, 
    0x0d826183, 0x0d853420, 0x06853520, 0x06853620, 0x06843720, 0x3e853520, 0x4521a084, 0x82a08431, 0x853e8606, 0x8333207d, 0x204582f4, 0x4c308441, 
    0x312105c6, 0x258b8533, 0x31754433, 0x7c823146, 0x31200583, 0x32200b84, 0x33200584, 0x34200584, 0x35200584, 0x36200584, 0x37200584, 0x38200584, 
    0x39200584, 0x41200584, 0x42200584, 0x43200584, 0x53850584, 0x0b844520, 0x05834620, 0x84303421, 0x84312005, 0x205f8405, 0x205f8434, 0x205f8434, 
    0x205f8434, 0x205f8434, 0x205f8434, 0x205f8434, 0x41b78634, 0x33200527, 0x4a82e885, 0x45696e25, 0x84313431, 0x853420cc, 0x844d82e8, 0x05274114, 
    0x0d844f82, 0x82052741, 0x410d8451, 0x5386050b, 0x0b413420, 0x42342105, 0x0b414585, 0x41342005, 0x34200597, 0x34206f85, 0x35216f85, 0x20228430, 
    0x206f8535, 0x206f8535, 0x05974135, 0x85343521, 0x0597411b, 0x85363521, 0x8537200d, 0x206f8506, 0x20c38535, 0x206f8535, 0x206f8535, 0x206f8535, 
    0x576f8535, 0x31210545, 0x205a8338, 0x05ee4230, 0x46343023, 0x22458234, 0x83433430, 0x31302130, 0x2205fd5a, 0x83303131, 0x44332114, 0x30223e83, 
    0x1b843831, 0x86363421, 0x83352029, 0x0547461b, 0x41343023, 0x200d8441, 0x227d8341, 0x84443030, 0x42312237, 0x5b148437, 0x31210535, 0x22a08342, 
    0x84393430, 0x36322176, 0x39200685, 0x31205384, 0x21053c47, 0x45843632, 0x47373421, 0x4421055f, 0x21928445, 0x06843038, 0x0d843620, 0x85433121, 
    0x46332153, 0x32211483, 0x21068439, 0x37844331, 0x28593220, 0x85322005, 0x4131213e, 0x49436184, 0x34302205, 0x20228437, 0x05fb5034, 0x84373421, 
    0x3734214c, 0x32205a84, 0x32226185, 0x53843138, 0x7d854220, 0x1b844520, 0x84383121, 0x44342161, 0x33203e84, 0x31210685, 0x21228436, 0x17414134, 
    0x05104106, 0xdf853720, 0x2105344e, 0x3e854234, 0x84844220, 0xea4d3120, 0x61342005, 0x32200584, 0xed865386, 0x45843620, 0x2205c743, 0x85363430, 
    0x85392045, 0x06024106, 0x99844320, 0x4344342c, 0x6c69745f, 0x72636564, 0x8249736f, 0x66452006, 0x45220521, 0x84843031, 0x84433221, 0x343321ae, 
    0x33223084, 0xd1833731, 0x33313422, 0x1b840685, 0x30323422, 0x32200d84, 0x34212284, 0x20a08432, 0x05c44834, 0x85303421, 0x05556e29, 0x41303421, 
    0xaa410525, 0x31332105, 0x21050241, 0xb2494232, 0x85352005, 0x213e8406, 0x53843533, 0x84433221, 0x4332213e, 0xc2428b85, 0x055e4906, 0x32353222, 
    0x32223082, 0x30843430, 0x44423220, 0x33332205, 0x22148236, 0x58333330, 0x4421051e, 0x820d8230, 0x05bb42d1, 0xb4423120, 0x06884905, 0xae843620, 
    0x43323321, 0xc3850524, 0x3b513320, 0x32332105, 0x31209985, 0x32203e83, 0x82057b54, 0x85308668, 0x43312045, 0x30200516, 0x21052b43, 0x68843830, 
    0x14833020, 0xbc842982, 0x2205f045, 0x84463430, 0x05a3458b, 0x84314521, 0x839282a7, 0x860682a7, 0x21b5847d, 0x61844432, 0xb5843220, 0x41333021, 
    0x33320564, 0x6f633531, 0x61616d6d, 0x6e656363, 0x67697274, 0x114b7468, 0x31452205, 0x23748332, 0x44423230, 0x3120f284, 0x21052341, 0x0d854242, 
    0x90853220, 0x20053f41, 0x84a58539, 0x31452f22, 0x79634230, 0x6c6c6972, 0x61746369, 0x4d826c69, 0x69210e88, 0x215b8563, 0x394b3430, 0x43322005, 
    0x38200669, 0x6b4d6285, 0x059c5005, 0xc2864682, 0x50445b86, 0x44322005, 0x30200550, 0x20058144, 0x06164131, 0x44203e85, 0x20052d44, 0x209a8632, 
    0x23a18243, 0x35443230, 0x32200682, 0x46066a5f, 0x31200682, 0x22055b43, 0x69373433, 0xe7840568, 0x77523420, 0x38322105, 0x3821d285, 0x05696e36, 
    0x22844120, 0x3223ae84, 0x84304130, 0x06354214, 0x22051844, 0x84464531, 0x84392022, 0x50312037, 0x57480512, 0x32302105, 0x21056544, 0xa0844132, 
    0x35423222, 0x62472984, 0x37312205, 0x84998534, 0x44322037, 0x322005c7, 0x2005c443, 0x053c4232, 0x53853420, 0x85353421, 0x41392022, 0x41210581, 
    0x21848431, 0xc3694542, 0x059e4205, 0xae843920, 0x84433221, 0x453221a0, 0x85432985, 0x39322105, 0x33217684, 0x201b8534, 0x21378443, 0x30853133, 
    0x4c844220, 0x5b433320, 0x32332105, 0x4205f242, 0x32210697, 0x20618237, 0x05517432, 0x4d343021, 0x342205f0, 0x14823933, 0x92840d82, 0x84343321, 
    0x3734215a, 0x4d054841, 0x33220579, 0x22834142, 0xf75d3320, 0x57312005, 0x34220559, 0x14844335, 0x84464421, 0x3138283e, 0x6f726f6b, 0x4273696e, 
    0x6c220576, 0x75426665, 0x33302206, 0x21598434, 0x28843634, 0x46393121, 0x3020050f, 0x32220d84, 0x44843843, 0xc2853020, 0x84443021, 0x05dd5e0d, 
    0x85373121, 0x83452022, 0x31322106, 0x2105dc42, 0x29833632, 0x46304522, 0x0682ec83, 0x20052e42, 0x054a4232, 0x82313121, 0x8314823e, 0x840682bb, 
    0x433221d7, 0x33205385, 0x30221b83, 0xb4843931, 0x84443221, 0x493320de, 0xf46e0575, 0x43332006, 0x37210616, 0x20848434, 0x05084137, 0x45844520, 
    0x83453421, 0x313021b5, 0x20056559, 0x051d4132, 0xd3413420, 0x054a5706, 0x83373421, 0x30322268, 0x06044232, 0x45833020, 0x84353221, 0x8434204c, 
    0x303222ca, 0x46e68533, 0xcc4a0539, 0x34302105, 0x20056341, 0x05e84134, 0x9c443320, 0x05c94506, 0x14853120, 0xf6413120, 0x43312205, 0x20998432, 
    0x05e84144, 0x34200685, 0x20053653, 0x05dd4234, 0x46443222, 0x8605e141, 0x82b58306, 0x20068576, 0x21148334, 0x58473330, 0x44322105, 0x45228b83, 
    0xe6843131, 0x84423221, 0x4432221b, 0x42b58433, 0x44200689, 0x31216f85, 0x21768443, 0x06823933, 0x49313221, 0x637105e5, 0x830d8205, 0x8506821b, 
    0x4b3620f4, 0x244a0519, 0x054e6405, 0x38201b82, 0x30203785, 0x36200685, 0xc4430685, 0x86362005, 0x22ae8453, 0x85323631, 0x49ae841b, 0x302105d7, 
    0x05d94332, 0x34423222, 0x45218484, 0x20a08431, 0x22378335, 0x86443430, 0x22308306, 0x42353230, 0x332005a5, 0x3222ae84, 0x4c844143, 0x6f853720, 
    0x2005cd41, 0x05ba4233, 0x37333322, 0x8b611b83, 0x33332106, 0x33213e84, 0x20068544, 0x05a34131, 0xb5833120, 0x31333022, 0x33226184, 0x30824431, 
    0x41343022, 0x32210683, 0x05086431, 0x42413221, 0x83450544, 0x84312005, 0x3430221b, 0x5ac38538, 0x3121053e, 0x05b94431, 0x4e463220, 0x05724106, 
    0x84353021, 0x06be4aca, 0x49493220, 0x30312105, 0x33201484, 0x2842e685, 0x44342005, 0xa84306b9, 0x42322005, 0x3220058a, 0x6d06c850, 0x322105c7, 
    0x20848445, 0x05bb4231, 0x85383121, 0x0540434c, 0x86413221, 0x054f41fb, 0x42313721, 0x3084051a, 0x47583320, 0x82462007, 0x31302114, 0x20055457, 
    0x05e94132, 0xed853220, 0xe1463220, 0x32322205, 0x21228332, 0x1a423232, 0x05414105, 0x39333222, 0xe4471484, 0x42322005, 0x342006b4, 0x30217d84, 
    0x20298546, 0x43228539, 0x8b450671, 0x43412106, 0x8305a243, 0x32302329, 0x45844145, 0x20055c43, 0x059c6c32, 0xe0693220, 0x056c4406, 0xad423220, 
    0x85462006, 0x4a5a8684, 0x32200529, 0x21052747, 0x0f434632, 0x48c38605, 0x462006e0, 0x46207d85, 0x9e5e6185, 0x60322005, 0x3220051f, 0x2005fd5d, 
    0x05bf6232, 0xcf653220, 0x5b332005, 0x33210517, 0x05f74134, 0x3e843420, 0x48343321, 0x34200570, 0x28051a42, 0x6e754334, 0x34333069, 0x42068544, 
    0x55430528, 0x31352106, 0x35201484, 0x3320a784, 0x2005df45, 0x05fd4333, 0x84353321, 0x353321ed, 0x3321a784, 0x05804135, 0x68853520, 0x2005c942, 
    0x06bb4233, 0x68853520, 0x20065a45, 0x4b688535, 0x3322052c, 0x61844635, 0x61853620, 0x85333621, 0x052f420d, 0x61853620, 0x2105144a, 0x61853633, 
    0x2105c749, 0xca853633, 0x2105ea49, 0x61853633, 0x2105f149, 0x61853633, 0xca853620, 0x2005a145, 0x05924a33, 0x85373321, 0x853720d1, 0x8537206f, 
    0x05f9446f, 0xf2443320, 0x4a332005, 0x332105ca, 0x49458537, 0x5b4506f8, 0x85442006, 0x05a243df, 0xaa413320, 0x41332005, 0x332005aa, 0x2005aa41, 
    0x05aa4133, 0x9c413320, 0x41332005, 0x33200595, 0x20059541, 0x05954133, 0x02413420, 0x38342105, 0x3421d184, 0x21538438, 0xd1843834, 0x43383427, 
    0x30696e75, 0x05364234, 0x36423420, 0x85342005, 0x85342061, 0x85342061, 0x8434204c, 0x4431234c, 0x30824642, 0x43443123, 0x20068530, 0x20068531, 
    0x20068532, 0x20068533, 0x20068534, 0x20068535, 0x58068536, 0x4320054c, 0x3e827d83, 0x06827d83, 0x1b854120, 0x06854220, 0x06854320, 0x06854420, 
    0x06854520, 0x44216f85, 0x210d8430, 0x06853144, 0x44206f85, 0x44206f85, 0x44206f85, 0x44206f85, 0x44206f85, 0x44206f85, 0x44206f85, 0x44206f85, 
    0x44206f85, 0x44206f85, 0x44206f85, 0x44206f85, 0x44206f85, 0x45216f85, 0x21688430, 0x06853145, 0x45206f85, 0x45206f85, 0x45206f85, 0x45206f85, 
    0x45206f85, 0x45206f85, 0x45206f85, 0x45206f85, 0x45206f85, 0x45206f85, 0x45206f85, 0x45206f85, 0x45206f85, 0x46216f85, 0x21688430, 0x06853146, 
    0x46206f85, 0x46206f85, 0x46206f85, 0x46206f85, 0x46204585, 0x46204585, 0x9c414585, 0x39452105, 0x45211484, 0x21538439, 0x7d844645, 0x84464521, 
    0x8545207d, 0x85452037, 0x85452037, 0x85452037, 0x37462137, 0x46217684, 0x216f8437, 0x68843746, 0x84374621, 0x374621d1, 0x4621ca84, 0x05807637, 
    0x61843720, 0x86424621, 0x207d8406, 0x05134246, 0x13424620, 0x43462205, 0x21c38331, 0x22834346, 0x85304521, 0x4346217d, 0x0d822983, 0x43213785, 
    0x05c14446, 0x4620a784, 0x2105c641, 0x30864446, 0x4621df84, 0x85308644, 0x84442061, 0x05e75630, 0x41463121, 0x46200587, 0x20054841, 0x05484146, 
    0x86454621, 0x847d8522, 0x314523e6, 0x8b843230, 0x7d82ed84, 0x0d824120, 0x34303222, 0x5a830686, 0x627a3220, 0x83068205, 0x83068237, 0x20068230, 
    0x20298433, 0x05b45a35, 0xb45a3520, 0x36352105, 0xad5a1485, 0x39352105, 0x4c850d85, 0x915a3520, 0x43352105, 0x44201485, 0xc3860685, 0x39204585, 
    0x42210685, 0x201b8430, 0x214c8542, 0x0d853742, 0x44203e85, 0x45850686, 0x68854520, 0x30844620, 0x47343121, 0x372005df, 0x31211b84, 0x21618437, 
    0xc3843731, 0x2205e549, 0x85383132, 0x31382129, 0x18505383, 0x84148205, 0x383121ca, 0xdc467d84, 0x84148205, 0x3831217d, 0xa7757d84, 0x37322205, 
    0x21618445, 0x06834644, 0x39364122, 0x37200684, 0x39210d85, 0x22688332, 0x83324546, 0x20068261, 0x82618231, 0x85322006, 0x85332006, 0x85342006, 
    0x85352006, 0x85362006, 0x85372006, 0x82ca8306, 0x85392030, 0x8541200d, 0x82ed8306, 0x85432014, 0x8244200d, 0x32302306, 0x06844138, 0x83344421, 
    0x58342006, 0x3421057e, 0x20d18542, 0x20ca8432, 0x06a44b30, 0x84434321, 0x05ce5029, 0x46423122, 0x33210d83, 0x20458433, 0x05b94634, 0xf7483320, 
    0x45342005, 0x342005af, 0x2005a845, 0x05d94534, 0xd2453420, 0x47342005, 0x34220561, 0x84844644, 0x3020ed84, 0x34051f54, 0x44443430, 0x39312e33, 
    0x65746e49, 0x49552072, 0x646e6120, 0x080c8520, 0x20736920, 0x72742061, 0x6d656461, 0x206b7261, 0x7220666f, 0x2e736d73, 0x79706f43, 0x68676972, 
    0x09892074, 0x32303227, 0x68542030, 0x2e398665, 0x6a6f7250, 0x20746365, 0x68747541, 0x8573726f, 0x654d254e, 0x6d756964, 0x9e0b0b84, 0x0002bd01, 
    0x00140001, 0x007d0072, 0x00a90086, 0x01fb00df, 0x01450129, 0x019f0196, 0x01d901a6, 0x023c02e2, 0x0265024a, 0x02d80295, 0x02e002dd, 0x032903f9, 
    0x03370330, 0x0379035e, 0x0381037e, 0x03ac038a, 0x03d303cd, 0x03e203da, 0x041e04e8, 0x04580444, 0x047c0463, 0x049e0495, 0x053705f0, 0x054b0544, 
    0x05590552, 0x05a1059b, 0x05cf05c1, 0x06dd05d8, 0x068f062a, 0x06ba06b3, 0x072707f2, 0x076e0744, 0x07ae078f, 0x08e407b1, 0x080e0802, 0x081f0818, 
    0x088a0841, 0x09de08c0, 0x09430932, 0x097a0967, 0x09ba099b, 0x09de09c4, 0x0a040aef, 0x0a350a20, 0x0a480a3f, 0x0ab00a51, 0x0bc40ab4, 0x0b1c0b18, 
    0x0bb70b6b, 0x0c3a0cf7, 0x0c950c7b, 0x0df80cc8, 0x0d450d27, 0x0d930d6d, 0x0daf0dac, 0x0eee0dcf, 0x0e090e00, 0x0e300e17, 0x0e520e40, 0x0e740e5f, 
    0x0e930e86, 0x0eab0ea0, 0x0ebe0eb4, 0x0ece0ec6, 0x0fe30ed7, 0x0f8e0f49, 0x103210e3, 0x11fa1073, 0x117d113d, 0x12e01185, 0x120e1208, 0x1235121b, 
    0x128c1263, 0x12b612b3, 0x131b13f8, 0x136c133c, 0x13a0138d, 0x13bd13a4, 0x140614d6, 0x1446141d, 0x145d144a, 0x14911470, 0x14bc14b1, 0x14e814cc, 
    0x150415f8, 0x152c1513, 0x15471539, 0x156b155e, 0x15891576, 0x15ae159c, 0x15c415b9, 0x15e415d4, 0x16fe15f4, 0x16121608, 0x1628161a, 0x16441636, 
    0x165b1652, 0x166d1664, 0x16831676, 0x1691168a, 0x16a11699, 0x16b416a9, 0x17c516bf, 0x18fe1775, 0x19971891, 0x1977191b, 0x19b2197a, 0x1a3a1afb, 
    0x1bf21a7e, 0x1cd31b69, 0x1d9b1c2f, 0x1d271d02, 0x1da51d8c, 0x1e431ee3, 0x1fd21e74, 0x1f3b1f2b, 0x1f991f41, 0x200a20f0, 0x2036202f, 0x208d203a, 
    0x213021de, 0x21ad215f, 0x223b22ee, 0x22b4226a, 0x233423eb, 0x2382233c, 0x23bb2392, 0x240524c3, 0x241c2409, 0x2462245d, 0x25df24a4, 0x255f251f, 
    0x26da25a0, 0x264c260c, 0x268f266e, 0x270727cb, 0x274d2713, 0x27a82777, 0x280128ca, 0x280a2805, 0x28782842, 0x28c528a7, 0x292829f7, 0x2990295c, 
    0x29c829a8, 0x2aef29eb, 0x2a292a23, 0x2a442a3d, 0x2a922a75, 0x2bf42ac4, 0x2b522b24, 0x2bb12b81, 0x2c0d2cdf, 0x2c472c1b, 0x2c8b2c60, 0x2cc22c98, 
    0x2de32cce, 0x2d362d0c, 0x2d7f2d5e, 0x2dc62da6, 0x2eff2dee, 0x2e4e2e27, 0x2e802e59, 0x2ea92ea5, 0x2ef12ecd, 0x2f1b2ff9, 0x2f4a2f27, 0x2f842f63, 
    0x2fbe2f9c, 0x2fc92fc5, 0x2fef2fce, 0x30f72ff3, 0x30353017, 0x30723053, 0x30b03091, 0x31e930cd, 0x31213106, 0x3157313d, 0x318a3172, 0x31bd31a3, 
    0x31dd31d7, 0x320e32f5, 0x323e3227, 0x32613249, 0x32873279, 0x32a9329f, 0x32cf32c0, 0x33f032e6, 0x330c3306, 0x33353320, 0x3351333c, 0x33783364, 
    0x3392338c, 0x33b833a6, 0x33dd33ca, 0x340334f0, 0x34273415, 0x343e342c, 0x34623450, 0x347d3474, 0x34963485, 0x34b834a7, 0x34d834c9, 0x35f734e7, 
    0x35143505, 0x35323523, 0x35483541, 0x35633555, 0x357f3571, 0x359b358d, 0x35ad35a7, 0x35c735ba, 0x35e135d4, 0x36fb35ee, 0x36133608, 0x3629361e, 
    0x363a3635, 0x364e3646, 0x36643659, 0x367a366f, 0x36903685, 0x36a4369b, 0x15b636ad, 0xeddbe1f2, 0x24dc35ed, 0x293a3623, 0xf33be029, 0x50f80e1f, 
    0x1c15d4fd, 0xf706d00b, 0x820cf774, 0x1f742101, 0x07230c82, 0x82fb74f7, 0x74fb270c, 0x30f41c1e, 0x0c82fb06, 0xfb0cfb22, 0xf4231982, 0x82fb0730, 
    0x081b8226, 0x6e1e7438, 0x64158ef7, 0x1fb2a570, 0x070a0c1c, 0xb2a5a6b2, 0x090c1c1e, 0x71a6b206, 0xf31c1f64, 0x706407f6, 0x0b1e6471, 0xcaf71d56, 
    0xfb0561f8, 0x150e06cf, 0x66fb49fe, 0x088249fa, 0xaec09f08, 0x1fa49493, 0x7f0728f7, 0x1b748771, 0xd3a6725e, 0xfbbcf71f, 0x07bffb73, 0x3ff149fb, 
    0x0b1e1ff7, 0x156ce4f9, 0x72f81d78, 0xd1f7affb, 0x1d9745fc, 0x158ff78c, 0x18fbaffb, 0xbbf78bf7, 0x18f7baf7, 0xaff78ef7, 0x18f7adf7, 0xbafb8efb, 
    0x18fbbbfb, 0xadfb8bfb, 0xfb150b1f, 0xf7067ca2, 0x053cfcf3, 0xf7068df7, 0x053cf8f4, 0x07a3fb9a, 0xa0fb61fb, 0x47150e05, 0x1e51575b, 0xef4108fb, 
    0xfb1b0ffb, 0x0ffb2e1c, 0xf71f18fb, 0xce05661e, 0x1ec5c0b8, 0x29b70df7, 0xf71b28f7, 0x08f7eb1c, 0x498218f7, 0x9aa2f725, 0x82f3fb06, 0x8dfb2441, 
    0x82f4fb06, 0xf77c2651, 0x61f707a3, 0x084982f7, 0xfb1d9357, 0xfab8f766, 0x53f80690, 0xfbe4f4fb, 0xfbaafb88, 0xfb04fb94, 0xf71e27ac, 0xf7054bad, 
    0x04f7b701, 0x1b5df7f4, 0x26ee55f7, 0x841f42fb, 0xfb01fb07, 0xa8fb8d04, 0xb7fb1e6b, 0x3fbefb69, 0xfb1af1fb, 0xfb77f7c2, 0x1eb8f73a, 0x8a84f7cc, 
    0x69f70b1d, 0x16c6fb1d, 0x08088267, 0xfb1d226c, 0x150e06cf, 0xd5ccc0e2, 0xad22f71e, 0x51f71cfb, 0x8c43f71b, 0x1bf71cf7, 0xfb1a73f7, 0x34059859, 
    0x3e49568a, 0xf7471afb, 0x1b37fb1b, 0x1bfb44fb, 0x71fb23fb, 0x75f70e1f, 0x10051c16, 0xf80b1d4f, 0x00061c23, 0xfb26fb15, 0x93fb4078, 0x63f7abfb, 
    0x40abf71d, 0x26fb93f7, 0xfb1e78f7, 0x4bf706cb, 0xfbbbd5fb, 0x1a85fb69, 0x9782e2fb, 0x4afb5838, 0xf72133fb, 0x1eaaf72a, 0xe0fb7cf8, 0xfb077cfc, 
    0x2afb22aa, 0x178233fb, 0xf7016a08, 0xf7e2f758, 0x69f7bb85, 0xd5f74bf7, 0x061c0b1e, 0x00081c06, 0x1c1dbc15, 0x0b074305, 0xea38fb15, 0x2af71afb, 
    0x04f71e3b, 0x6cd73ced, 0x0cf78ae7, 0xfb02f719, 0x150e078a, 0x06238ffb, 0x2e6317fb, 0xf71e3742, 0x36f73701, 0x1cf7e9e3, 0x1934f78a, 0xe0fb95f8, 
    0xf831fb15, 0xb8fb0550, 0xd4f7066f, 0xf70548fc, 0xf70e0615, 0x08b2835d, 0x0748fe5b, 0x7cf73efc, 0xe9f752fb, 0x5cf770f8, 0x43f80df8, 0xf740a8f7, 
    0x3cf736cc, 0x06bcfb1e, 0xd478fbe3, 0xfb90bafb, 0xc1fb087e, 0x90fb34fb, 0x1ffb80fb, 0xf7e615fb, 0x4cfa1e9e, 0x10f70b07, 0x150b1d46, 0xfb151d72, 
    0x10fbcc08, 0x1e4504f7, 0x05da0df7, 0xd876ce4b, 0xfbf01ae2, 0x08938369, 0x02fb8b35, 0x0cfb8a06, 0x3f3e2f6a, 0x182903f7, 0xeadb2cf7, 0x38f71af7, 
    0xeffba61a, 0x0616f715, 0x49f8d3f7, 0xb7fba705, 0xfc32fb07, 0xf80e054d, 0xa8d4fc1a, 0x82ce0b1d, 0x827320f1, 0x8af73b59, 0xc08aef06, 0x1b24f7e7, 
    0x32c31ef7, 0xf71f8c24, 0x74f70689, 0x36f73cfb, 0x0182a4fb, 0x36fb3e37, 0x0e1e74fb, 0xe601f715, 0xf703f7e4, 0xfbe53001, 0x3102fb01, 0x08058231, 
    0x32e5036d, 0x0b1f02f7, 0x1d5f9cf8, 0x0e1d3a0e, 0x1c3e051c, 0x1df6e605, 0x051db30b, 0xf7bda4fb, 0xf72dfb76, 0x07f81bed, 0x59f795f7, 0x6df7aaf7, 
    0x1af71efb, 0x1fccaefb, 0xfa0b1d75, 0x04f9160c, 0x17f8fdf7, 0x11f914f9, 0x14f8fdfb, 0xfd1feffc, 0x00f81c40, 0xf7c9f706, 0x0b1dcaa2, 0xc2f775f7, 
    0x83fc0b1d, 0x78f9bcf7, 0xfa1d430b, 0x8265f73e, 0x5d590814, 0x0bbff716, 0x24fa88f8, 0xf789f715, 0xf720f72c, 0xf760f762, 0xfb1afb0e, 0xfa1c1e72, 
    0x1cbff713, 0xf8071106, 0xf764fb11, 0xfbcffb5a, 0x212cfb7a, 0x1dcc38fb, 0x243cfd7a, 0x1dcd0b1d, 0xbff741fe, 0xf80765fa, 0xf766fb13, 0xfbd0fb58, 
    0x2324fb83, 0x1e433afb, 0xfb8ef978, 0x357a82bb, 0x0b06bff7, 0xfa1dc8f7, 0xfb9ef79e, 0xec051cfe, 0x9ef7fef7, 0x13829efe, 0x7d272808, 0x328a6ecb, 
    0x0b1d6319, 0xf72555ea, 0x1bb2fb42, 0xa5fb07fc, 0x86fcb9fb, 0xa1f785fc, 0x09f8befb, 0xf71d4a0b, 0x4481f72b, 0x0b201180, 0x00219383, 0x085982fb, 
    0x6fd6fab1, 0xfa1dd115, 0xfbcdfdac, 0x069ef893, 0xfb80d1fb, 0xfb72fb73, 0xfcfb1be3, 0xa5f79cfb, 0x85f886f8, 0xa4f7a6f7, 0xa3f7eff7, 0x29fb5df7, 
    0x1fd388fb, 0xf806d1f7, 0xf4fb4623, 0x4ffca8f7, 0xfca5fc1b, 0xfd23fc20, 0xf81cfd22, 0xf827fc0d, 0x150b1fbe, 0xfc0660fb, 0x05dbfb33, 0xf7069df7, 
    0xf75af790, 0x055afb91, 0xfb069cf7, 0x1537f9ab, 0x5858595a, 0xe541261e, 0xfb1b01fb, 0x03fb3310, 0x0cf71f20, 0xbdbc056b, 0xf41ebfbd, 0x19f72db9, 
    0xe610f71b, 0x00f700f7, 0x1d740e1f, 0x79f71ffe, 0xf7e1f91d, 0xf70b07cf, 0x85f71640, 0x1dc10b1d, 0x82fcfa1c, 0xc46b08f9, 0xc4fb63f7, 0x6ce4f90b, 
    0xf7fff715, 0xf76ef77f, 0xe41facbf, 0xfb91fb1d, 0xf767f737, 0xf7ddf7e3, 0xf763f73a, 0xf752f78e, 0xfb0cfb08, 0xf71fab24, 0xcaf706b7, 0xf791fb6b, 
    0x9cf1fb62, 0xf763fc1d, 0xf8ddfba2, 0xf70b1f52, 0x1d8e163d, 0x1d65080b, 0xa7abd5ed, 0xf7711fb9, 0x707e0552, 0x1b547860, 0xc9af7040, 0xe0f304f7, 
    0x82d90ef7, 0x06833725, 0x1c80051c, 0xfb050008, 0x150b0683, 0x97fb20fe, 0x0e0620fa, 0x0d82f715, 0x071c7008, 0x84081c8a, 0x4f5ffb15, 0x23fb17fb, 
    0x3ff71e69, 0x75fb37fb, 0x1b95fbe8, 0x1bfca8fc, 0x23fd21fc, 0x1bf822fd, 0xa8f822fc, 0x1cf8a6f8, 0x23f921f8, 0xf75783f7, 0x38f72f60, 0xd26af71f, 
    0xf754f7f3, 0x74fc1ab2, 0x157cfb1c, 0x1c0b1d67, 0x061ccd05, 0x2bfb156b, 0x3005fb79, 0x25f71e59, 0x4afb11fb, 0x1b71fbdd, 0xaffb45fc, 0x72fcd1fb, 
    0x82f76ffc, 0x45f83a07, 0x31f71d78, 0x5320f76c, 0xf71f08f7, 0xf7d0d43e, 0x1a7bf739, 0xfa1cf7fd, 0x22af4571, 0x16081c24, 0x6482081c, 0x626e3708, 
    0x45fb1efb, 0xb6f71e62, 0x1dbccafb, 0xf707e1f9, 0x11f7b4e8, 0xf7f769f7, 0x75f70b1a, 0x1d09f716, 0x5bf7150b, 0x27f72ef7, 0x50f751f7, 0x31f72efb, 
    0x5cfb5bfb, 0x018231fb, 0x51fb5022, 0x273b0d82, 0xf71f5cf7, 0x40220434, 0xd6e8e6e0, 0xd7f3f4e3, 0x3f302e33, 0x1f8a2337, 0x454ef70e, 0xf83b324d, 
    0x00061c49, 0x06dcfb15, 0x94fd6cf8, 0x94fd72fc, 0xdbf71ddd, 0xf977fc06, 0x821ddf94, 0x081c3590, 0xf81c1500, 0x07b1f700, 0x051ca4fa, 0x1c9e05de, 
    0xc9f722fa, 0xb7081582, 0xfe06b2fb, 0x20fa1ca6, 0x051c7805, 0x150b06e0, 0xfb325326, 0x5622fb20, 0xfb1eefe5, 0x75fb0689, 0x2ffb3ff7, 0xa3f7a1f7, 
    0x2ff73ff7, 0x0b1e75f7, 0x1b1dc7f7, 0x9dfbf3fb, 0x89f8a1f7, 0x9cf785f8, 0xf5f7a5f7, 0x6ff799f7, 0x9dfb27fb, 0x6e0b1fbe, 0x1c150e1d, 0xfb0754fa, 
    0x02fb8a80, 0x58fb12fb, 0xfb49fb1b, 0xf700f712, 0xfb1f8a3e, 0xeefb06c7, 0x56fb98f7, 0x0cf8eff7, 0x7af78af7, 0x1e8c1ef8, 0x07ac051c, 0x2c8a320b, 
    0x1b1efb65, 0x053bfb91, 0x35f7bcf7, 0x49f70ef7, 0x2bf71f8a, 0x07fbd125, 0x150b1e9d, 0xd1065af7, 0xfb059df8, 0xfb0e06a0, 0x0ef7963f, 0x1b3cf72e, 
    0xb934d385, 0xfb87fc1d, 0xfba3fb9c, 0xfbf5fbf4, 0xf8a3f79b, 0xf787f887, 0x93820782, 0x82f7f421, 0x87fc2117, 0x963c3e83, 0x2cf73bf7, 0x1f9c75f7, 
    0xfb067cfb, 0x4e32790d, 0x29fb1b28, 0xf714f729, 0xf061f765, 0x41080682, 0xd30bf726, 0x1f9b2738, 0xf7067bf7, 0x42fb7b74, 0x91fb2af7, 0xfbbffb1b, 
    0xfb6efb52, 0xf7cafbca, 0xf76efb51, 0xf70b1fc1, 0x7efe1d55, 0x9afabff7, 0xfbf3f707, 0xfb43f758, 0xfb71fbaa, 0x38fb213a, 0x38821e41, 0x483c2808, 
    0xfbf121fb, 0x5ffb1b61, 0xfb262bfb, 0x781f4b3d, 0xb3fb8ef7, 0x051c0b06, 0x00061ceb, 0x06d5fb15, 0xfb1c18fc, 0x821d7762, 0xc2f82809, 0x0500fa1c, 
    0x8206d4f7, 0x9eb231db, 0x7af78f06, 0x3ef7f2cd, 0x47f708f4, 0x02f700f7, 0x7108ab83, 0xfbd9f71a, 0xfc70f78a, 0xfbe5fb03, 0xfb59fba2, 0xf71e7efc, 
    0x68f706c4, 0xe82bf797, 0xf71b2df7, 0xfb1ef73e, 0xfb45fb05, 0xfb222e29, 0xfb1f410b, 0xfb06fb4e, 0x8905fb02, 0x0b0807fc, 0x081c4cf8, 0xf71dc500, 
    0x16fd06fc, 0x1dd594fa, 0x87fb070b, 0x16fb11f7, 0x1e8f97f7, 0x98cb8cdb, 0xf75598b5, 0x85761883, 0x8a578476, 0x70882b08, 0x1a18f7bd, 0x6549040b, 
    0xfd0b2210, 0x23478275, 0x06f9fb05, 0x29080882, 0xf80500f8, 0x15b6f9f2, 0xfef9c2f7, 0xf7069b05, 0x05fefdc2, 0x422b150b, 0xc9e3e2be, 0x9c15f7b8, 
    0xf793cd1f, 0xa2aaa10c, 0x6d82fb08, 0x29281029, 0x0e1e20fb, 0x821d5cf7, 0xfb3008f9, 0xfb0b07d6, 0x0602fb89, 0x326a10fb, 0xf71e403c, 0xf7052904, 
    0xf7e6db2e, 0x1a38f71a, 0x7bf9150e, 0x0524fb1c, 0xc8f7b8fd, 0x9bf7b8f9, 0x2afa0b1d, 0xa1083382, 0xf8cffb15, 0xfcbffb04, 0xfb75fb04, 0x0b75f784, 
    0xfbc388fb, 0xc442b33d, 0xf719f38c, 0x14f78a0a, 0x1b3ef7df, 0x24e14ef7, 0x0b1fae24, 0x11fac9f7, 0x9df7faf9, 0x04f9fafd, 0x9ef755fa, 0x060afb1c, 
    0x067b050b, 0x041c19fc, 0xf80b059e, 0xf7aff745, 0x0b6ff8d1, 0x23fbd7fb, 0x96fb70fb, 0x15fc150b, 0xaafba5f7, 0xc0c00bf8, 0x1ebc9a97, 0x95fda2fc, 
    0x06dbf705, 0x43f964f8, 0xc9f764f7, 0x8e5af7d5, 0xf8195cf7, 0xbcfb8e2c, 0x16fca6f7, 0xfb1afc1b, 0xfcaafbb0, 0xbcf71f1d, 0x82f71590, 0x3ff730f7, 
    0x018273f7, 0x3ffb312c, 0x82fb86fb, 0x3cfb31fb, 0x018273fb, 0x3cf73024, 0xf58286f7, 0x1d0a2d08, 0x1d5ef70e, 0xbffb8df9, 0x1cb9f706, 0x1db400fb, 
    0x8a38150b, 0x25fb4353, 0x5427fb1b, 0xfb1fddd4, 0x48fb0681, 0x13fb3ff7, 0xa4f7a0f7, 0x13373482, 0xfb1e48f7, 0x1530f842, 0x53575a47, 0x3f0afb1e, 
    0x1b0cfbec, 0x492b1cfb, 0x200805ee, 0xcf056920, 0x1ec4beba, 0x2ab80cf7, 0xf71b29f7, 0x06f7ec1b, 0x0e1f1af7, 0x0e1d19f7, 0x538c3915, 0x08578344, 
    0xd1532347, 0xfb1f8ade, 0x45fb067f, 0x0ffb3cf7, 0xa3f79ff7, 0x0ff73af7, 0x1e8a45f7, 0x15add6fb, 0x97f107dc, 0x1af1b4f0, 0x26fb0df7, 0x1eb2fbda, 
    0x0513fb7f, 0x7ae50af7, 0x8c1f8a51, 0xfb79525b, 0xfb968719, 0x7b0e1838, 0x3a388215, 0xf71af759, 0xfb14f744, 0xfb05f701, 0x931fa533, 0xa41ff707, 
    0x05f7f5df, 0x823af71a, 0xfb1122b5, 0x08f48283, 0x11fb4976, 0x05fb3afb, 0x20f721de, 0x07831e72, 0xfb742dfb, 0xfb05fb07, 0x44fb1a17, 0x1afb5af7, 
    0x0b1ea2f7, 0xfe1d68f7, 0x07fb06fa, 0xaff79cfe, 0xd8d00561, 0xf7ba1ef7, 0x87f71b10, 0xfb44f789, 0x1a8efb4a, 0x3ffb8afb, 0x7ffb46fb, 0x31fb5afb, 
    0x44f712f7, 0xc0fb1e7b, 0x97dafb06, 0x80fbaff7, 0x0e1b0cf8, 0x066df715, 0xf73af878, 0xf779fbf8, 0xfc52f701, 0xf855f70e, 0x96820382, 0x82fb5221, 
    0xf89e3613, 0x6dfb053a, 0x3afc9e06, 0x79f7f8fb, 0x52fb01fb, 0x55fb0ef8, 0x200382fc, 0x200b82f7, 0x081382f7, 0x150e0520, 0xfbd8fa1c, 0x28051c9b, 
    0xf828fd06, 0x00f71563, 0x03f7e5e3, 0xe43300f7, 0x04fb00fb, 0x05823232, 0x31e40331, 0xfe1f04f7, 0xe4f604b9, 0xf604f7e4, 0x8320e432, 0x21048218, 
    0x178232e4, 0xf70e6808, 0x15d4fc5d, 0xc3f9bff7, 0x1d96069d, 0xfb8df772, 0xb9f706b8, 0x1db494fd, 0x1ffb150b, 0xf72c02f7, 0xf719f722, 0x20f7e909, 
    0x09fb1af7, 0xfb19fbee, 0x2802fb22, 0xf71e1afb, 0xbccb161c, 0xc2c5cebc, 0x54494b5a, 0x5a48515b, 0x0e1ecdbb, 0x42503815, 0x2afb26fb, 0x1eded454, 
    0xfb0684fb, 0xfb3ef743, 0xf7a7f712, 0x823ef7a8, 0x1e4339ff, 0x159f90fc, 0xfb0640f7, 0x059ef731, 0x0e068bfb, 0xf751f715, 0xf874fc51, 0xfb250184, 
    0xfc52f751, 0x24018274, 0xfb74f875, 0x83ec8251, 0x2403820b, 0x51fb51f7, 0x821382f8, 0xe0f821ec, 0x71202482, 0x3a083482, 0xfb4ff72f, 0xfb5cf92f, 
    0x9bfc06b6, 0xf80560fd, 0x1dcb8fe4, 0xe8f716d1, 0xf889f706, 0x4ef905b2, 0x051cb2fc, 0x1c1dc110, 0xfb06b3f9, 0x22fb1c8f, 0xfa45f815, 0x27f70551, 
    0x820651fe, 0x3d3a08d7, 0xf7d70efb, 0xf734f728, 0x41f7c422, 0x98ec1fa2, 0xb6a57af7, 0x5afb08b6, 0xfb4afb07, 0xfb3afb25, 0xc40b1e8d, 0x22061c1d, 
    0xf91c98f7, 0x05f906de, 0x48fb05f9, 0x39fe46f7, 0x848239fe, 0x151daf3d, 0xfd30051c, 0xc6f70518, 0xf85ffe07, 0x079b054e, 0x4ff85ffa, 0x07c5f705, 
    0x82d0fa1c, 0x1c0e3e17, 0x98f7d104, 0x0699d0fd, 0xa8fab4f9, 0x1c6ef705, 0x98fb66fb, 0x077db9f9, 0xb5fed4fd, 0x08808205, 0xa506dd20, 0x054dfa1c, 
    0xfb06a9f7, 0x3cf4fc1f, 0x1d7cf71d, 0x0efc0ff8, 0x061c0b05, 0xf91c1500, 0x7c82c69e, 0x82076421, 0xc15a0828, 0xfb93fc06, 0xbcfb05e2, 0xf77ef807, 
    0x1c9705d4, 0xcaf736f9, 0x1cf90e06, 0x92f71569, 0x15f723f7, 0x1fc407f7, 0x2bf70b97, 0xf711fbb5, 0x43f71b4a, 0x24f71cf7, 0x0b1f62f7, 0x0667f715, 
    0x87f93cf7, 0x06c7fb05, 0xf7c1290b, 0xf73ffb02, 0x08f81bac, 0xbef7a2f7, 0x1dd685f8, 0x30480b1f, 0x0b1f2f0f, 0xb8f8e506, 0x0684fb05, 0x05b8fc31, 
    0x3b85430b, 0xfd3cf73a, 0x150b0587, 0xfbebfa1c, 0x15051c92, 0xf7150e06, 0xfbf4f860, 0x1b0b0660, 0x29084082, 0xfcdafbac, 0xbffb0b69, 0xf700fa1c, 
    0x51fb0bbf, 0xfb2413fb, 0x10f70b1a, 0x15f6061c, 0xf80b12f9, 0x50f71622, 0xf905b2f8, 0x908206b4, 0xf79d6308, 0xf735f749, 0xfb5cf76d, 0xfb29f733, 
    0xfb18fb6c, 0x5a274d14, 0xf706821f, 0x1ef7e471, 0xd5ee3cf7, 0x1e9d3a5c, 0xf7067bf7, 0x3afb744c, 0x7dfb24f7, 0xfbc5fb1b, 0xfb7dfb4a, 0xf71afcf5, 
    0xf728fb7a, 0xf7881f8b, 0x12fb1548, 0x00f7e033, 0x87f31f86, 0x10f7e1f0, 0xec0ff71b, 0x01fb2039, 0x12fb362b, 0x9f4e0e1f, 0xfb8d2e14, 0xf753f718, 
    0xf91f6f8b, 0x8bfb06c4, 0x0878826f, 0x8bfb5367, 0xf92cfc1b, 0x85f71526, 0xf718f7aa, 0x1b89f74f, 0x18f787f7, 0x85fb4ffb, 0xf70e1faa, 0x157df816, 
    0xf798aefb, 0xf77ffb90, 0x48f81bf8, 0xeaf780f7, 0x1f8a2df8, 0x3df807cd, 0xeaf776fb, 0x07fc56fc, 0x7efb7cfb, 0x1e7efefb, 0xf706c5f7, 0xf7ef975d, 
    0x1b5df71d, 0xfbd9a7f7, 0x1f8efb97, 0x86fb0749, 0xfb8efb40, 0x08bd82a5, 0x02f7103c, 0x1e7f28f7, 0x11061c0e, 0x1500081c, 0x0afec6fb, 0xfc0681fb, 
    0x050afa90, 0xf8060efc, 0xfd64fef6, 0x05c4fe24, 0xf806f9f7, 0x05fef99e, 0xfefdb6f7, 0xfef9c6f7, 0xf806b9f7, 0x0f82fd97, 0xfd06fd35, 0xf8c2fa20, 
    0x0566faf4, 0xfc060dfc, 0x050afe8c, 0x4c0688fb, 0x6a081685, 0xc6fb05fe, 0xc6f763fb, 0xf70654fe, 0x15a2f7c9, 0x1d5046f9, 0xf8f7f7f8, 0xf754f807, 
    0xfca0fb7b, 0xfb79fc77, 0xfca4fb7b, 0x150e1f67, 0xc7f736f8, 0xe8f78ef7, 0xf78c1f8a, 0xf731fb97, 0xb5a4fb4e, 0xf7079b08, 0x1ff7c26a, 0xf78a3cf7, 
    0xc1f7087a, 0xf78bfb8c, 0x1b1efc95, 0xc2fb0cfc, 0xe1fb77fb, 0xbff71f81, 0x9250f706, 0x82f745f7, 0x1b2508f5, 0x1df765f7, 0x51fb13fb, 0x5afb1f8a, 
    0xfb33fb8c, 0x1b77fb16, 0x90fb41fb, 0xf70641f7, 0xfb38f7b0, 0xfb62fb24, 0x2610825b, 0xfb85fb1b, 0x8241fb72, 0x4a380833, 0xcefb1f7f, 0x98e2fb06, 
    0x78fbbcf7, 0x0b1b32f8, 0xcbbfe015, 0x20f71ed4, 0xf719fbad, 0x41f71b4e, 0xf71af78c, 0x1a6ef718, 0x059756fb, 0x4b578a36, 0x4819fb3f, 0x35fb18f7, 
    0x30085783, 0xfb20fb1a, 0xeef71f6c, 0xf71551f8, 0xf9f70685, 0xfb05d4f7, 0x150e06cb, 0x30f78bf7, 0x86f715f7, 0x0df91fe4, 0x05cd061c, 0xfc06d5fb, 
    0x58fb1c19, 0x05204705, 0x05a82908, 0xf806d4fb, 0xecf91cc6, 0xfb3f2566, 0xfb7a2060, 0x4319b838, 0x7b0589fb, 0xe57ad9af, 0x1d910b1b, 0x81f72bfb, 
    0x1dae1d20, 0x2d087982, 0xf7baa30f, 0x43f71e02, 0xf70577fb, 0xa8fb06d0, 0xf705fcf7, 0xf747f768, 0xf8b8f716, 0x96fe1a0d, 0xf715fcfb, 0x0512fcb7, 
    0x824c5178, 0x90491b49, 0xfb530817, 0x65fb38ac, 0x14fb1cfb, 0xf759fb1f, 0xf80e0595, 0xf8a9f76d, 0xf933f916, 0xf8adfb2e, 0xfc69fc17, 0xfcacfb6a, 
    0x8a2ffd16, 0xf732fd1f, 0xf816fca9, 0xf71e8a6e, 0xf70b049f, 0x1d3ff775, 0x2afb060b, 0x17fb5125, 0x5311fb93, 0xf9150b1d, 0xf81cfc23, 0x4ca6fc21, 
    0x57080f2c, 0x301afb0b, 0xefeae4d1, 0xf711f7cf, 0x3043ec10, 0xfb453132, 0x7af81f17, 0x3b05fb04, 0xdbdeddcd, 0xf705f7cb, 0x384bde02, 0xfb493739, 
    0xfa0e1f01, 0x7bfb15bc, 0x57fb26f7, 0x9ff7a3f7, 0x56f727f7, 0xf71e7cf7, 0x7cf70700, 0x56f723fb, 0x9efba3fb, 0x56fb2bfb, 0x0b1e7cfb, 0x2211094e, 
    0x49160ef9, 0x4e081038, 0x0e1db40e, 0x1c48051c, 0xf7158904, 0x4ffb4d83, 0xe0fb30f7, 0xfbeffb1b, 0xfb4bfb8a, 0xf76efba4, 0xf725fb18, 0xf71f4bb4, 
    0xf7055298, 0x49d06a28, 0x0bfb1a2b, 0xfb2e13fb, 0xfb47fb58, 0x2bf7d807, 0xb5fb1e67, 0xf7150b5f, 0xf720f7d5, 0x8299f769, 0xfb1c3494, 0xfbc5fb79, 
    0xfb20fbc8, 0xfb9ffb7f, 0xf724fb95, 0x82d7f770, 0xfb24088e, 0xdcf91c98, 0xf8edfc06, 0xfb46fbed, 0xfe21fa48, 0xfa23fa21, 0xf74afb21, 0xfcebfc48, 
    0x1b0e05ed, 0x17fca6fc, 0x08065e4e, 0x27fc0c55, 0x85f8bff8, 0xdaf7f7f7, 0xf71f99f8, 0xfbb9fd7d, 0x078ef893, 0xfb84defb, 0xfb65fb6e, 0x1db1f7dc, 
    0x15acf70b, 0x8106b4fb, 0xfb7404fb, 0xa5fb4ba3, 0x1910fb70, 0xbb0668f7, 0xf7f517f7, 0x84f7aac0, 0xf8070b08, 0xf765fb10, 0xfbcefb5b, 0x202bfb7b, 
    0x82cc37fb, 0x482d0833, 0xfa150e1d, 0xfe6af74e, 0x0af8064e, 0xf71508f7, 0xa4fb06a0, 0xfc0532f8, 0x150e0609, 0xb2f8a1f7, 0xa1f7b2f8, 0xb1f8b2fc, 
    0xb1fca1fb, 0x080582fc, 0x06b1f84a, 0xd6fa1c0e, 0xfbaafb07, 0xfb5cfb54, 0xfbcbfbcc, 0xf75cf755, 0x051c1eaa, 0x1cc9fb2a, 0xfc07bdfa, 0xfbd6f742, 
    0xf87ff8c5, 0xf7d7f77f, 0x1e42f8c5, 0xc405830b, 0xd9d8acba, 0x1e3e62af, 0x070efb5c, 0x0ffb71fb, 0x0b26fb33, 0x21139c4f, 0x924151f9, 0x150b2211, 
    0x29a582d0, 0x60f7eaf9, 0xf706eafd, 0x09860462, 0xf70ea108, 0xf96ffe9e, 0xf720fa07, 0xf920fe9d, 0xf763fa04, 0x1cf70b9e, 0x26f7d5c3, 0x827db7c9, 
    0xf7d11ea7, 0x619b0586, 0x0dfba434, 0xfb87fb1b, 0xfb22fb69, 0x060b1fb4, 0x6bf770f8, 0xcef781f7, 0x72fbd1f7, 0x5ffb47f7, 0x079f1f96, 0xf7bb50f7, 
    0xf714f731, 0x150b1a94, 0x47f748f7, 0x04f905fd, 0xfb150b05, 0x1df906fa, 0x21fd94fe, 0xbaf794fe, 0xfb070b1d, 0xfb3d5022, 0xfb5b1e22, 0xa08a0695, 
    0x1ba08b9e, 0x3df7d2f7, 0xc8f73cf7, 0xd3070b1f, 0x1ed39797, 0x0658051c, 0x437f97d3, 0xfa150b1f, 0xfe39fa39, 0xfb2f0382, 0xf8150b48, 0xfb44f844, 
    0xfc24f724, 0x8244fc44, 0x051c2256, 0x13b844e4, 0xf5376f82, 0xecf70691, 0x94055bf8, 0x1e440e06, 0xfb8ef778, 0x00fa1cb3, 0x5106bff7, 0x2f34085e, 
    0x69f720f7, 0x0ff762f7, 0x75fb17fb, 0xf9150b1e, 0xfd02f906, 0x55080382, 0x0b82fc05, 0xd8fa1c15, 0x051ca1fb, 0xf70e0628, 0x99f80687, 0xf70516fa, 
    0xfbe0fd52, 0x82edf850, 0x9cf70b07, 0xf7ed4af7, 0x1f2af743, 0xfba70695, 0x82f70589, 0xdad6ed0b, 0xd540ece7, 0x41392e29, 0x3cdd2f2a, 0x050b1fe8, 
    0x07d5fba7, 0x4bfc2efb, 0xfffb0b05, 0x75519efb, 0xf90b2e05, 0x0594fa12, 0xfc06fafb, 0x05b5fd7e, 0x088c827b, 0xa6fb8642, 0x07fcb9f7, 0xfb24b1fb, 
    0x0b562c42, 0xd3ca03f7, 0xd34ce7e2, 0x07fb03fb, 0x0b2f434d, 0xf7c1fb06, 0xf71afb57, 0x051c0b8b, 0x1c9bf701, 0x0b06fffa, 0xf796f7cf, 0xf750f7b3, 
    0x58f70b02, 0xc1f71af7, 0x2b086b82, 0xfc0606fc, 0x0518fd8f, 0x18f924fb, 0xdcf7050b, 0xf8edf706, 0xfceef7d2, 0x160b05d2, 0xfaf8bff7, 0xf80656f7, 
    0x05fafc63, 0xf973f80b, 0x70087f82, 0xeafb06db, 0x0b05eafc, 0xfb4dfe15, 0x064dfa6d, 0x78fb150b, 0x78f7d3fc, 0xb8fe0b06, 0xf86dfb05, 0xfc0b070e, 
    0xfbaefb40, 0x0b6cfcda, 0xfb06b7fb, 0x15fb653a, 0x1b3ffb29, 0xf789fc0b, 0x0b78f9bc, 0x63f7cbf7, 0xfb0bcbfb, 0xfb00fb05, 0xf70b1e28, 0xf864f9c9, 
    0xf70b0638, 0xfb74f927, 0xf80b0746, 0x3bf78c92, 0xa8f7adf7, 0x48fb0b1b, 0x21fa21fa, 0x080382fe, 0x4b200b3b, 0x0e1e3144, 0xf73ef815, 0xf786f7c1, 
    0x891f8de0, 0x49fb96f7, 0x79fb6df7, 0x079708b4, 0xf7bb5bf7, 0x8d4ff71b, 0xf70871f7, 0xa8fb89cd, 0x0bfc7df7, 0xfb0ffc1b, 0xfb7dfba8, 0x082b82cd, 
    0xf770fb56, 0xf750fb1b, 0x7f085b5f, 0x627dfb07, 0x6dfb49fb, 0x0896fb8d, 0xf789e0fb, 0xf886fbc1, 0x91f71b42, 0xfb94fb04, 0xf71cf736, 0xf71f8d61, 
    0x44f78969, 0x86f72cf7, 0xf782f71b, 0xfb2cfb44, 0xfb1f8d69, 0x35fb8961, 0x91fb1cfb, 0x044dfa1b, 0x27fb63fb, 0x57f717f7, 0x54302a82, 0xf722f789, 
    0x1b68f713, 0x22f764f7, 0x54fb13fb, 0x57292a82, 0xfb26fb89, 0x1b60fb17, 0x4126560e, 0x1c46f724, 0x0151cc06, 0x05fb2c21, 0x8a24fa1c, 0x1c05f71d, 
    0x51157c06, 0x4a08120b, 0x0691f715, 0xd5883af7, 0xd01bf5ce, 0xe83b6fb7, 0xf711fb1f, 0xf758ed26, 0x74f71b18, 0x28f755f7, 0x1f85ecf7, 0xfb0691fb, 
    0x3a478e2f, 0x461b03fb, 0x2cdaaa5b, 0xfb0bf71f, 0xfbc22c23, 0x73fb1b1c, 0x22fb50fb, 0x1f8eeffb, 0xc60400f9, 0x0e350849, 0xa66f22fa, 0x1af80e1d, 
    0xf7ee1532, 0xf1520525, 0xf76c0df7, 0x1d781b1c, 0xf74385f7, 0xf713fb5c, 0x00f71f20, 0x3bfb32f7, 0xfb2706f7, 0x25c40526, 0xfbaa0dfb, 0x0883521b, 
    0x83fb2608, 0xf75cfbd3, 0x1f1efb13, 0x32fb00fb, 0xf706f905, 0x45391556, 0x1f52b0a0, 0xc0f9bdf8, 0xa22fb905, 0x0efb06fb, 0x0720581a, 0xeefb1e2d, 
    0x5c156cf7, 0x06f775e6, 0x581a0df7, 0x78080746, 0x6676cfdd, 0xfa0b1ec4, 0xf7156e2d, 0x6af79dc4, 0xf7cb34f7, 0xbeaffb7f, 0x5525fb18, 0xfb4116fb, 
    0x94fb1b3e, 0x3af740fb, 0x1f83bcf7, 0x06f5d8fa, 0xe0fbbff8, 0xf0fb6df7, 0x3ffc1de3, 0xbbfb73f7, 0x1e5207f8, 0x473dfb68, 0xfa75fc1d, 0x6ef71564, 
    0xf732f797, 0x1b87f751, 0x2cf77cf7, 0x7ffb40fb, 0xf40b1f8c, 0x071c0e1d, 0x66051c86, 0x454af815, 0x94f7ebfb, 0xfc1b45fc, 0x059353a6, 0xf5fc2d08, 
    0x16fce5f7, 0x1f586ff8, 0x4747fb66, 0xf8c8971d, 0xb7f7ac29, 0xf8caa4f7, 0x1d60190e, 0x7035fa0b, 0xa9d1f715, 0x63f75ff7, 0x08a8f7a9, 0x082a5954, 
    0x74f73a79, 0x0ef8cbfb, 0xfb681f58, 0x0e1d473b, 0xfc1d2cf7, 0xb3f79f07, 0x5ff879fb, 0xf775f81b, 0xf791f7a9, 0xfb05f8ef, 0xfb23f7dd, 0xfb1fcb98, 
    0x34fbbf5c, 0xd669fbb4, 0x1958f78c, 0x33f742f7, 0x90f715f7, 0x3bf77ff7, 0x51fb02fb, 0xf90b1ea1, 0xf7156d9c, 0xf702f7ac, 0x1fc1ed3f, 0xf783fba4, 
    0x00081cb8, 0x8dfdbffb, 0x1d480679, 0xa9fff91f, 0xfd1d8e15, 0xfb159fbd, 0x821ffb9f, 0xf7c83936, 0xf71cf7c5, 0xf7a2f779, 0xfb20f799, 0x79d5fb69, 
    0xf90b1f1d, 0x15e3fce0, 0x3013de54, 0xf7dce7f4, 0xf71fd504, 0x69f7d2e6, 0x30f8b9f7, 0x07f8591a, 0x35083b4c, 0xfb69f730, 0x44e7f7b9, 0x612e211e, 
    0x209204fb, 0x901d6508, 0x6254bff9, 0x02f73022, 0xfb152af8, 0x8ff794a0, 0xe9f73dfb, 0x82f2f71b, 0x446308f6, 0x5cf7aef7, 0x28f713fb, 0x1f9746fb, 
    0x35f7079b, 0xf703f7b9, 0x1a3df700, 0x6cfb90f7, 0xeafb46f7, 0x85fbdcfb, 0x96fb43fb, 0xc2f71e85, 0x9107f706, 0xf7db0bf7, 0x35f71b37, 0x11fb37e9, 
    0x353709fb, 0xfb1f3dfb, 0xf77ffb8e, 0x3ef7068e, 0xfb2d01f7, 0xfb31fb1f, 0x40fb441f, 0x06fb3dfb, 0x8212f7d1, 0x82150b1f, 0x5d7d0862, 0x92f717f7, 
    0xfba2fa1f, 0x7e4bfb86, 0x3367e407, 0x1b40fbf5, 0x4dfb7bfb, 0xe5fb4efb, 0x4cf7e1fb, 0x7cf73afb, 0xe0ea38f7, 0x981fb0e6, 0xfb065cfb, 0xfb4b2828, 
    0x4114fb1d, 0x1e6ecdc4, 0x056373fb, 0xf7b227fb, 0xf705fb2f, 0xf88e1b93, 0x2cfb15eb, 0xf70ff734, 0xf74ef753, 0x54fb1de2, 0xfb3258fb, 0x1f2afb0a, 
    0x84f7150e, 0xb8f8e506, 0x06bbf705, 0x0584f7b2, 0xd906bbfb, 0xf7056cf8, 0x260d85bd, 0xfc1d98bd, 0x821d9874, 0xfb642215, 0x26238384, 0x056cfc3d, 
    0x8406bdfb, 0x06bd230d, 0x3882fc31, 0xf8273f85, 0x4dfc0674, 0x831584f7, 0x830b823d, 0x0ec10827, 0xfbb8fb15, 0xfb46fb59, 0xf77afb8a, 0xf739fb49, 
    0xf729f780, 0x01f7cf1a, 0x06941fc6, 0xfb2693fb, 0xfb4ffb32, 0xf0bf3606, 0x87fb1e73, 0xa563fb06, 0x30fb45f7, 0xf71b9bf7, 0xf75af7df, 0xf829f897, 
    0xf790fb4c, 0x1fa0fb35, 0x1555fb8e, 0x00f71df7, 0x9018fb2d, 0x9207fb1f, 0xfb2107fb, 0x24fb1b24, 0x11f7eb22, 0xeef613f7, 0x0e1f24f7, 0x081cfef9, 
    0xa8fb151c, 0x65366dfb, 0xfbd01f44, 0xf7b70597, 0xbf46f706, 0xf81b4bf7, 0xfb41f761, 0x910ffcd3, 0xaefa1c1f, 0xfc0654fb, 0xfbcbf7d0, 0xf890f8f8, 
    0xf8faf79f, 0x8ac4f81b, 0x072af71e, 0xfb8cd0f8, 0xfd43f8df, 0xfcf81b07, 0x1522fb1c, 0xfb70defb, 0x3db98245, 0xdffb1be9, 0x7af727fb, 0x1f8ac3f7, 
    0xf70b07b6, 0x51f91d60, 0x1500fa1c, 0xfb1c1d4a, 0x0c82be1d, 0x0811e048, 0xf7150eab, 0x23fb6e46, 0x87fb03f7, 0xfb89fb1b, 0xfb0afb3a, 0xe628fb54, 
    0x6355f727, 0x6743f71f, 0xb375f105, 0x411a5561, 0x02fb5a3a, 0xba4503fb, 0xfb1e75e8, 0xfb057981, 0x36f7a650, 0x8ff707fb, 0xf790f71b, 0xf717f74e, 
    0x2824f758, 0xb24efbe7, 0xb347fb1f, 0x60a12505, 0xd61ac4b1, 0xf7e9b8dd, 0x474ec506, 0xf90b1e9b, 0xf71dc3a5, 0xf766fbc3, 0x1e48fc7f, 0xf70682fd, 
    0x09f91cc9, 0x0b1d4ff7, 0xfe1d69f7, 0x1596fd2e, 0x8cfbd8fb, 0x3af878f7, 0x041c1f64, 0x3afc06c6, 0xfb8cfb63, 0x1bd7fb78, 0x0efaf7f8, 0x3afb1c15, 
    0xb23af806, 0x252182f7, 0xf71bd8f7, 0x1b82f7d7, 0x3afc7408, 0xf70b1fb3, 0x151ef934, 0xf7b218fc, 0xf8b6fb92, 0x82f81b82, 0x05f8d0f7, 0xf71fd2f8, 
    0xd2f80769, 0x0af8d4fb, 0x76fc8ffc, 0xbafb8dfb, 0x1e6320fc, 0xf706cff7, 0x11f7ab9e, 0xbff732f7, 0xf7ddf71b, 0xfc9efb4c, 0xfd1f8c32, 0xf99afb87, 
    0xfdfb0686, 0xfb32fb7e, 0x1bd9fba5, 0x17fbc7fb, 0xa2f726f7, 0xa00b1f68, 0xfc4ef71d, 0x290ffbae, 0x920bfb5c, 0x581906fb, 0x4e081db0, 0xf90b1d6f, 
    0x1f061cab, 0xfbe3fb15, 0xfb39fb81, 0xf71f478e, 0xf70558af, 0x16f7c125, 0x1b3ef7d5, 0x40f794f7, 0xbcfb3afb, 0xd8fe1f93, 0xbffc0621, 0x6dfbe0f7, 
    0x40f8f0f7, 0xdaf7aef7, 0x71f86cf8, 0xccf7aafb, 0xf81e59fc, 0x1539fe44, 0x827f6efb, 0x5130088e, 0xfb1b87fb, 0xf72cfb7c, 0x8a7ff740, 0xfb150b1f, 
    0x7df70781, 0x71fb26cb, 0x0700fc1f, 0xfbc333fb, 0x5a8ef713, 0xfb07681e, 0xfb535a8e, 0x1a33fb13, 0x71251683, 0x7dfb264b, 0x3c2a821e, 0x49f720f8, 
    0x2df81bf7, 0x07b3f71f, 0xe0d86bf7, 0xf71e76f7, 0x76fb07b4, 0x6af7e13e, 0x2209821f, 0x82fb2df8, 0x20fc2b1f, 0x1d2a0e1e, 0x081c22fb, 0xb45e1500, 
    0x0bb60806, 0x12f7b3f9, 0x10f70b1d, 0xfc1500f7, 0xf4f79f39, 0x59f8b9fb, 0xf784f81b, 0xf8fff7e6, 0xfb6cf88a, 0xfce3f7ca, 0x9f1fa453, 0xf955f907, 
    0x74f7055d, 0xfb2cfa1c, 0x7bcffaa2, 0xfd1afd07, 0x87fb051e, 0xf70743f7, 0xfb95f7ff, 0xfb0dfc82, 0xfb5cfbe3, 0xfbd5fb92, 0xf775fba3, 0x7b9bf748, 
    0xf7160b1f, 0x0687f9c6, 0x42fa3ff8, 0xb5a8cb05, 0xa61bc8a8, 0x978587ae, 0x98f7bf1f, 0x524ba405, 0xfb1b4896, 0xfb25334c, 0xfb1f3b54, 0xfb47fdbc, 
    0x054bf9ba, 0xfb2e76f7, 0x2cfbcb04, 0x8054461b, 0xbe1f4d6f, 0x910595fb, 0xa48fb295, 0x6fb5c91b, 0xf81fa94a, 0x0543fe3b, 0x1f5b150b, 0xe92f0806, 
    0x4efca8f7, 0xa4f71db6, 0x2afb4cf7, 0x1fd887fb, 0x1c1d900e, 0x8cf728f9, 0xd8061c1d, 0xfc0ffc06, 0xf91c050f, 0x1dcef7a4, 0x06d6081c, 0x84fb0df7, 
    0x0e052601, 0xf7a139f7, 0x08f48217, 0x0e1d1725, 0x9ff0fb15, 0x6afbc7f7, 0xf81b1ef8, 0xf7c5f73c, 0xf7f6f790, 0xf78afbd3, 0xa40ffc96, 0xf8079b1f, 
    0x8308f9b8, 0xfb7d08f4, 0xf99dfb08, 0xfc077cf8, 0x05ccfc80, 0x4bf77efb, 0xf7e5f707, 0xfb42fb20, 0xfb78fb60, 0xfb0efb45, 0xfb70fb80, 0x52f7f540, 
    0x590b1f78, 0x15ec051c, 0xfa1ca9f7, 0x0693f914, 0x99f75cf8, 0x03f892f7, 0x02f81f8a, 0xf799fb8c, 0x1b5cfc7f, 0xbaf75dfc, 0x63f7e0f7, 0xd9f7e0fb, 
    0xd9fbcafb, 0xf806a9fb, 0x158dfddf, 0xf7065df8, 0xfb26f79d, 0xfb4dfb2c, 0xfb26fb52, 0x1f9dfb43, 0x0e065dfc, 0x08158215, 0x34f74c30, 0x64f772f7, 
    0x24f73efb, 0x2b226afb, 0x1f5d4e61, 0xf7af0686, 0xaaf805b1, 0x6cfd50f7, 0xd5fc4f06, 0x056269f7, 0xacd8b1be, 0x16f71bd4, 0xb1823bec, 0x2c063208, 
    0xfb14fb3b, 0xe7c73001, 0x77fb1f86, 0x9056fb06, 0x1efb45f7, 0x0b1b8ef7, 0xfc1d70f7, 0xfb9efb13, 0x571dfc99, 0x924dfb1e, 0x46f7f641, 0xfbb9f81a, 
    0x14e747b8, 0x85398082, 0x069442f7, 0x25e5b530, 0xf71b3cf7, 0xf744f780, 0xf7e2f756, 0xf74cfbe9, 0x08ff824e, 0x2339443e, 0x831f6130, 0x86fb9ff8, 
    0xfd82f706, 0x59f715e8, 0xf718f7e3, 0xdf2ff72b, 0x53fb1efb, 0xfb3653fb, 0xfb2efb22, 0x19f7332b, 0x0e1e5cf7, 0x80051c15, 0x4bfb82fb, 0x66e6077e, 
    0x3efbf332, 0x26073b46, 0xf7e2fbe9, 0x8256fb48, 0xe836395e, 0x1fb4eceb, 0x06c2fc94, 0x1514fa90, 0xfb325bfb, 0xfb2afb1a, 0x1ff7342c, 0x2c087782, 
    0x061c1db7, 0x00081caa, 0x0776fd15, 0x41fbd9fb, 0x95fb3efb, 0x041c1e68, 0x1cc6fbf4, 0xfb070cfb, 0x40fbb1a0, 0xccf748f7, 0xfb76f91a, 0x392382c5, 
    0xc7f773fc, 0x4af8aafb, 0x97fc1e65, 0x98f8c6f7, 0xb345f807, 0xa9f7c4f7, 0x218271f8, 0xf70e0737, 0x041c1d75, 0x15cef9be, 0xf81cc9fb, 0x06c9f700, 
    0xfa79f91c, 0x178b4156, 0x150b4208, 0x067ca7fb, 0x13fc0cf8, 0x065ef705, 0x12f80ef8, 0xa8fb9b05, 0xfb5ffb07, 0x23f7056e, 0x351544fc, 0xf7f643cd, 
    0xe1d3cd00, 0xfbd649e4, 0x40492000, 0x04fd1e32, 0xcd32158e, 0xcef6f347, 0x49e4e4cf, 0x081582d3, 0x35404c49, 0xc9f70e1e, 0x38f89bf9, 0x8b919206, 
    0x34f81b92, 0xf7059bfd, 0x5afc06f4, 0xf705d1f9, 0x11f7e88f, 0xa7f765f7, 0xfb0df81a, 0xfc9df77e, 0x6efd1e6f, 0xfec9f706, 0x1d98f783, 0x1518fe0b, 
    0xf1f9bbfa, 0xbbfaf1f9, 0x82fdbbfa, 0xbbfe2207, 0x210782fe, 0x0783f1fd, 0xfdf1f922, 0x1f331782, 0xfe048ef7, 0xf981fd32, 0xfa30fa82, 0xf981f932, 
    0x8232fa80, 0x80780807, 0x32fe80fd, 0x80fd30fe, 0x32fe82fd, 0x1d560b1f, 0x61f87dfb, 0xfa150b05, 0xfc5df742, 0xf70694de, 0x0558f77c, 0x48f776f7, 
    0xf70af7ee, 0x67f71a3c, 0x35f74cfb, 0xa5fba7fb, 0x2dfb56fb, 0xf71e81fb, 0x0bf70681, 0x1cf7d7e5, 0x46ee14f7, 0x432704fb, 0xfb16fb45, 0x6ffc1e05, 
    0x0e052bfc, 0xf71d84f7, 0xfb1d41c4, 0x0b071cba, 0x0e1d8ff7, 0x8dfdbffb, 0x1d480779, 0x93f7cd1f, 0x081c3c49, 0x1d60f764, 0x1dbebafc, 0xa0051c0e, 
    0x98fa156b, 0x8af798fa, 0xf8898af7, 0xf788fb2a, 0x8efb1984, 0x1bfc8af7, 0xfb8ffb89, 0xfb1cfb88, 0x1cfb1818, 0x8ffb18f7, 0x1bfc88f7, 0xfb8efb8d, 
    0x88fb198a, 0xfc8984fb, 0xfb8af72a, 0xf70e088a, 0xa00e1d30, 0xfc4ff71d, 0xdcf705b2, 0xf71d6f06, 0xde061c38, 0x69f71d23, 0xd75c081c, 0xf8c92f05, 
    0x0700f84b, 0x8ef75cf8, 0xe4f79cf7, 0x5d82e4f7, 0x5cfc9d2e, 0xf800fc1f, 0xfa1c062c, 0x41f904b9, 0xf7291e82, 0xfb1ff7a4, 0xfb64fb1f, 0x08058263, 
    0xa4fb17ce, 0x71f80e1f, 0x151d32f7, 0xf706bef7, 0xb6fb82dc, 0x34fc82f7, 0xfb2ffc1b, 0xfb7ffbcf, 0xf7b1fbf5, 0xf73bfb60, 0xf71f32dd, 0xf7054986, 
    0x3df7516f, 0x1a4afb43, 0x53fb5cfb, 0x9bfb18fb, 0x5afb82fb, 0x7973f7f5, 0x06cafb1e, 0x065ffb0b, 0x53a88afb, 0x6bf782f7, 0xf707e11a, 0xfb1dda79, 
    0x9538fb1a, 0x06c4f71e, 0xfb83daf7, 0xfb7af783, 0x5efc1bff, 0xe6fb74fb, 0x351f2bfc, 0xf7f2fb07, 0xf7c0fb39, 0x0b1e40eb, 0x46c73615, 0xcbf501f7, 
    0x4ce4e2cd, 0x2301fbd0, 0x1e33464c, 0x15890df9, 0x46cb8a35, 0xf71b00f7, 0xded4c700, 0x22d14ce0, 0x464b00fb, 0xfb1f8c34, 0x1522f868, 0xf7069ffb, 
    0x05bcfb90, 0x0e0654f7, 0xf91675f7, 0x5bf80693, 0x08058a44, 0xfb02f821, 0xfc7ff799, 0x5efc1f5b, 0x5cfac4f8, 0xfb1c9ef7, 0xc9f70603, 0x1504f91c, 
    0x5ef852f9, 0x449cf707, 0x48080c83, 0xf90e1f9c, 0xfc50f7f0, 0xf70694a0, 0x0530f75b, 0x34f765f7, 0x28f7f4e1, 0xfb53f71a, 0xfb27f738, 0xfb91fb92, 
    0xfb20fb43, 0x72f71e68, 0xcce1f306, 0x06f707f7, 0x39294ee3, 0x09fb4e4f, 0x44fc1e2a, 0x0b05f6fb, 0x00061cdb, 0x08d05c15, 0x32f85b08, 0x0570041c, 
    0xbeb2b0f2, 0xa7b71bd1, 0x1f978780, 0x0594f7ab, 0x96546599, 0x35fb1b4d, 0xfb292dfb, 0xfb1f3a9f, 0x77d9fdaa, 0x31150b1d, 0x04f744cb, 0xd2cc04f7, 
    0xd34ae4e5, 0x04fb04fb, 0x1e32434b, 0x34161ffd, 0x06f743ca, 0xf81e1dd7, 0x1502f717, 0xf70650f7, 0x05bbf783, 0xec82a0fb, 0xf806cc28, 0xfe051c43, 
    0x07839b05, 0x0502fa3e, 0xf806cbf7, 0x00081ccd, 0x06dafb05, 0xf91c22fc, 0x067805cd, 0x061c33fc, 0xd6fb0533, 0xf9210883, 0x281083ce, 0x32061c23, 
    0x06d9fb05, 0x13c84b0b, 0x8207a760, 0xbffb24c6, 0x8238fa0b, 0xfb153a07, 0x061ef7df, 0x46fb1dc2, 0x84fb81fb, 0xfa1c81f7, 0x1cc0f7f0, 0xdff71005, 
    0x10015307, 0x781e443b, 0xf706f8f7, 0xb501f726, 0xa8ab0df7, 0x1ea48787, 0x960785f7, 0x4a8d5262, 0x083d821b, 0x12fb5f26, 0x1c1fc8fb, 0xbff796f9, 
    0xf7150e07, 0xf703f758, 0xc12bf707, 0x1c2cf81f, 0xfb058504, 0x7ffb0698, 0x8205a3fd, 0x23080682, 0xfb05a3f9, 0x00f80694, 0x4671adfe, 0x7d422368, 
    0x19ac00fb, 0x0553fb55, 0x7abcaa7f, 0xf70e1bd9, 0xc6f71d84, 0xf739e982, 0x150b1d8f, 0xf8060afc, 0x0532fc0a, 0x6c06a4f7, 0x35157dfb, 0x00f743cd, 
    0x059844f6, 0x48202024, 0x97443141, 0x00f72608, 0xe4e4cfcc, 0x0998444a, 0xee152c22, 0x2105b351, 0xb3512f28, 0x1fe72a05, 0xd216d9f8, 0xf832fc1d, 
    0x0e395674, 0xf7483708, 0xf8edfc48, 0x081c05eb, 0xedfc06c4, 0x48f7ebfc, 0x48fb1deb, 0xedf846fb, 0x1c05edfc, 0xf8063cf7, 0xfbedf8ed, 0xfe46f748, 
    0x0521fe21, 0x7825f80e, 0x7ff91d3a, 0x5064f716, 0x154a0818, 0x3907cefe, 0x822c5a63, 0x7e8f8b7f, 0x57fb8c1e, 0xf706ba05, 0x1ff78974, 0x1a70f7ef, 
    0xfb07d2fa, 0x1517f70e, 0xd3c9c9d6, 0x40c84dd3, 0x434e4b43, 0xd350cb40, 0x43f70e1f, 0xf7160e1d, 0xf80b1d44, 0x051c16dc, 0x64f70680, 0x018204f7, 
    0x821f6421, 0xf707230c, 0x0c82fb64, 0x1e64fb27, 0x0680fa1c, 0x220c82fb, 0x82fb04fb, 0x80fa2319, 0x2682fb07, 0x64331b82, 0xf8150b1e, 0xf7f7f7b9, 
    0xf766f746, 0x19fb1f3d, 0x82050bf7, 0xfb513323, 0x52fc20c5, 0xfb50fc1b, 0x0cf7eeae, 0xfb1f4efb, 0x1882fb30, 0x24827520, 0x37fbca26, 0x0e1bb8f8, 
    0x4216f74d, 0xfb2f072e, 0x7ffbe946, 0x36fb3221, 0x192dfb95, 0x660e1d65, 0x2a080511, 0xccfba4fc, 0xccf763fb, 0x1dc617fe, 0xc8f719fa, 0xc8fb63f7, 
    0x0b07a4f8, 0x6ff81de8, 0xb3f77ff7, 0x0df80ef8, 0xb2f77dfb, 0x451f70fc, 0xbe2e05f7, 0xf8b5f915, 0xc6f70718, 0x3afb11f7, 0x01827cfb, 0xfb115408, 
    0x1fc2fb3f, 0x4dfe150b, 0x4dfa6afb, 0xf85afe06, 0xcd331593, 0x00f7f643, 0xe4e0d6c9, 0x2022d34a, 0x1e324349, 0x158807f9, 0xf647cb32, 0xe4cfcdf6, 
    0x21d248e5, 0xf8151dec, 0xf81afb8a, 0xf792fb36, 0xa6fb1ef8, 0xfb59f706, 0xfc2ff79c, 0x1a70fcac, 0x82fb6ffc, 0x82fb2008, 0xf71e2110, 0x20821882, 
    0x2882f720, 0x1a89f82e, 0x8afc150e, 0x36fc1af7, 0xf8fb92f7, 0xfb2a1a83, 0xfb9cf759, 0xf8acf82f, 0xae821a70, 0xf7200882, 0x4c831082, 0x2082fb20, 
    0x2882fb20, 0x3382fc20, 0x1d7df72f, 0xfc00081c, 0x20fd060b, 0x05c8f91c, 0x32078373, 0x0b053806, 0x1c1d96f7, 0x93f72c05, 0x06d5f91c, 0x84f70dfb, 
    0x1c052301, 0x11822b06, 0xf7d4fa2e, 0x1d901dbd, 0xfb94f61c, 0x6b0a1c93, 0x2209ad49, 0x8295f51c, 0x6c092111, 0x0805ce49, 0x4ff70e3f, 0x3ef80e1d, 
    0xf715dafc, 0xf71cf7c8, 0x1f84f778, 0xf7d5f7ab, 0x1cd5fb8b, 0xbffb5b05, 0xfba5fa1c, 0x8efb0727, 0x27fb4bfb, 0xfb1f79fb, 0x30f78c67, 0xaaf734fb, 
    0x52f70b1b, 0x0b93fc1d, 0x074f5b15, 0x08092646, 0xf9150e86, 0x1d57f724, 0xb6fc150b, 0xfb9505bf, 0x9307fb0d, 0xfb1b0dfb, 0xfb5cfbcd, 0x3c3bfb30, 
    0x4b36f71f, 0xf7d3e605, 0x8af7db14, 0x03f7e61b, 0x21f77e87, 0x57b4f81f, 0xf7150e05, 0xf7e1e423, 0xdb0ff710, 0x1e1cfb39, 0x87f7fafc, 0x97f723f9, 
    0xf794fe1d, 0x1c0e0687, 0x061c9a05, 0xb8fb1500, 0x700691fd, 0xfb7b2526, 0x60fb1b09, 0xf7e712fb, 0x8af81f6d, 0x8afcb7fb, 0xf714fc07, 0xf84bfb85, 
    0xf508f710, 0x1eeda49b, 0x20089a82, 0xb0f738d4, 0x86f743fb, 0x067cfb1e, 0x51fb1df7, 0xfbebfbf0, 0xcffb1ace, 0xfbeafb26, 0x1e4efb1d, 0x331682f7, 
    0xde83f743, 0xd3f7b1f7, 0xfb150e1a, 0xaafbe2da, 0x83fb3ff7, 0xfb321883, 0x2044f717, 0xd6f7edf7, 0xf0c8f71a, 0x1df7f1f7, 0x468351f7, 0x3ffb3a08, 
    0xfb3486fb, 0x1addfba7, 0xfa1d430e, 0x63f70647, 0x24f725f7, 0x3af73ef7, 0x02fb07f7, 0xfe1e3bfb, 0xfabef791, 0x4df70767, 0x1af705f7, 0x32f757f7, 
    0xfb3316f7, 0xf80b1e64, 0x08be84bc, 0xfa1cd948, 0xf9d9f700, 0x0610f708, 0x08fd87f8, 0x062ff805, 0x94f904fd, 0x94f908f9, 0x0624fc05, 0xfdfc86fc, 
    0x0620fb05, 0x075df80e, 0x2ff78cf7, 0x57fb34fb, 0x09fb40fb, 0xbdfb15fb, 0xfa52fc1f, 0x03f91515, 0xf7073af8, 0x1283f789, 0x5afb3e3c, 0x12fb36fb, 
    0x0b1f64fb, 0x30051c15, 0xf70548fc, 0x18fe07a4, 0x9905a1f7, 0x0683fa07, 0x1c220e82, 0x1782d0fa, 0xfe241d82, 0x9af715ba, 0xfb2c0d82, 0x1c0e079a, 
    0x156b0805, 0x6df8ddf8, 0xdb300182, 0xdbf81f89, 0xf869fc89, 0x1bddfc6d, 0x6dfcd9fc, 0x13820182, 0xdbfc4d08, 0xfc71f889, 0x1bd9f86d, 0xf7e3f70b, 
    0xf739f781, 0xf71fcf8e, 0xf70b1d70, 0x6dfe15a6, 0xf9bff806, 0x07a40563, 0x68f9c0fc, 0xf739fa05, 0xa2fa1ca6, 0xf90668fb, 0xfdb4fd15, 0x05affd15, 
    0x051c65fb, 0xf80e0793, 0x1537f882, 0xb9fbf1fa, 0x4108f584, 0xfa36f907, 0xf2fe05f2, 0x150bb9f7, 0xeaf887f7, 0xed16f706, 0xb010f7e9, 0xa77f83ad, 
    0x5cf7d41e, 0x6266a005, 0xfb1b5299, 0xfb4a2609, 0x821f650e, 0x81fb42f7, 0x75f70e06, 0xf7b8f716, 0x9606a483, 0x3782791d, 0xf9c92908, 0x86f70611, 
    0x2af9aaf7, 0xf80527fe, 0xd1fd0608, 0xcef9fafa, 0xfc052efa, 0xeffd0619, 0x720566fe, 0xc9fb66fa, 0x4a160e06, 0x3408bf4f, 0xde5df70b, 0x0607f81d, 
    0xa9f9eefc, 0x7ff9e7f8, 0xbffb1ddc, 0x324a8206, 0xfa1c0774, 0x0548f8d0, 0xfa07a4fb, 0x05a1fb18, 0x83fe077d, 0x270e8206, 0x1c0426fc, 0x9af73005, 
    0x2a081f82, 0xfc1a0e06, 0x6af78997, 0xf8f7b3fb, 0xf772f71b, 0xf704f72d, 0xfb1fda5e, 0x2df7db5e, 0x71f704fb, 0xf7f8f71b, 0xf8b3f76a, 0x821f8a97, 
    0x87450852, 0xe106ebf7, 0xfcc7f7ea, 0xb3f7054a, 0xf82ffc06, 0xf81ef8d8, 0xb1fb0550, 0xfcfefb06, 0xf97b0532, 0x0687fb86, 0x5cf7060e, 0x25f72ff7, 
    0xb8c563f7, 0x1eaf797f, 0x058ef7eb, 0xa14958ad, 0x4afb1b37, 0x74f72cfb, 0x06de471d, 0xfa1caa3f, 0xeefc051a, 0xeef8b8f7, 0x1ca6f807, 0xfb05e605, 
    0xfbfb06ce, 0xfc93fb1c, 0x6d041c05, 0x20478205, 0x3347845d, 0x80d1c968, 0xf71ea384, 0x6d8f07b2, 0x1b658e50, 0x2efb48fb, 0x2e084683, 0xf730f815, 
    0xf8b7f7ba, 0xf81f8a23, 0xa8fb8c20, 0x09fcb4f7, 0xfb2cfb1b, 0x3b3d5121, 0xcc067f1f, 0xf905d1f8, 0x0b9df7f9, 0xfad4071c, 0x671dae94, 0x570807ed, 
    0x1cf20b1e, 0x8f151605, 0xaa8fa9a4, 0xef0df71b, 0x1f26fb60, 0xfc07c6fc, 0xfb64f714, 0xf7d2f757, 0xf225f782, 0x1ed23bf7, 0xf7060b9f, 0xfb55f7ec, 
    0xfb0dfc3a, 0x94fb269d, 0x8e1fbffb, 0xf8058efb, 0xf771f770, 0xf848f8eb, 0xf7d2fbb0, 0x1f9bfc92, 0xb6f7150b, 0x16b4fa1d, 0x36080582, 0xf8bbfa0b, 
    0x7afc1506, 0x058e041c, 0xfa1c0cfc, 0xfab9f700, 0x5ef806f1, 0xf705f1fe, 0x66f80672, 0xfe05edfa, 0x0bb7f7ed, 0x0615f915, 0x83f713f8, 0x05f86bf7, 
    0x82fb05f8, 0x13fc3a07, 0x0615fd1f, 0x24feabf7, 0xf724f915, 0x0724fd8c, 0x1d71f70e, 0xbeaffb0e, 0x1e7f5505, 0x150b2b08, 0xfa1cc6fb, 0xfe067820, 
    0xe0051ca6, 0x1cb2fb05, 0xc9f700f8, 0x9ede051c, 0x1ca5fa06, 0xf70522fa, 0x2c0b06b0, 0x1d80f706, 0xaa8201f8, 0x071d3308, 0xd4c55440, 0xd6c5c2dc, 
    0x0721f71f, 0x14fb30fb, 0x38fb08fb, 0x14f734fb, 0x30f700fb, 0xfb250e1f, 0x7b1f5339, 0xb5fb88f7, 0x041c0b06, 0xcef915c6, 0x5182cafb, 0x0793f923, 
    0x129a4ef8, 0x1dc40b29, 0xf722191c, 0x61e61c98, 0x273510b6, 0x20fb2d52, 0xe5531ffb, 0x89fb1ef3, 0xf774fb06, 0xf737fb40, 0x2f0182a2, 0xf734f73e, 
    0xc80e1e77, 0xf946fb1d, 0x0505fd05, 0xfb213b82, 0x08458298, 0x05fd062e, 0x0e0504fd, 0xabfb8a06, 0x1bfb69f7, 0xea9080f7, 0xae9dcb8c, 0x8bf75598, 
    0x66778718, 0x2a1b5b82, 0x41f7ab34, 0x081c0b1f, 0x1d83f700, 0x7f21cb82, 0x2344821d, 0x1c150b47, 0xba2ef182, 0x9ecb051c, 0x1cf0f807, 0xf70538fa, 
    0x08820688, 0x05c70529, 0x36fa1c9e, 0x820bbaf7, 0x0e66082d, 0x0e1d85f7, 0x333d30fb, 0x446900fb, 0x1e6e9792, 0x0598fb77, 0x87bcc67b, 0xc0f71bc8, 
    0x5af73bf7, 0x0b1fc7f7, 0xfba2fb15, 0x3efb066c, 0x491afb4d, 0xf71e29fb, 0x0cf74f65, 0xf7ce2af7, 0x53f78d4b, 0xc3f70e19, 0xa513f706, 0xf7d80cf7, 
    0x59f71b50, 0xfb300df7, 0x2208fb10, 0x1f5ffb3f, 0x0e0658fb, 0x06e2fb15, 0x898275f9, 0xf9f70522, 0x08220883, 0x11820500, 0x1ccefc2a, 0x74057cf9, 
    0x9ef70b06, 0x152cb582, 0xfc0738fd, 0xa9f78a5d, 0x54f848fb, 0x26084383, 0xf7b5a43e, 0xb6fd1f27, 0xb8051c0b, 0xd2fe9ef7, 0x1cc9fa06, 0xf7052806, 
    0x48fa1c62, 0xd2fa9efb, 0x1cc9fe07, 0x8205d8f9, 0x079839ea, 0x75f701fd, 0xa0e7a12f, 0x7cf701f9, 0x0795f705, 0x21fc97fe, 0x076ffb05, 0x983b7982, 
    0xfd7cfb06, 0x067f0595, 0x95f97ffb, 0x0694fb05, 0x94fefcf7, 0x06a7f705, 0x83aaf80e, 0x07aa4e76, 0x8b8bf921, 0x1c0b230d, 0x0f832207, 0xd4f91c22, 
    0xf730b682, 0xf8061cc8, 0xf91c58fa, 0x06c8f708, 0x1551f70e, 0x0817fb63, 0xf8150b28, 0x41f7060e, 0xfb230ef7, 0xfb1f8c28, 0x0efb8a20, 0x1b41fb27, 
    0x0e060efc, 0xf80ff806, 0xf748fb0e, 0xfe39fe47, 0x0382fa39, 0x48f72008, 0x0ffc46f7, 0x0b050ff8, 0x64f91d43, 0x63f7caf7, 0xf5f8cafb, 0xf5fcbffb, 
    0x63fbcafb, 0x8206caf7, 0x653008d9, 0xedf7def7, 0xedfb61f7, 0x65fbdef7, 0xf2fbdefb, 0xf2f761fb, 0xc6fb0e06, 0x62076afe, 0x52fb2dfb, 0x1b3ffb72, 
    0x2cfb9ffb, 0x1faef7e5, 0x0b0738f9, 0x08169f41, 0x0b61f72c, 0xf71d9af7, 0xfb070bb9, 0xfb343232, 0x8f5b5a2f, 0x831e6893, 0x7f0592fb, 0xca81ccc3, 
    0xf7150e1b, 0x28f8069f, 0xa705ecf8, 0x0683fc07, 0x0e82fb20, 0xfafc103b, 0x9ef90b05, 0xaef7156b, 0xf742f788, 0x82f7ec40, 0xe4069008, 0xf7050bfc, 
    0x839c8294, 0xf74022e9, 0x27e9820f, 0x0ffb20fb, 0x1f40fb27, 0x1520e683, 0x0726d689, 0x23fb81f7, 0xb88224f7, 0xfb275408, 0x09fb4206, 0xf7811e5c, 
    0x0b7cfb46, 0xf87af915, 0xc5f70718, 0x25fb12f7, 0x7bfb7cfb, 0x1afb12fb, 0x0b1fc1fb, 0xddf756f8, 0x29f8aef7, 0xc7f71fce, 0x16db0b1d, 0xe3f706eb, 
    0x8cf70ff7, 0x1fa390f8, 0x059ef8a3, 0xfb1c8af8, 0xf9070b02, 0xdc041c7b, 0x821db9f7, 0xf9232f47, 0xfd23f921, 0xf746f721, 0xf9d5fd46, 0x0182fdd5, 
    0xfa0b0539, 0xfe91fa11, 0x1ccaf711, 0xd9f70008, 0x051c0b1d, 0x00061cad, 0x82b7fb15, 0x31fd3c3c, 0xfbfe041c, 0x00fa1cb9, 0x1dbff70b, 0xfaf6061c, 
    0xfb0b065c, 0x1f51f704, 0x82f719f7, 0x662708d6, 0xf7fb3dfb, 0xb9fc46f7, 0xa9f70b1b, 0x0bb8f71d, 0x0697f715, 0x93fad6f8, 0xfe61f705, 0xf95dfb35, 
    0x0e078236, 0x82de051c, 0x1c15255a, 0x05fe03fb, 0x2507e162, 0x0733f90b, 0x6c82b0f7, 0x839f0421, 0x6afe216c, 0xf7216282, 0x086c82bb, 0x0643f929, 
    0x7ff8150b, 0xfc9c061c, 0xf767fb7f, 0x0afb1c86, 0x0e0686fb, 0x051c3bf7, 0xc8fb15d5, 0x5dfb3af7, 0x1e60acf7, 0x820701fb, 0x1c1225ce, 0xc8f70af9, 
    0x43089682, 0x9ef713f9, 0x06cff91c, 0x1db3f70b, 0xfb0b12fd, 0x56fb8c99, 0x3cfb10fb, 0xfb4dfb1b, 0xf71af714, 0x150b1f65, 0x81fb25fd, 0xf71c07f8, 
    0xfb07fce3, 0x0625f981, 0x25f9150e, 0x07fc81f7, 0xf81d081c, 0xfd81f707, 0x30081182, 0xf7e92006, 0x35f75013, 0xf708f81b, 0xf8d7f779, 0x070b1f59, 
    0x0ffb78fb, 0x4efb05fb, 0x18fb38fb, 0x77f706f7, 0xc4fe0b1e, 0x3cfd7006, 0x786efc05, 0x081a8255, 0x541b3f2f, 0x0cf80b06, 0x6ef766f7, 0xbbf7b5f7, 
    0x62f766fb, 0x0b1f0cfc, 0xfbfdfb1b, 0xf8a5f79b, 0xf784f886, 0xf7a5f79d, 0xf71f0bef, 0xf80b1dbb, 0x21ee8382, 0xee83b9fb, 0x12f9b926, 0x1c0b2df9, 
    0x31070141, 0xcafb19fd, 0xcaf763fb, 0x24091c0b, 0x1c1594fb, 0xac82000a, 0x1c6a3208, 0x0b0500fb, 0xebd2d5f1, 0x25d141eb, 0x2b454125, 0xf144d52b, 
    0x50f70b1f, 0xfb1de2f7, 0x1c0e1e56, 0x77fa000b, 0x051dd5f7, 0xfc06f3fb, 0x0537feab, 0x2d068275, 0x0b0537fa, 0x06fcf705, 0xaaf980f8, 0x06829b05, 
    0xaafd2508, 0x85f70b05, 0x6c738707, 0xfb1b6d87, 0xf7b6280e, 0xf90b1f26, 0x0529fac7, 0xfd060dfc, 0x05f5fd9a, 0x0bf5f926, 0x2f0c7143, 0x1c150e05, 
    0x9ef7d504, 0x061c34fe, 0x06c9fbf6, 0x310ac641, 0xf700f81c, 0xf7150bc9, 0x05dbfb58, 0x58f706a9, 0x2c82dbf7, 0x0684fb2e, 0xb8fd7cf7, 0x0657f705, 
    0x160b3df7, 0x0b283b8c, 0x80fbdffb, 0x74fbdff7, 0x31080785, 0xfcb2f70b, 0xd7f715f4, 0x47f75cf7, 0x0b1fdef7, 0xf7da041c, 0xf70b1dd8, 0x42f71b4b, 
    0x06f71df7, 0x0e1f31f7, 0x058cccfb, 0xfb569afb, 0xfb24fb70, 0x82820b97, 0xf7154908, 0x14fa1cff, 0x9efbfffb, 0xf71cfa0b, 0x82f815a6, 0x1c51061c, 
    0xfb0b0005, 0xfb43fb05, 0xf70afb42, 0x1e78f705, 0x077ff80b, 0xa3fb5df8, 0x3cfc37f7, 0x150b1e8f, 0x3a0668f8, 0xfc0561f8, 0xf70e06f9, 0x32fb1ddc, 
    0x150ef90b, 0x0808fb4b, 0x0a1c0b20, 0xa0fb1594, 0xf7d8f21c, 0xfa0b06a0, 0xf91c0539, 0xbdf8060e, 0x0b0539fe, 0x1500081c, 0xe883bffb, 0x06bf3d08, 
    0xfcedf80b, 0xf746f7ed, 0xfa21fe48, 0x3cef0b21, 0xfb1fa6fb, 0xf7d8f77b, 0xf70b077b, 0xfb09fb26, 0x0dfb1fe0, 0x0bd5fb07, 0x00f51c15, 0x0b1c97fb, 
    0x150e0600, 0xfb1ffa1c, 0xe1051c6d, 0x80200a84, 0x05211582, 0x2d0a8280, 0xdf0630f7, 0xfb05baf9, 0xf70b06d9, 0x04821ddf, 0x1c076608, 0xf815fe04, 
    0x02fb1c8b, 0x2cf7060b, 0x00f706fb, 0xbdfb060b, 0x53fb3efb, 0x0b1f95fb, 0xfb4dfb1b, 0xfb23fb22, 0x1f0b1f71, 0x55fb5cf8, 0xfb075afc, 0xcafb0b77, 
    0x91fe0efe, 0xc9fb0efa, 0xf8079b0b, 0x8a0ff9c0, 0x0b056df7, 0x63f7cef7, 0x17f8cefb, 0xdf0b43f9, 0x2ff721f7, 0xfbe12df7, 0xfa150b1b, 0xfe63f72b, 
    0x257a822b, 0x98fb87fd, 0x088387f9, 0x82f9b421, 0x07be0801, 0x8701020e, 0x0001f209, 0x0003f409, 0x00000100, 0x44000043, 0x00490000, 0x00005400, 
    0x6a00005f, 0x00750000, 0x00007f00, 0x8e000083, 0x009a0000, 0x00009f00, 0xb00000aa, 0x00bb0000, 0x0000cc00, 0xe20000d7, 0x00ed0000, 0x0100f800, 
    0x0d010002, 0x00180100, 0x01004a01, 0x60010055, 0x006b0100, 0x01007a01, 0x90010085, 0x009b0100, 0x0100a601, 0xbd0100b8, 0x00c70100, 0x0100d201, 
    0x010200f5, 0x003b0200, 0x02004702, 0x63020052, 0x00740200, 0x02007f02, 0x9b020084, 0x00010300, 0x03000b03, 0x1b030010, 0x00260300, 0x03003103, 
    0x4703003c, 0x00530300, 0x03005e03, 0x82030069, 0x26820300, 0x00a0230b, 0x0300c603, 0xd60300cb, 0x00e10300, 0x0300e603, 0xf60300eb, 0x00000400, 
    0x04000b04, 0x5104002d, 0x00560400, 0x04005b04, 0xab040060, 0x00af0400, 0x0400b904, 0xcd0400c3, 0x00d80400, 0x0500e204, 0x6405005f, 0x00690500, 
    0x05006e05, 0xb30500a8, 0x00bd0500, 0x0500c605, 0xda0500d0, 0x00e40500, 0x0500e805, 0x0a0600f6, 0x000e0600, 0x06001706, 0x27060020, 0x00300600, 
    0x06003906, 0x4306003c, 0x006c0600, 0x06007506, 0x8706007e, 0x009b0600, 0x0600b506, 0xd90600cf, 0x00e30600, 0x0700fa06, 0x0d070004, 0x00140700, 
    0x07001d07, 0x5707004e, 0x00600700, 0x07006f07, 0xee0700ce, 0x00f20700, 0x0800fe07, 0x15080009, 0x00210800, 0x08002d08, 0x43080037, 0x004f0800, 
    0x08005f08, 0x6c080063, 0x00750800, 0x08007808, 0xaa08007f, 0x00b40800, 0x0800cf08, 0x390900d4, 0x007b0900, 0x09008509, 0x9a090090, 0x00a50900, 
    0x0900b009, 0xc40900ba, 0x00c90900, 0x0a002e0a, 0xa60a009b, 0x00b10a00, 0x0a00bb0a, 0xd00a00c5, 0x00db0a00, 0x0a00e60a, 0x010b00ed, 0x000d0b00, 
    0x0b00330b, 0x4c0b003f, 0x00580b00, 0x0b00660b, 0xcb0b009c, 0x00e20b00, 0x0c00f40b, 0x4b0c000d, 0x00520c00, 0x0c005e0c, 0x750c0069, 0x00820c00, 
    0x0c008f0c, 0xa80c009a, 0x00b90c00, 0x0c00cb0c, 0xe40c00d8, 0x00eb0c00, 0x0d00000d, 0x2c0d0015, 0x00420d00, 0x0d00580d, 0x890d006f, 0x00a40d00, 
    0x0d00b20d, 0xc20d00b7, 0x00e70d00, 0x0e00fd0d, 0x120e0007, 0x001d0e00, 0x0e00270e, 0x3f0e0034, 0x00490e00, 0x0e00640e, 0x7a0e006f, 0x00850e00, 
    0x0e00900e, 0xa20e009a, 0x00a70e00, 0x0e00ac0e, 0xc40e00b9, 0x00d10e00, 0x0e00de0e, 0xfa0e00eb, 0x00080f00, 0x0f00150f, 0x3d0f0029, 0x00470f00, 
    0x0f00520f, 0x710f005f, 0x00760f00, 0x0f00810f, 0x900f0086, 0x00990f00, 0x0f00b90f, 0xce0f00c4, 0x00d80f00, 0x0f00e00f, 0xf20f00e8, 0x00fa0f00, 
    0x10002110, 0x33100029, 0x003d1000, 0x10004610, 0x5b100050, 0x00641000, 0x10006f10, 0x9910007a, 0x00a31000, 0x1000af10, 0xd11000c0, 0x00d91000, 
    0x1000e310, 0x0a1100ef, 0x000f1100, 0x11001911, 0x2911001d, 0x00431100, 0x11004711, 0x5011004b, 0x005b1100, 0x11006511, 0x7a11006f, 0x00861100, 
    0x1100a711, 0xfd1100bf, 0x00021200, 0x12000712, 0x1b120010, 0x00251200, 0x12003012, 0x4b120040, 0x00561200, 0x12008412, 0xce12009e, 0x00d21200, 
    0x1200dc12, 0xf11200e6, 0x00141300, 0x13001813, 0x2013001c, 0x00251300, 0x13003013, 0x4513003b, 0x00501300, 0x13005b13, 0x70130066, 0x007a1300, 
    0x13008413, 0x0f1400cb, 0x00141400, 0x14001e14, 0x30140026, 0x003a1400, 0x14004c14, 0x7d140078, 0x00851400, 0x14008a14, 0xa0140095, 0x00a51400, 
    0x1400aa14, 0xc01400b5, 0x35821400, 0xd6b40b07, 0x00e11400, 0x1400ec14, 0xfc1400f7, 0x00071500, 0x15001215, 0x4d150042, 0x00581500, 0x15006315, 
    0x8a15007f, 0x00951500, 0x1500b115, 0xd81500cd, 0x00e31500, 0x1500ef15, 0x051600fa, 0x00101600, 0x16002016, 0x3616002b, 0x00411600, 0x16004c16, 
    0x61160057, 0x00661600, 0x16007416, 0x90160082, 0x00a01600, 0x1600ae16, 0xfa1600bc, 0x00081700, 0x17000c17, 0x1f17001a, 0x002a1700, 0x17002e17, 
    0x3e170032, 0x007a1700, 0x17007d17, 0x90170087, 0x00ea1700, 0x18003618, 0x47180039, 0x00501800, 0x18005418, 0x6818005e, 0x00721800, 0x18007c18, 
    0x91180086, 0x009a1800, 0x1800ab18, 0x2c1900b5, 0x00971900, 0x1900af19, 0xbc1900b3, 0x00c51900, 0x1a00111a, 0x251a001b, 0x002e1a00, 0x1a00381a, 
    0x721a0068, 0x00811a00, 0x1b00851a, 0x761b0006, 0x007b1b00, 0x1b00941b, 0xa91b009e, 0x00b11b00, 0x1b00bc1b, 0xd31b00c8, 0x00031c00, 0x1c00291c, 
    0x6b1c0066, 0x00701c00, 0x1c00751c, 0x891c007f, 0x00931c00, 0x1c009d1c, 0xaf1c00a5, 0x00b71c00, 0x1d00f81c, 0x431d0002, 0x004d1d00, 0x1d005d1d, 
    0xb91d0066, 0x00c51d00, 0x1d00d01d, 0xe61d00db, 0x00f11d00, 0x1e00fc1d, 0x101e0006, 0x001b1e00, 0x1e00251e, 0x4f1e003a, 0x00591e00, 0x1e00631e, 
    0xb31e006f, 0x00b81e00, 0x1e00c31e, 0xd11e00cc, 0x00da1e00, 0x1e00e51e, 0xfa1e00f0, 0x00051f00, 0x1f00111f, 0x1e1f0015, 0x00281f00, 0x1f003b1f, 
    0x531f004f, 0x00581f00, 0x1f00941f, 0xa61f009e, 0x00b01f00, 0x1f00ba1f, 0xce1f00c4, 0x00d91f00, 0x1f00e31f, 0x3e2000eb, 0x00432000, 0x20004f20, 
    0x65200059, 0x00722000, 0x20007f20, 0x99200091, 0x00a32000, 0x2000b220, 0xe02000be, 0x00e42000, 0x2000ee20, 0x022100f8, 0x000c2100, 0x21001521, 
    0x5b21001f, 0x00942100, 0x21009821, 0xe12100dd, 0x00ea2100, 0x2100f421, 0x0f2200fe, 0x00192200, 0x22002322, 0x3622002d, 0x00402200, 0x22004a22, 
    0x6422005a, 0x006e2200, 0x22007822, 0x8c220082, 0x009c2200, 0x2200a622, 0xb82200ae, 0x00c12200, 0x2200f422, 0x082300fe, 0x005a2300, 0x23006323, 
    0x7923006f, 0x00852300, 0x23008e23, 0x1c240098, 0x00202400, 0x24002a24, 0x39240034, 0x00442400, 0x24004e24, 0x57240053, 0x00602400, 0x24006a24, 
    0x85240074, 0x008f2400, 0x24009924, 0xad2400a3, 0x00b72400, 0x2400c124, 0xdb2400d1, 0x00e52400, 0x2400ef24, 0x032500f9, 0x00132500, 0x25001c25, 
    0x2e250024, 0x00372500, 0x25004125, 0x5525004b, 0x006d2500, 0x25007625, 0x8825007f, 0x00912500, 0x25009b25, 0xbe25009f, 0x00de2500, 0x26004f26, 
    0x62260058, 0x006b2600, 0x26007026, 0x592700f3, 0x00e52700, 0x2700e927, 0xff2700f4, 0x00092800, 0x28001428, 0x4228003d, 0x00472800, 0x28004b28, 
    0x90280068, 0x00cd2800, 0x2900ec28, 0x5929004e, 0x00622900, 0x29006a29, 0x7c290073, 0x00852900, 0x29008c29, 0xdb2900cd, 0x00462a00, 0x2b00f42a, 
    0x1a2b0016, 0x00232b00, 0x2b00ca2b, 0xdc2b00d3, 0x00e52b00, 0x2b00ee2b, 0x012c00f8, 0x00622c00, 0x2c006c2c, 0x7e2c0075, 0x00822c00, 0x2c008b2c, 
    0x9d2c0093, 0x00a72c00, 0x2c00b12c, 0xc42c00bb, 0x00fe2c00, 0x2d00072d, 0x1b2d0011, 0x00242d00, 0x2d00322d, 0x3f2d0036, 0x00482d00, 0x2d00522d, 
    0x5b2d0055, 0x00612d00, 0x2d008b2d, 0xa12d0096, 0x00c72d00, 0x2d00cb2d, 0x2c2e00fa, 0x00362e00, 0x2e00402e, 0x6e2e0049, 0x00782e00, 0x2e00812e, 
    0x8f2e008b, 0x00a72e00, 0x2e00aa2e, 0xe42e00d8, 0x00082f00, 0x2f00662f, 0xd62f00a2, 0x00273000, 0x30002a30, 0x3d300033, 0x00473000, 0x30005030, 
    0x6430005a, 0x006d3000, 0x30007130, 0x7e300079, 0x00883000, 0x30009f30, 0xbb3000aa, 0x00c53000, 0x3000d030, 0xe23000d9, 0x00ea3000, 0x3000f430, 
    0x163100fc, 0x00353100, 0x31003e31, 0x52310048, 0x005c3100, 0x31006931, 0x76310071, 0x007b3100, 0x31008431, 0x91310089, 0x009b3100, 0x3100af31, 
    0xd03100b3, 0x00f53100, 0x3200fc31, 0x0a320006, 0x000e3200, 0x32002832, 0x7732002d, 0x00823200, 0x32008b32, 0x9f320094, 0x00aa3200, 0x3200db32, 
    0x0a3300e0, 0x00283300, 0x33005333, 0xb933006a, 0x00133400, 0x34002234, 0x3734002d, 0x00423400, 0x34004a34, 0x6634005c, 0x006f3400, 0x34007434, 
    0xb834009e, 0x00e43400, 0x35005235, 0x71350067, 0x007c3500, 0x35008635, 0xa1350090, 0x00ac3500, 0x3500b735, 0xc13500bc, 0x00023600, 0x36001136, 
    0x2c360022, 0x00363600, 0x36004136, 0x4e360045, 0x00773600, 0x36007d36, 0x033700d9, 0x00073700, 0x37001137, 0x23370019, 0x002d3700, 0x37003737, 
    0x4737003e, 0x00503700, 0x37005937, 0x6737005d, 0x00713700, 0x37007537, 0x83370079, 0x008d3700, 0x37009737, 0xab3700a1, 0x00b43700, 0x3700be37, 
    0xce3700c3, 0x00d83700, 0x3700e237, 0x123800f2, 0x001b3800, 0x38002538, 0x79380035, 0x00833800, 0x38008d38, 0x9f380095, 0x00a93800, 0x3800b338, 
    0xc63800bd, 0x00d63800, 0x3800e038, 0xf43800ea, 0x00fe3800, 0x39000639, 0x1339000f, 0x001c3900, 0x39002639, 0x39390030, 0x00433900, 0x39004c39, 
    0x6c390056, 0x006f3900, 0x39007239, 0x80390076, 0x00bf3900, 0x3900d339, 0x413a00d7, 0x00773a00, 0x3a00803a, 0x8d3a0089, 0x00aa3a00, 0x3b00f93a, 
    0xa33b0030, 0x00a83b00, 0x3b00d13b, 0x2f3c00fd, 0x00853c00, 0x3c00b43c, 0xeb3c00df, 0x00f53c00, 0x3d00003d, 0x133d000a, 0x001c3d00, 0x3d00243d, 
    0x3d3d002c, 0x004f3d00, 0x3d00543d, 0xb33d0086, 0x00bf3d00, 0x3d00c93d, 0xde3d00d4, 0x00e73d00, 0x3d00f03d, 0x003e00f8, 0x00113e00, 0x3e00233e, 
    0xab3e0028, 0x00fb3e00, 0x3f00103f, 0x6a3f0019, 0x00743f00, 0x3f007f3f, 0x943f0089, 0x00c33f00, 0x3f00ce3f, 0xe33f00de, 0x00644000, 0x4100dc40, 
    0x7241004a, 0x00774100, 0x4100c441, 0x5d4200f3, 0x00f54200, 0x43003143, 0x90430060, 0x009a4300, 0x4300a543, 0xba4300af, 0x00c54300, 0x4300d043, 
    0xde4300da, 0x00e74300, 0x4300ee43, 0xf64300f3, 0x00404400, 0x44004944, 0x59440052, 0x00624400, 0x44006944, 0x7b440072, 0x00944400, 0x44009d44, 
    0xc34400ac, 0x00cd4400, 0x4400d744, 0xe94400e0, 0x00f34400, 0x4500fd44, 0x16450007, 0x00204500, 0x45002745, 0x3b450030, 0x00464500, 0x45007945, 
    0xc04500b5, 0x00c54500, 0x4500e745, 0xf74500ef, 0x00fc4500, 0x46000646, 0x52460049, 0x005c4600, 0x46006646, 0x7b460070, 0x00854600, 0x46008a46, 
    0x9c460092, 0x00a14600, 0x4600fa46, 0x0a4700ff, 0x00484700, 0x4700a047, 0xb64700ab, 0x00c14700, 0x4700cc47, 0xe24700d7, 0x00ed4700, 0x4800f847, 
    0x07480002, 0x00124800, 0x48001d48, 0x33480028, 0x007b4800, 0x48008548, 0x9948008f, 0x00d84800, 0x4900dd48, 0x3d49000a, 0x00714900, 0x4900ae49, 
    0xc44900b9, 0x00cf4900, 0x4900f449, 0x084a00fe, 0x005c4a00, 0x4a00604a, 0x8a4a0064, 0x009b4a00, 0x4a00c44a, 0xd04a00c9, 0x00404b00, 0x4b00454b, 
    0xb54b004c, 0x001e4c00, 0x4c002a4c, 0x444c0037, 0x00514c00, 0x4c005e4c, 0x7d4c006b, 0x008f4c00, 0x4c009c4c, 0xc34c00af, 0x00d74c00, 0x4c00eb4c, 
    0x134d00ff, 0x002e4d00, 0x4d00494d, 0xbc4d0056, 0x00c24d00, 0x4d00d04d, 0x3c4e00dc, 0x00414e00, 0x4e00534e, 0xae4e0068, 0x00b34e00, 0x4f00064f, 
    0x194f0009, 0x00584f00, 0x4f00a54f, 0xc84f00c4, 0x00e84f00, 0x5000ec4f, 0x7f50005a, 0x00b15000, 0x5000b750, 0x0c5100bc, 0x00495100, 0x51009051, 
    0xe45100b5, 0x00155200, 0x52001d52, 0x6252002a, 0x00825200, 0x52008852, 0x0d5300bd, 0x00435300, 0x53006853, 0x7d5400cd, 0x00e65400, 0x5400ec54, 
    0xf45400ef, 0x00495500, 0x5500da55, 0xe15500dd, 0x00ea5500, 0x5500f555, 0x375600ff, 0x00415600, 0x56004c56, 0x64560055, 0x00745600, 0x56007d56, 
    0x9f56008e, 0x00b05600, 0x5600c156, 0xe25600d1, 0x00f85600, 0x57001057, 0x2357001a, 0x00345700, 0x57003f57, 0x59570050, 0x006a5700, 0x5700f557, 
    0x8c5800fa, 0x00915800, 0x59009b58, 0x1259000d, 0x00755900, 0x5a00ef59, 0x855a007b, 0x00905a00, 0x5a009b5a, 0xb15a00a6, 0x00bb5a00, 0x5b00c55a, 
    0x385b0034, 0x00425b00, 0x5b004c5b, 0x605b0056, 0x006a5b00, 0x5b00745b, 0x8e5b007e, 0x009e5b00, 0x5b00a85b, 0xbc5b00b2, 0x00c65b00, 0x5b00cf5b, 
    0xe35b00d9, 0x00fb5b00, 0x5c00135c, 0x215c001d, 0x002b5c00, 0x5c00345c, 0xa85c0045, 0x00ad5c00, 0x5c00b75c, 0xcb5c00c1, 0x00d45c00, 0x5c00de5c, 
    0xf25c00e8, 0x00fb5c00, 0x5d00055d, 0x245d0015, 0x002e5d00, 0x5d00355d, 0x475d003f, 0x00515d00, 0x5d005a5d, 0x505e00ba, 0x00905e00, 0x5e00945e, 
    0xa85e009e, 0x00d35e00, 0x5f00405f, 0xce5f0097, 0x00d25f00, 0x5f00db5f, 0xec5f00e3, 0x00f55f00, 0x6000fd5f, 0x0f600006, 0x00186000, 0x60002160, 
    0x3f600030, 0x00486000, 0x60004f60, 0x5f600058, 0x00676000, 0x60007060, 0x586100ea, 0x005c6100, 0x61006161, 0x7561006b, 0x007f6100, 0x61008961, 
    0x9c610092, 0x00a66100, 0x6100b661, 0xd06100c6, 0x00e16100, 0x6200f361, 0x17620005, 0x00286200, 0x62003a62, 0x69620051, 0x007b6200, 0x62008762, 
    0xa3620099, 0x00b56200, 0x63001963, 0xa46300a0, 0x00aa6300, 0x6300c563, 0x1a6400da, 0x001f6400, 0x64003464, 0x3e64003a, 0x006a6400, 0x64007064, 
    0xc56400ae, 0x00fc6400, 0x65001465, 0x4a65002e, 0x00606500, 0x65006c65, 0x99650095, 0x00af6500, 0x6600d465, 0x16660005, 0x00226600, 0x66003566, 
    0xf8660098, 0x000d6700, 0x67001a67, 0x2f67002a, 0x003c6700, 0x67008267, 0xd66700a7, 0x00ee6700, 0x68001b68, 0x47680020, 0x006e6800, 0x6800b168, 
    0xf96800f4, 0x00566900, 0x69009e69, 0x236a00e5, 0x00846a00, 0x6b002c6b, 0x756b0059, 0x00786b00, 0x6c007d6b, 0x8f6c0020, 0x00d06c00, 0x6d00376d, 
    0x026e0098, 0x00566e00, 0x6f00f36e, 0x806f0058, 0x00777000, 0x7100ff70, 0x10720042, 0x00887200, 0x7300fb72, 0x0774008b, 0x008e7400, 0x75003775, 
    0x3b7600b4, 0x00787600, 0x78008f77, 0x5c780008, 0x00a67800, 0x79002a79, 0xc67900b3, 0x00347a00, 0x7a008e7a, 0x9e7a0095, 0x00a47a00, 0x7a00de7a, 
    0xe97a00e1, 0x00ef7a00, 0x7b00377b, 0x437b003d, 0x00487b00, 0x7b00507b, 0x607b0057, 0x00637b00, 0x7b006b7b, 0x7a7b0072, 0x00817b00, 0x7b008b7b, 
    0x997b0092, 0x00a17b00, 0x7b00a87b, 0xb67b00af, 0x00bc7b00, 0x7b00c57b, 0xd67b00cc, 0x00df7b00, 0x7b00e77b, 0x0e074d82, 0x7c00f85d, 0xb47c00ab, 
    0x00cd7c00, 0x7d00017d, 0x237d001b, 0x003e7d00, 0x7d005a7d, 0x1b7e00ba, 0x007d7e00, 0x7e00867e, 0x987e008f, 0x00b87e00, 0x7e00c27e, 0x407f00e1, 
    0x00497f00, 0x7f00527f, 0x647f005b, 0x006d7f00, 0x7f00777f, 0xdf7f00d6, 0x00e87f00, 0x80004780, 0x098100f4, 0x00118100, 0x81002b81, 0x4781003f, 
    0x004f8100, 0x81005981, 0x68810063, 0x006d8100, 0x81007681, 0x8781007e, 0x00908100, 0x8100bc81, 0xce8100c4, 0x00d78100, 0x8100e281, 0xf88100ed, 
    0x00018200, 0x82000982, 0x1c820013, 0x00488200, 0x82005082, 0x6082005a, 0x006b8200, 0x82007582, 0x8d82007b, 0x00b48200, 0x8200c482, 0xdc8200d3, 
    0x00e68200, 0x8200f082, 0x0f8300ff, 0x001a8300, 0x83002083, 0x3083002a, 0x003d8300, 0x83004483, 0x5483004b, 0x005a8300, 0x83006683, 0x80830073, 
    0x00868300, 0x83008d83, 0xa0830094, 0x00a68300, 0x8300ae83, 0xe18300b7, 0x00e98300, 0x8400f383, 0x3c840017, 0x00448400, 0x84006884, 0x7b840071, 
    0x00838400, 0x84008c84, 0xbd8400ab, 0x00c68400, 0x8400cf84, 0xe08400d8, 0x002e8500, 0x85003685, 0x4885003f, 0x00528500, 0x85006885, 0x79850071, 
    0x00838500, 0x85008c85, 0xa0850096, 0x00a88500, 0x8600f685, 0x1b86000b, 0x003c8600, 0x86006c86, 0x9586008d, 0x009d8600, 0x8700e786, 0x9587003e, 
    0x00d48700, 0x88000e88, 0xda880096, 0x00548900, 0x89009589, 0xec8900e4, 0x005b8a00, 0x8a00ab8a, 0xde8a00ba, 0x00048b00, 0x8b002c8b, 0xcb8c00f9, 
    0x004e8d00, 0x8d00808d, 0xe98d009b, 0x000e8e00, 0x8e00a78e, 0xe38e00d6, 0x00ec8e00, 0x8e00f58e, 0x058f00fd, 0x000f8f00, 0x8f00188f, 0x2c8f0022, 
    0x00378f00, 0x8f00408f, 0x528f004b, 0x005c8f00, 0x8f00648f, 0x758f006c, 0x007e8f00, 0x8f00878f, 0x9b8f0091, 0x00a58f00, 0x8f00ad8f, 0xc08f00b7, 
    0x00c98f00, 0x90001590, 0x2790001e, 0x00989000, 0x9000a190, 0x6e9100fb, 0x00779100, 0x9200ff91, 0x13920009, 0x001d9200, 0x92002692, 0x3792002e, 
    0x00479200, 0x92005092, 0x6692005d, 0x006f9200, 0x92007792, 0x8892007f, 0x00919200, 0x92009a92, 0xae9200a4, 0x00b79200, 0x9200c192, 0xd19200c8, 
    0x00d99200, 0x9200e192, 0xf39200ea, 0x00fb9200, 0x93000493, 0x1593000c, 0x001d9300, 0x93002693, 0x3893002f, 0x00849300, 0x93008d93, 0x07940096, 
    0x000f9400, 0x94006994, 0xe59400dc, 0x006d9500, 0x95007695, 0x8895007f, 0x00919500, 0x95009995, 0xb19500a2, 0x00b99500, 0x9500c095, 0xe39500dc, 
    0x00ea9500, 0x9500f195, 0xff9500f8, 0x00079600, 0x96000e96, 0x1e960016, 0x00269600, 0x96003096, 0x4296003a, 0x00499600, 0x96005196, 0xc59600bd, 
    0x001a9700, 0x97002297, 0x4a970041, 0x00539700, 0x97005c97, 0x6d970065, 0x00769700, 0x97007e97, 0x8e970086, 0x00969700, 0x97009e97, 0xae9700a6, 
    0x00b79700, 0x9700d797, 0xeb9700e1, 0x00f59700, 0x9800ff97, 0x10980007, 0x00189800, 0x98002098, 0x30980028, 0x00389800, 0x98004098, 0x51980048, 
    0x00689800, 0x98007f98, 0xb698009c, 0x00299900, 0x99003899, 0x71990055, 0x00849900, 0x9a009e99, 0x899a0001, 0x00529b00, 0x9b00939b, 0x099c00ae, 
    0x00279c00, 0x9c00a79c, 0xb99c00b0, 0x00c29c00, 0x9c00cb9c, 0xdb9c00d3, 0x00e49c00, 0x9c00ea9c, 0xfd9c00f3, 0x00069d00, 0x9d000f9d, 0x579d0018, 
    0x00609d00, 0x9d00699d, 0xa49d0072, 0x00ab9d00, 0x9d00b19d, 0xc19d00b8, 0x00d39d00, 0x9d00da9d, 0xec9d00e1, 0x00169e00, 0x9e00219e, 0x359e002b, 
    0x00559e00, 0x9e00599e, 0x6d9e0063, 0x00909e00, 0x9e00989e, 0xcd9e00c7, 0x00f59e00, 0x9f00f99e, 0x269f001c, 0x002f9f00, 0x9f00389f, 0x449f0041, 
    0x00479f00, 0x9f004b9f, 0x519f004e, 0x00559f00, 0x9f00589f, 0x5e9f005b, 0x00619f00, 0x9f00659f, 0x6b9f0068, 0x006f9f00, 0x9f00739f, 0xfc9f0074, 
    0x002ca000, 0xa0003ba0, 0x44a00040, 0x004ea000, 0xa000b1a0, 0xc3a000b9, 0x00cda000, 0xa000d6a0, 0xe8a000e0, 0x0007a100, 0xa10011a1, 0x24a1001a, 
    0x004aa100, 0xa1006fa1, 0xbea10097, 0x00c8a100, 0xa100d1a1, 0xe4a100db, 0x00fca100, 0xa20006a2, 0x91a20041, 0x00dca200, 0xa200e4a2, 0xf8a200ee, 
    0x0001a300, 0xa3000ba3, 0x3da30013, 0x0047a300, 0xa30050a3, 0x65a3005a, 0x006fa300, 0xa30079a3, 0x8aa30082, 0x0093a300, 0xa3009aa3, 0xb2a300ac, 
    0x00b8a300, 0xa300cfa3, 0x09a400f2, 0x001fa400, 0xa40056a4, 0x61a4005c, 0x0067a400, 0xa4007da4, 0xb0a40090, 0x00d9a400, 0xa500e0a4, 0x3ea50024, 
    0x00cca500, 0xa60029a6, 0x09a70083, 0x000fa700, 0xa70015a7, 0x4da7001c, 0x0054a700, 0xa70072a7, 0xdfa800c5, 0x00e9a800, 0xa90000a9, 0x55a90027, 
    0x0082a900, 0xaa00e8a9, 0x95aa003e, 0x00f3aa00, 0xab0053ab, 0xc6ab00a6, 0x00d8ab00, 0xab00e6ab, 0x17ac00fe, 0x0030ac00, 0xac0052ac, 0x9cac007b, 
    0x00beac00, 0xac00deac, 0xeaac00e4, 0x00f0ac00, 0xad004ead, 0x65ad005a, 0x0090ad00, 0xad009bad, 0xb8ad00ab, 0x00c5ad00, 0xad00d2ad, 0xecad00df, 
    0x00f8ad00, 0xae0004ae, 0x1dae0010, 0x002aae00, 0xae0035ae, 0x4cae0041, 0x0058ae00, 0xae0065ae, 0x7fae0072, 0x008aae00, 0xae0097ae, 0xb0ae00a4, 
    0x00d7ae00, 0xae00e3ae, 0xf9ae00ef, 0x0004af00, 0xaf000eaf, 0x24af0018, 0x00dbaf00, 0xaf00e6af, 0xfcaf00f0, 0x0059b000, 0xb00064b0, 0x7cb00070, 
    0x0088b000, 0xb00094b0, 0xabb0009f, 0x00b7b000, 0xb000c3b0, 0xdab000cf, 0x00e6b000, 0xb000f1b0, 0x09b100fd, 0x0015b100, 0xb1001fb1, 0x35b10029, 
    0x006db100, 0xb1007ab1, 0xb1b10086, 0x00beb100, 0xb100cfb1, 0xeab100dd, 0x00f8b100, 0xb20006b2, 0x21b20014, 0x002eb200, 0xb2003bb2, 0x55b20048, 
    0x0061b200, 0xb2006db2, 0x85b20079, 0x0093b200, 0xb200a0b2, 0xbab200ae, 0x00c8b200, 0xb200d6b2, 0xefb200e3, 0x00fcb200, 0xb30009b3, 0x21b30015, 
    0x002db300, 0xb30039b3, 0x52b30046, 0x005fb300, 0xb3006bb3, 0xd5b30078, 0x00e1b300, 0xb300eeb3, 0x08b400fb, 0x0015b400, 0xb40022b4, 0x3bb4002e, 
    0x0047b400, 0xb40054b4, 0x6cb40060, 0x0077b400, 0xb40083b4, 0x9db40090, 0x00a9b400, 0xb400b5b4, 0xcfb400c2, 0x00d4b400, 0xb50045b5, 0x55b50050, 
    0x0063b500, 0xb50067b5, 0xccb5008a, 0x0044b600, 0xb6006ab6, 0xe8b600e4, 0x00efb600, 0xb600f3b6, 0x05b700f9, 0x0064b700, 0xb70074b7, 0x54b800d4, 
    0x006bb800, 0xb8008bb8, 0x15b90095, 0x0062b900, 0xba00feb9, 0x1eba0011, 0x0034ba00, 0xba0042ba, 0xcfba0067, 0x0044bb00, 0xbc0090bb, 0xd8bc0006, 
    0x0040bd00, 0xbd0045bd, 0xd5bd008f, 0x001abe00, 0xbe0087be, 0xf8be00ec, 0x006ebf00, 0xbf0088bf, 0xe0bf009c, 0x00edbf00, 0xc000f2bf, 0x6fc00019, 
    0x00c0c000, 0xc000cec0, 0x48c100f3, 0x00a4c100, 0xc200dcc1, 0xc3c2002f, 0x00d0c200, 0xc200dac2, 0x05c300e4, 0x0036c300, 0xc30065c3, 0x73c3006d, 
    0x007cc300, 0xc30080c3, 0x88c30085, 0x008dc300, 0xc30092c3, 0xa0c30096, 0x00aac300, 0xc300b4c3, 0xcec300b9, 0x0011c400, 0xc40034c4, 0x47c4003e, 
    0x0050c400, 0xc40074c4, 0x90c40078, 0x000bc500, 0xc600d2c5, 0x8fc6007e, 0x009ac600, 0xc70034c7, 0x46c7003d, 0x004fc700, 0xc70081c7, 0xb6c700ad, 
    0x00cec700, 0xc800e4c7, 0x51c8002d, 0x0078c800, 0xc80097c8, 0xadc800a2, 0x00d1c800, 0xc900f4c8, 0x5ac90032, 0x0065c900, 0xc90077c9, 0x88c9007f, 
    0x0091c900, 0xc9009ac9, 0xbbc900a4, 0x00dec900, 0xca0001ca, 0x2eca000a, 0x0035ca00, 0xca003aca, 0x85ca005f, 0x008eca00, 0xcb00d8ca, 0x37cb0005, 
    0x0040cb00, 0xcb004fcb, 0xadcb0065, 0x0032cc00, 0xcc003ccc, 0x72cc005d, 0x00c5cc00, 0xcc00d0cc, 0xe7cc00dc, 0x00f4cc00, 0xcd0001cd, 0x2acd0023, 
    0x0031cd00, 0xcd003acd, 0xb5cd0044, 0x00c1cd00, 0xce00c8cd, 0x33ce002f, 0x0044ce00, 0xcf00b8ce, 0x73cf0029, 0x00dacf00, 0xcf00e3cf, 0xf1cf00e6, 
    0x0080d000, 0xd100dcd0, 0xd6d1004f, 0x0001d200, 0xd20047d2, 0x71d20051, 0x0095d200, 0xd3009ed2, 0x04d30000, 0x0014d300, 0xd3001fd3, 0x51d30030, 
    0x00a3d300, 0xd400c1d3, 0x5fd40012, 0x00a6d400, 0xd400f0d4, 0x04d500fd, 0x000cd500, 0xd50015d5, 0x94d50067, 0x00bfd500, 0xd500c7d5, 0xefd500e7, 
    0x00f8d500, 0xd600ffd5, 0x30d60008, 0x003ad600, 0xd6005bd6, 0xbbd6005f, 0x00bfd600, 0xd600cad6, 0x3bd700f1, 0x0044d700, 0xd7004bd7, 0x54d800e8, 
    0x0063d800, 0xd8006dd8, 0x87d8007d, 0x008fd800, 0xd800bdd8, 0x4dd900e0, 0x00afd900, 0xd900c6d9, 0xd6d900cc, 0x00e1d900, 0xda00f8d9, 0x0fda0000, 
    0x0015da00, 0xda0088da, 0x99da0096, 0x00b3da00, 0xda00e0da, 0xfada00e8, 0x00fdda00, 0xdb003adb, 0x1edc00a3, 0x0079dc00, 0xdd00ebdc, 0xbddd00b6, 
    0x00c5dd00, 0xde00c9dd, 0x4ade0040, 0x0069de00, 0xde0073de, 0xa8de00a3, 0x00acde00, 0xdf0020df, 0x33df0027, 0x0063df00, 0xdf00cadf, 0xeddf00e9, 
    0x0003e000, 0xe00039e0, 0x6fe00065, 0x0011e100, 0xe1005ce1, 0xf3e100e2, 0x00fce100, 0xe20007e2, 0x39e20030, 0x0041e200, 0xe20048e2, 0x64e2004e, 
    0x0070e200, 0xe20075e2, 0x7fe2007a, 0x0090e200, 0xe20095e2, 0xade200a8, 0x00bfe200, 0xe200cce2, 0xd4e200d0, 0x00dee200, 0xe200efe2, 0x28e300f5, 
    0x0055e300, 0xe300a9e3, 0xafe300ac, 0x00bae300, 0xe40050e4, 0x9fe40096, 0x00a9e400, 0xe400cee4, 0xfbe400e5, 0x0013e500, 0xe5002fe5, 0xa3e5009b, 
    0x00bbe500, 0xe500d0e5, 0xefe500d9, 0x000ce600, 0xe7008fe6, 0x6be70012, 0x00bce700, 0xe700c3e7, 0xd7e700d0, 0x00e1e700, 0xe80025e8, 0x70e80066, 
    0x0090e800, 0xe80099e8, 0xf6e800da, 0x000be900, 0xe9001ae9, 0x40e9002d, 0x0052e900, 0xea00b0e9, 0x2bea0022, 0x00c1ea00, 0xea00daea, 0xfdea00e1, 
    0x001beb00, 0xeb0025eb, 0xefeb007a, 0x0062ec00, 0xed00a1ec, 0xe6ed0044, 0x0083ee00, 0xef0021ef, 0xb8ef0070, 0x00daef00, 0xef00e0ef, 0xe8ef00e4, 
    0x0018f000, 0xf00059f0, 0x9af00086, 0x00b2f000, 0xf000d4f0, 0x12f100ee, 0x0035f100, 0xf1003cf1, 0x4cf10044, 0x0055f100, 0xf1005ff1, 0xa7f10098, 
    0x00bbf100, 0xf100cff1, 0xf5f100e2, 0x000cf200, 0xf2001ff2, 0x5df20046, 0x0068f200, 0xf20079f2, 0x40f300d1, 0x009ef300, 0xf300d9f3, 0xfff300fe, 
    0x0029f400, 0xf4006bf4, 0xbff4009e, 0x00c4f400, 0xf400ecf4, 0xfaf400f3, 0x002df500, 0xf50099f5, 0xedf500bb, 0x0020f600, 0xf60028f6, 0x54f6002f, 
    0x00b7f600, 0xf70008f7, 0x85f7002f, 0x009cf700, 0xf800eff7, 0x71f80042, 0x00caf800, 0xf900f5f8, 0x51f9002e, 0x0084f900, 0xf9009df9, 0xf1f900cf, 
    0x0012fa00, 0xfa004ffa, 0xb5fa0053, 0x0027fb00, 0xfb0061fb, 0x35fc00dd, 0x0092fc00, 0xfd00d3fc, 0x17fd0013, 0x001afd00, 0xfd004afd, 0xaefd00a4, 
    0x00b8fd00, 0xfd00c1fd, 0xecfe00f0, 0x0087ff00, 0xff008cff, 0xa2ff0098, 0x00bbff00, 0x0001d3ff, 0x4400010e, 0x01a50001, 0x0101ea00, 0xa5010138, 
    0x01c10101, 0x0101db01, 0x0b0201f0, 0x01220201, 0x02014c02, 0xa1020177, 0x01cc0201, 0x0301fa02, 0x5403011b, 0x01740301, 0x0401b003, 0x61040109, 
    0x01a00401, 0x05012105, 0xf60501a1, 0x01660601, 0x0701c906, 0xb7070146, 0x01100801, 0x08013d08, 0x5d08014b, 0x01880801, 0x0801ba08, 0x280901d8, 
    0x01610901, 0x0901c009, 0x0b0a01e9, 0x017a0a01, 0x0b01d00a, 0x860b0135, 0x01bd0b01, 0x0c01280c, 0xdb0c0188, 0x011f0d01, 0x0d015f0d, 0x250e019e, 
    0x01a50e01, 0x0e01ee0e, 0x270f01f5, 0x01830f01, 0x0f018b0f, 0x081001cc, 0x019a1001, 0x1001b710, 0x451101eb, 0x01a01101, 0x1201fd11, 0x6312015a, 
    0x016d1201, 0x12017712, 0x93120181, 0x019c1201, 0x1201a612, 0xb81201af, 0x01c11201, 0x1201ca12, 0xdc1201d3, 0x01e51201, 0x1201ee12, 0x061301f7, 
    0x01151301, 0x13011d13, 0x2f130126, 0x01381301, 0x13014113, 0x5f130150, 0x01671301, 0x13017013, 0x8313017a, 0x018c1301, 0x13019513, 0xa713019e, 
    0x01b01301, 0x1301c613, 0x001401ce, 0x014d1401, 0x14019714, 0x011501d5, 0x01591501, 0x15016c15, 0xa0150183, 0x01af1501, 0x1501c815, 0x061601f3, 
    0x011d1601, 0x16012d16, 0x3c170189, 0x018a1701, 0x19017c18, 0x35190124, 0x014b1901, 0x19015b19, 0xc21a01a3, 0x01c71a01, 0x1a01e31a, 0xf71a01f2, 
    0x01681b01, 0x1c01d41b, 0x021d01a7, 0x01061d01, 0x1d01691d, 0x161e0194, 0x01371f01, 0x1f015d1f, 0x1e2001c0, 0x01732001, 0x2001a720, 0xe32001c7, 
    0x01ea2001, 0x21012921, 0x38210130, 0x013f2101, 0x21015f21, 0x8221017c, 0x01c02101, 0x2101c621, 0xd42101cd, 0x01422201, 0x22014a22, 0x8222014f, 
    0x01d32201, 0x2201e922, 0x4f2301f9, 0x01a62301, 0x2301dd23, 0xf12301e8, 0x013c2401, 0x24019124, 0x1e2501cf, 0x01a52501, 0x2501b025, 0xbc2501b1, 
    0x1cc62501, 0x9af77604, 0x1c1514fd, 0x94f81809, 0x06e8f61c, 0xac0454f7, 0x0e0e250b, 0x0a2399f7, 0xfc260484, 0xcf051cf0, 0x0f830a20, 0x1cf7fc26, 
    0x1d2caa05, 0x3f240a84, 0x2bab051c, 0x46200a85, 0x22200a82, 0x22240a84, 0x2896051c, 0xc0200982, 0xfb252e84, 0x68051cca, 0x220a8276, 0x831d0cf7, 
    0x9d63210b, 0x29200b83, 0xfb252984, 0xe6061c06, 0x851b852b, 0x1c982466, 0x84264d07, 0x38f72a1b, 0x2ede081c, 0xfc94fd0a, 0x847785d1, 0x84622010, 
    0x19fd2153, 0x32206c82, 0x86240a85, 0x39db051c, 0x5d833184, 0x8420cb21, 0xc6fc240a, 0x8485fefe, 0xcbfb2409, 0x85ccfa1c, 0x50fb2514, 0x37b2051c, 
    0xd0203585, 0x2708a382, 0x06bcf715, 0x5af774f7, 0x5afb72f7, 0x06baf705, 0xeff72bfc, 0x0673fb05, 0x11fb9ff8, 0x066ff715, 0x01f8bbf7, 0x06c5fb05, 
    0xfb259984, 0xec061c5d, 0x253c8458, 0x061c48fb, 0x0a854dda, 0x061c6724, 0xf5884cb2, 0x1c0a5025, 0x84612af4, 0x05fb250e, 0x7cb8061c, 0x0a822485, 
    0x8586b921, 0x1c112415, 0x857fc606, 0x1c0c240a, 0x417dd006, 0x5f260906, 0x1c4ffc1d, 0xaa85e6f3, 0xfe247284, 0x3922fa88, 0xfd254184, 0xde041c5c, 
    0x232b8434, 0xfcfaa3fe, 0x1a2d5418, 0x2399f72a, 0x2afb1c0a, 0x31e4041c, 0x1c222e84, 0x2f841dfa, 0xfbe92208, 0x3b2df71a, 0xed04f71e, 0x6dd73905, 
    0x1a0cf7e7, 0x8bfb02f7, 0xfcaff907, 0x2efb154d, 0xfb054df8, 0x25f082bb, 0x0549fcd3, 0xf08516f7, 0x8cfb1c22, 0x36207482, 0xed234586, 0x852d82f9, 
    0x1c402a8a, 0x1d272806, 0xd1fb99fb, 0x20108534, 0x24108455, 0x36fc77fc, 0x0ed44135, 0x3005e441, 0x9ef9ebfd, 0xa814f715, 0xf830fb06, 0xb7fb054b, 
    0x355f836f, 0x1c55061c, 0xfb150409, 0x2cfb0683, 0xf7494efc, 0xf9fb054a, 0xf866fd06, 0x06dc3905, 0xb2f850f7, 0x064ff705, 0xb6fda8fb, 0x0683f705, 
    0xb6f9a8f7, 0x060af805, 0x08073e6d, 0x1cb9fc23, 0xfc05f605, 0x1568fd7d, 0xf7064ffb, 0x05fef9c2, 0xfbe0069b, 0x0cf7058b, 0xec15eefb, 0xfb05adfb, 
    0x24c58556, 0x32fa83fe, 0x24a78438, 0x2399f70e, 0x0870420a, 0x420a2321, 0x552708d1, 0x1ca8fc0a, 0x8234a80a, 0x0a5527bc, 0x0a1ceffd, 0x0a843032, 
    0x1cb6fe25, 0x8431ae0a, 0xfa1c220a, 0x201682d1, 0x2347822c, 0x54fe0a55, 0x36202c82, 0xfe241684, 0xb8081cf3, 0x2b0c1641, 0xf41c02f8, 0xfd1d2438, 
    0x8b0a1c07, 0x210c1e41, 0x188517f8, 0x0a1cfa24, 0x3c843526, 0xf8278f82, 0xd8f81622, 0x828c061c, 0xd7f828bc, 0x0574f91c, 0x1806dcf7, 0x240ed94e, 
    0x89f0fa0e, 0x2604841d, 0x061c4afa, 0x831d23de, 0xf4f7250f, 0x22ab051c, 0x0e240a84, 0x1d5a18f7, 0x4b250484, 0x4215f7fa, 0x250a840a, 0x64f91c54, 
    0x19831d20, 0x37f82c08, 0x2379fa1c, 0xf8bbf71d, 0x17f71618, 0x1c82fd0a, 0x0ab5b8fa, 0x74fbc9f7, 0xf774f715, 0xfb63f7c1, 0xf775f7c1, 0xf80e1d57, 
    0x8453f9f6, 0xf7f23921, 0xaff71dcd, 0x12f707e6, 0xf710f7a4, 0x01f71e36, 0x1cc9f706, 0x4bf712fa, 0x5f845084, 0xfdf70e28, 0xf80e0a44, 0x857f1ca0, 
    0xf7340805, 0x40f70778, 0xf7bf05f7, 0x87b0a914, 0xf71ea388, 0x5b97078c, 0x1b548b54, 0x33fb49fb, 0x3d2bfb3b, 0xfb23f71f, 0xd867fb2d, 0x0a6582fb, 
    0x19f823fd, 0xa8f821fc, 0x2009c266, 0x22bf8260, 0x831df3fd, 0x25fd2453, 0x8422fbf9, 0xddfb2409, 0x8428e6f9, 0xaafc2409, 0x84201bfa, 0x78fd2509, 
    0x2609051c, 0xf4210a82, 0x0828871d, 0xfb76f838, 0x84f71598, 0xa0f7e706, 0xe4df7305, 0xf71be87f, 0x4e1b1d99, 0x549b9350, 0x1c80f81f, 0x00f79505, 
    0x02fbda45, 0x1925fba7, 0x5e06ccf7, 0x35fbb0f7, 0x75fb64f7, 0x018203f7, 0xfb18d72e, 0xfb340683, 0x4b97058f, 0x1b469248, 0x08414018, 0xf7492a08, 
    0xf7d6fb41, 0x1f3afba6, 0x15b5f7ee, 0x12f727fb, 0xf76bf72f, 0x85f81abb, 0xa5f79cf7, 0xadaff5f7, 0x1ead8688, 0xd9fdf70e, 0x0508410a, 0xd6f72908, 
    0xf90e1d3f, 0x1c10f7c2, 0xf715a205, 0xf706e6af, 0x0bf7a412, 0xf71e36f7, 0x0ef91c0f, 0xf9062bf9, 0xf8fdf704, 0xf914f917, 0x08785618, 0xdcf7be29, 
    0x1c1afa1d, 0x82cacefa, 0x243e82fc, 0x091c7ffb, 0x82da8261, 0x1c6e230a, 0xef82df07, 0x8a220982, 0x0885b4fd, 0xfc6ef825, 0x831d239f, 0x9bfb2566, 
    0x0a3042fe, 0xf7240983, 0x28d9fd61, 0xa52f1382, 0x53071c1d, 0x051c1d3f, 0x15a2fb32, 0x8c0e1d8e, 0x24f82a0d, 0x26a2071c, 0x1d2d7f1d, 0x2403820e, 
    0x61f7a1f8, 0x240c832b, 0x61f79af8, 0x23088322, 0x0a47e3f9, 0xf7241882, 0x2085f7f0, 0xfa270883, 0x2394f8f0, 0x83e67f1d, 0x16f9360b, 0xf77f0a52, 
    0x56fa1675, 0x2a0bfb06, 0x9209fb5d, 0x1d5305fb, 0x954618f7, 0xfa1c2310, 0x5d8407fc, 0x03f94822, 0xf7246a84, 0x3261f7c6, 0x5a245684, 0x1d3991f7, 
    0xf82d4383, 0xfb6406a1, 0x991d4752, 0xd3f805d5, 0x828c844f, 0x2e5f326a, 0xf7e2fc0a, 0xa1f715f9, 0xf7b9fb06, 0xd1fb05d5, 0x85488306, 0x08fd2119, 
    0xa2231983, 0x83e9f706, 0x84d22019, 0xd3f92519, 0x28c9f51c, 0x2024c184, 0x2cf7f51c, 0xf9225b93, 0xd9843bda, 0xf51c0524, 0x098420ee, 0x68f78f23, 
    0x218e8437, 0x0f835ce8, 0xf710f724, 0xe084594c, 0xa2f88330, 0x0673fb15, 0xeffb27fc, 0x06baf705, 0x0a4673f7, 0x06bb3107, 0xf890fb1c, 0xc7fb15e1, 
    0xfcbef706, 0x6bf70503, 0x98237e85, 0x844d90f8, 0xf8782339, 0x5b844c68, 0x4cf7e328, 0x1c7b0a50, 0x6a822af4, 0x84051c32, 0x1504091c, 0x400678fb, 
    0xfe0598fb, 0x00f81c08, 0x0b835582, 0x78f74108, 0x98f7d606, 0xf79af905, 0x064dfd9e, 0x07f948f7, 0xf74af805, 0x06fdfb9d, 0x04f947f7, 0xf78df705, 
    0x0640fb9e, 0x9efbc5fb, 0xfd47fb15, 0xd3fb0504, 0xf70604f9, 0x150dfe86, 0x07fd48fb, 0x07f94d05, 0x1c3c7f82, 0x0a22c105, 0xfbf0fa1c, 0xfd6ffa9e, 
    0xfb20fe07, 0xfd20fa9d, 0xfb63fe04, 0x04051c9e, 0x0e3b9f84, 0xc4f8d7f7, 0x55fc0a51, 0x0a39e4fb, 0xebf8fdf7, 0x2afb0a51, 0xf71d7216, 0x82dff8f1, 
    0x71200816, 0x1d300afb, 0x041c22fa, 0xfd0a517b, 0x1d319136, 0xaffac1f9, 0x44fe0a51, 0x0a2c0afb, 0xabfabdf9, 0xd6262382, 0xeaf90aa1, 0x2082d7fa, 
    0x84fc7428, 0x76f80a2d, 0x448263f9, 0x68fcb734, 0x36f80a35, 0x1c1623f9, 0x1d4f1005, 0xd4fb4ffc, 0x54420a38, 0x0644420f, 0x0ae63308, 0x1675f74f, 
    0x640e1d76, 0x1efb8af7, 0x2c26fb15, 0x700ffb61, 0x758f8d6d, 0x0789fb1e, 0x8ba5c680, 0xc4f71ba3, 0x13f755f7, 0xfa1fc8f7, 0x0a3df79e, 0x31850e07, 
    0x5225f933, 0x051c4f0a, 0xfb0a2291, 0xfd11fec9, 0xf99dfbfa, 0x20e082fa, 0x27e08255, 0x0e06f604, 0x0a4b23f8, 0x2f080482, 0xf913081c, 0x20fb1511, 
    0x90c39506, 0xf71ac9c7, 0xfbb9fd7d, 0x078ef893, 0x5784538a, 0xfc085b7e, 0xf84dfb79, 0x12fb0621, 0x432efb2a, 0xb1f755fb, 0x2a0aa57d, 0xe9fb0ab2, 
    0x4efca8f7, 0x18a6fc1b, 0x2b0e7a4a, 0xf7b6f703, 0xf7c2f746, 0x56f71f12, 0x3f086982, 0x88071ca0, 0x1579051c, 0x918a908a, 0xf708908a, 0x36f7077c, 
    0x18f7b6f4, 0x8787abab, 0x0a84f7a6, 0x2cfb5efb, 0x4131fb37, 0xfb18f71f, 0xd861fb2c, 0x1db67efb, 0x4cf7a3f7, 0x85fb29fb, 0x07881fd8, 0xfb25ab84, 
    0x28d3f9e1, 0x26b5831d, 0x041ceafb, 0x830a2b8f, 0xaefc240a, 0x842008fa, 0xb8fd2514, 0x30e9f71c, 0xfd251484, 0xf6041c7c, 0x23158526, 0x22e8f92a, 
    0x4b2f0984, 0x2387041c, 0x4b36f81d, 0x37f80e1d, 0x8327081c, 0xf81124f4, 0x82cdfd2f, 0x069e2aed, 0x57835489, 0xfc085a7c, 0x2aed8285, 0x10fb0626, 
    0x4130fb28, 0x181b56fb, 0x8219d959, 0x82f420fb, 0x1b4f21fb, 0x0fd55918, 0xf81dd125, 0x8511f758, 0x839c20f4, 0x8cf721f4, 0xf520ed82, 0xa520ed86, 
    0x6130ed83, 0xfb352cfb, 0xf71f4234, 0xfb2ffb1b, 0x81fbda68, 0xfa214492, 0x665a18ac, 0x830e202a, 0x50f725d6, 0x28d4081c, 0xf726e184, 0x240a1c47, 
    0x15830a2b, 0x091c7a24, 0x14842009, 0xfdaffb24, 0x13843016, 0x1c73fb25, 0x85268b0a, 0x1c212414, 0x8422e908, 0x5df82d0a, 0x231c0a1c, 0xf710f81d, 
    0x0e0a2775, 0x162e0683, 0xfb6306d5, 0x9a1d4755, 0xf7b205d8, 0x13841d9d, 0xfa0a2725, 0x824ff79d, 0x27268466, 0x06f902f9, 0x7ca2fb15, 0x17d55e18, 
    0xf9244c85, 0x2084f7d0, 0xf9245886, 0xeef51cc6, 0xf8250c87, 0x2088f7aa, 0x3a24850a, 0xf71c89fa, 0x1d77f783, 0x081c91f8, 0x6a061c2f, 0xf839fb15, 
    0xfccafb2a, 0x8291fe2a, 0xfcc93e07, 0xfb3afb2a, 0x1c3af770, 0x86f772fa, 0x8e051c0a, 0xfc0639f7, 0x9cfb166f, 0x9cf791fe, 0x089a8207, 0xfa0a5d2e, 
    0xfe91fa11, 0x31fb0694, 0x13fb6024, 0x8f8f656d, 0x8ffb1e74, 0xc6a98107, 0xf71bc189, 0xf727f7e9, 0x1f84f760, 0xf78e081c, 0xa8f80a76, 0x112b2e86, 
    0x1d41b6f7, 0x071ca8fb, 0x82d9f70b, 0xf7a223e0, 0x5e821675, 0xa5066926, 0x4a071c0a, 0x46082882, 0x0a1cd1fa, 0x00081c6f, 0xf7f0fe15, 0x11fe0a5b, 
    0x061ccaf7, 0x06baf9f6, 0x9b051c0e, 0x6fce081c, 0xf730f815, 0xf880f7aa, 0xf0f91f5a, 0xf0fdcafb, 0xfbaffb07, 0xfb19fb1a, 0xfb89fb8a, 0xf719f724, 
    0x051c1eaf, 0x82cafb6a, 0x7bfb2b3b, 0xf754fc07, 0xf886fbab, 0x49411e38, 0xf90e3b06, 0x2706f9a0, 0xfb47fc0a, 0xf90a39e4, 0x273af9d4, 0x161bfb0a, 
    0xbbf91d72, 0x168220f9, 0xfb622308, 0x1c1d300a, 0x041c5805, 0xfd0a27bd, 0x1d319128, 0xfaf7041c, 0xfe0a27f0, 0x2c0afb35, 0xf3041c0a, 0x2682ecfa, 
    0x0aa1c728, 0x1c20051c, 0x24828504, 0x84fc662d, 0xdcfa0a2d, 0x0a2741fa, 0x4adef720, 0xfa230755, 0x8256faf0, 0x8314205a, 0x05564a11, 0xf940fa37, 
    0x0a6a16a5, 0x68fca9fb, 0x00fa0a35, 0x0a2765f9, 0xd4fb41fc, 0x068b4138, 0x7cf90e24, 0x1f82e2f8, 0x1c49fa2c, 0x1d2458f5, 0x0a1cd0fe, 0x968634a8, 
    0x1c251386, 0x0a1c7dfa, 0x879f8932, 0xb7f92416, 0x88ae0a1c, 0x211587a9, 0x2c82aaf8, 0x4288b288, 0x57821820, 0xe2823620, 0x4288bd85, 0x081c7923, 
    0x2ec68cb8, 0xf41c2afa, 0x1c1d2438, 0x0a1c65fb, 0x8b0a348b, 0x3ffa21cf, 0xfa251a85, 0x260a1c72, 0x06644235, 0x0e244986, 0x0a294bfe, 0xfc260484, 
    0xf1081c54, 0x0f830a20, 0x1c51fc25, 0x7b159808, 0xf7211719, 0x32248263, 0x0a22aaf8, 0x05fec9fb, 0x54fe0a6d, 0x54fac9f7, 0x85061d50, 0xfc152445, 
    0x831d2c9d, 0xa2fb2544, 0x2bcd081c, 0xa9200a85, 0x22200a82, 0xbe200a84, 0x282cb782, 0xf95bfc1d, 0xfc0a3aa1, 0xba081c5b, 0xf7252c85, 0x000a1cd5, 
    0x24218423, 0x080a1cb5, 0x3161882b, 0x0612f81c, 0x56281dfb, 0xfb9312fb, 0x8a1d530c, 0x6684058c, 0x1c2efb25, 0x8420ed08, 0xfcfb252f, 0x266f0a1c, 
    0xfc210a84, 0x2067827d, 0x24c28532, 0xfd081ce9, 0x24158439, 0xd4081c6b, 0x26148437, 0x0a692ffb, 0x854542fe, 0xfd0e2cef, 0x3a58f99c, 0x1c4bfd0a, 
    0x8439b006, 0x0601411e, 0xfab8fc30, 0xfc0a3a3f, 0x00081c20, 0xd2fc1d34, 0x248225fa, 0x071c673c, 0x7e1d308a, 0x3ac2051c, 0x1c2dfe0a, 0x1d310608, 
    0x051c02fb, 0x1c0a3a61, 0x1b825afb, 0xfb0a2c26, 0x5d051c06, 0xcc202982, 0x36253682, 0x051c461d, 0x2a29828a, 0x10061c6b, 0xb1fb0a2d, 0x82b2041c, 
    0x1c042351, 0x6f424a09, 0x9cfb2407, 0x82c7041c, 0x84192013, 0x05714213, 0x294bfe23, 0x21fd870a, 0x12410a29, 0x4dfc2306, 0x2782aafa, 0x061cae36, 
    0xfc0a352c, 0x226afa8d, 0xf7c2fb0a, 0xf81c0a44, 0x07c9f70a, 0x2410be41, 0x1d3340fc, 0x2504830e, 0x85f774f7, 0x09840a20, 0xf7772208, 0x40fc1d3a, 
    0x061c10f7, 0xfff715f6, 0x0a6dfbfc, 0x1dd44afd, 0x1d504af9, 0xfef7fbf8, 0x9efe9ef7, 0x24328506, 0xf7f51cb3, 0x262a822c, 0x25f81d33, 0x852b61f7, 
    0xf71e2309, 0x09842261, 0x4767f922, 0x6d214f85, 0x240f845c, 0x94f874fa, 0x22098423, 0x843b5ef9, 0xc8f72460, 0x4951f91d, 0x8a290bb9, 0x9df7058c, 
    0x051cfefb, 0x206785ec, 0x22678407, 0x85529af8, 0xf9cc2348, 0x40842603, 0xf74bf724, 0x13843261, 0x91f7d523, 0x24128439, 0x68f714f9, 0x3e128437, 
    0xf51c99f8, 0x9b1d20ee, 0x1d46cbf8, 0x1d721635, 0x46aef87e, 0xfb31fc1d, 0xf81d300a, 0x82e0fab8, 0x91f8270b, 0x59f81d31, 0xe08581fa, 0x14fa1c24, 
    0x72881dd4, 0x06fe062a, 0x0a2c0afb, 0x7afa52f8, 0x97352982, 0x80f80aa1, 0x1d46a7fa, 0x84fc35fd, 0xaaf70a2d, 0x1d46d2f9, 0x09064450, 0xf9bff726, 
    0x3c1d46e6, 0x23090544, 0x1d3340fc, 0x3321de85, 0x2ef0851d, 0x34f90cf7, 0x79fb1d46, 0x0a3568fc, 0x92f4f8c3, 0xf7972373, 0xe8840a44, 0x2e0a8841, 
    0x0a9f30fb, 0x91fa30fb, 0x6200081c, 0x8447be1d, 0x0a22350b, 0xc7fb6afd, 0xc7f763fb, 0x0ad79bfc, 0x1d509bf8, 0x0e076af9, 0x9f262985, 0x4635f70a, 
    0x04830e0a, 0x1c53f825, 0x843061f5, 0x93f8250f, 0x1d2603f9, 0xe5231484, 0x842261f7, 0x59f92509, 0x20eff51c, 0x7c080a84, 0x1ca0041c, 0x1d2304f7, 
    0x061c7bf8, 0x0df816c9, 0xfae6fd06, 0x1dbcf7ff, 0x97fbb4fd, 0xf91c7ff8, 0xfac9f703, 0x066ef72a, 0x1ca8f70e, 0xf716a005, 0xf77efc1b, 0xfb78f9bc, 
    0x2afd0686, 0x34f705fa, 0x5d80f70a, 0x06fef80a, 0xaef793f7, 0x18fe37f9, 0x0609f805, 0xf1faebfd, 0xdef8baf8, 0x9adef4ee, 0xf71952eb, 0xfb75f705, 
    0xfb14f757, 0x45fb7a76, 0xfd1953fb, 0x05d6fd92, 0xfb5ffa72, 0x835582c9, 0x0dfb24b1, 0x830e1d40, 0x83a92004, 0x260883a0, 0xf51cf8f7, 0x830a3060, 
    0x17f9250a, 0x1d643afc, 0xf8250983, 0xeef51cfe, 0x290a8420, 0x94f808f9, 0x1c810a2e, 0x0f85c0f4, 0x1cd9fa25, 0x852303f7, 0xcc24081a, 0x28c9f51c, 
    0x1cfa231d, 0x150e051c, 0x0524e9fb, 0xc9fbedf9, 0xfb074afe, 0xfb054f5c, 0x5cf7075b, 0x17fe05c7, 0x2606fd71, 0xf7076af9, 0x8205f2e9, 0x75f7227c, 
    0x24138716, 0xfa1d504a, 0x05a84405, 0xf80e062e, 0x1c1d40d8, 0x94fc1d06, 0x9ef91c15, 0x1a7c5218, 0x64061c31, 0x522bfb07, 0x66c6f90a, 0x9ec6f91d, 
    0x83b1f80a, 0x240983cb, 0x81f72cf9, 0x21138420, 0xc0842cf9, 0xf704fa29, 0x00081c75, 0x471d7df7, 0xfc220610, 0x097e070b, 0x850e200d, 0x26498345, 
    0x1df81d66, 0x830e0a3c, 0xfbfe2504, 0x2cba081c, 0xfe250f84, 0xcd081c49, 0x240a8522, 0x3034fdd4, 0x241f840a, 0x6f0a1c9c, 0x20148526, 0x201f8242, 
    0x250a842b, 0x081ccefd, 0x0a8620ed, 0x85a6fc21, 0xf4fb2409, 0x852391fb, 0xfc002c13, 0xf81d28cb, 0x6e071c35, 0x79fb0a22, 0xf7220e5a, 0x184b0676, 
    0xcfb3320f, 0xf71bbc8b, 0xf768f781, 0x1fc8f713, 0x9e6b061c, 0x08777907, 0x1c39a582, 0xfb163a06, 0x2afb071c, 0x18fb5728, 0x918f6667, 0x87fb1e70, 
    0xc1b37e07, 0x2a358289, 0xf75ef7a2, 0x1fc6f723, 0x8589081c, 0x79072069, 0x438211c4, 0x841d5e21, 0x29f82304, 0xc28361f7, 0xf91d5e24, 0xab823b61, 
    0xfa1d5e25, 0x8394f878, 0x1d5e26b5, 0x85f777f7, 0x83f48220, 0x9cf8321b, 0x23f91d5f, 0xf7aef61c, 0x43f81d81, 0x081c87f7, 0xa7611800, 0x2d638223, 
    0xfa0e0a3c, 0xf80a3ca7, 0xf81da90b, 0x75822a59, 0xfe240482, 0xf1041c22, 0x0a835a82, 0x041c2924, 0x1a822ccc, 0x0e0abc25, 0x85578ff8, 0x71fd241f, 
    0x82cd041c, 0x211f8296, 0x0a8278fd, 0x3a842220, 0x1c2ffc25, 0x8428b804, 0x22fb240a, 0x8200061c, 0x262082a5, 0x061c38fc, 0x830a2b08, 0xbcfc255b, 
    0x5aab041c, 0xfd250a84, 0x6f061cca, 0x202b8226, 0x225682be, 0x8a0abe59, 0x4bfe2130, 0x32205182, 0xfe252584, 0xfd041cb8, 0x81661815, 0x59f82425, 
    0x541d0ff7, 0x6b830580, 0x1c1ffb25, 0x84f25907, 0xfcfc2545, 0x20ed041c, 0x20826b82, 0xfc6efc36, 0xdeef15d1, 0x38ebebd9, 0x382627d9, 0xde2b2b3d, 
    0x0e1ff03d, 0xfe253183, 0xb5041c25, 0x24be85a7, 0xee051cfd, 0x243c84c7, 0x051c21fb, 0x12fb4ecb, 0x1b856384, 0x8410fd4e, 0x1cfd23eb, 0x7483eef9, 
    0xfc1d2a27, 0xd4041c82, 0x264d8437, 0x1c92fb1c, 0x8459b804, 0x8ffc250b, 0x580e061c, 0x7a240a85, 0x4dfc051c, 0x99240a85, 0x4cd4051c, 0x20094f41, 
    0x05a55450, 0x578ff823, 0x076a411d, 0x80410a83, 0x870a8206, 0x260a825d, 0x041c29fe, 0x831d2cba, 0x87fc202b, 0x0abc257e, 0xc3f85dfc, 0x3305a041, 
    0x1c94f80e, 0x0a4c2608, 0xf9f7f81c, 0xf80a3944, 0x72081ce0, 0xfa2a0d82, 0x3494fa11, 0x1c40f91d, 0x0d82d208, 0xfac9f82d, 0xfa1d301e, 0x8a0a1cf8, 
    0x827d94fa, 0xfa02292b, 0xfa1d319a, 0x090a1c77, 0xf62a1d82, 0x2c1efaf5, 0x1c12fa0a, 0x0d82a409, 0xfae5f82a, 0xfa1d3694, 0xc4091c32, 0x39080d83, 
    0x15a4f853, 0x05ed03f7, 0xe468d640, 0xf71a10f7, 0xfb8afb02, 0x3afb070a, 0xf719fbeb, 0xf71e3c29, 0xf715aa40, 0xd4f70614, 0xa70549f8, 0xfb07bbfb, 
    0x054dfc2d, 0x1c4cf90e, 0x3d82de08, 0xf881f92e, 0xf80a35c0, 0xf81d7b59, 0x1d081c8b, 0xf9221184, 0x11823854, 0x820f9442, 0x08258321, 0x0af75941, 
    0x1c1dfe1d, 0x0a207904, 0xc4fa9ffa, 0xd8051c16, 0xfa1c1dc1, 0xaefc0634, 0x1cfc0bfc, 0x09fd0dfd, 0x1efc0bf8, 0xf71faef8, 0x159ef75c, 0xfb065cfb, 
    0xf78bfbfd, 0xf86ef8af, 0xf78bf771, 0x82fdf7ae, 0x0e062e18, 0xe50a9ce5, 0x2ffb1dac, 0x22f7041c, 0x0809821d, 0x051c6c67, 0xf21d2017, 0xe81678f7, 
    0x97e2ec1d, 0xf71fd8a1, 0xf77cfb2b, 0xfb0bf74b, 0x0564f71b, 0x0bf73bf7, 0xf754f7de, 0x0df81a75, 0xb2f77dfb, 0xfd1e70fc, 0x02fa066e, 0xfb1566fd, 
    0xf708fb4c, 0x056bfb20, 0x875f6382, 0x1cfc1b5a, 0x18f8b5f9, 0xf7c6f706, 0xfb3afb11, 0x6c08fb7c, 0x1f434626, 0xf8ccf80e, 0xa2051c2b, 0x0bb55315, 
    0x09f91c22, 0x13d94318, 0xcdf7de28, 0x0cfa071d, 0x431860fc, 0xbb8316dc, 0xf867f83a, 0x1d3ff7e6, 0xfa79fb1c, 0xf81d3048, 0xd4071c5a, 0x1daa94fa, 
    0x0e0a40f5, 0xfb250382, 0xbc041c2d, 0x260d8322, 0xf91c95fb, 0x830a304f, 0x1c802413, 0x83265e06, 0x01fc2113, 0x32201d82, 0xfc251383, 0xec041c6d, 
    0x82138339, 0x15dc2208, 0x243c8442, 0xddf91c90, 0x2b138320, 0x051c51f8, 0xfc0a2eef, 0xc0f41c4c, 0x82081085, 0xf2fa1c74, 0x04f71d23, 0x1c41051c, 
    0xfc151209, 0x573df7cf, 0x49f828fb, 0xfb5a0cfb, 0x5b92054d, 0x1b558e58, 0xf81c6efd, 0xf9c9f700, 0x0687f79b, 0xfb1cd9fb, 0x6f32f72b, 0x041cdef7, 
    0xf79905f1, 0xb1f70a35, 0x71f71afb, 0x1ee6a2fb, 0x56fe6afd, 0xf87af915, 0xb2b60718, 0x1fae8688, 0x72fd54fb, 0x8f37f705, 0xf946f715, 0x06f7053e, 
    0x04fbbe4d, 0xfb1a27fb, 0x16fb2564, 0x1e7485fb, 0xf7b8f70e, 0x850a2275, 0xa456085c, 0xf7076af8, 0xfbe5fb89, 0x0553fcdb, 0xf706b9f7, 0xf78bf746, 
    0x058bfb47, 0xfb06d1f7, 0xf763f8e7, 0x0552f8d6, 0xfb06b1fb, 0xfb8dfb4a, 0x0549f718, 0xf7ec81f7, 0xf752f722, 0xf9f71ab5, 0xa6f76dfb, 0xfc1e7ffc, 
    0x1576fe2e, 0x2ef86cf9, 0xe3cef707, 0x4ffb49fb, 0x71826bfb, 0xcbfb253e, 0x20f70e1f, 0xce1694f7, 0xfb82fe0a, 0xf795fb77, 0xc9f70677, 0x98f794f7, 
    0x3df10e1d, 0xfc250384, 0x227bf9c5, 0x080c821d, 0xf97cfb32, 0xf11d2866, 0x1c3e051c, 0x2cf7e605, 0xe8fb9d1d, 0x71fb87f7, 0x6a691df8, 0x6f1835fb, 
    0x1d63080a, 0xf805b693, 0x89f7a741, 0xdaf787f7, 0xfb0a80f7, 0x1d745418, 0xfd256183, 0x89041c17, 0x265e8326, 0xf71c4afd, 0x820a305d, 0x49fc2468, 
    0x83209bf9, 0x45fc2412, 0x85ebf71c, 0x9c2a0809, 0xf71587f9, 0xaef70669, 0xfb05fcf7, 0x7ffc06c0, 0xc73815af, 0xf700f742, 0xe1d1c704, 0x8cde1e8a, 
    0x04fbd44f, 0x454b231b, 0x56841f35, 0xcbfa0b24, 0x4c8705f7, 0x8f0a3325, 0x84e4f41c, 0xf10e2348, 0xbe826af8, 0xf7156208, 0x3bf7a151, 0x7ff702f7, 
    0xf790f71b, 0xfb15fb33, 0xfb8c1f42, 0x4069fb58, 0xfb6234fb, 0xfb18575c, 0xddfb4b98, 0x05fc23fb, 0xf7effb1a, 0xf891fba9, 0xf75ff875, 0xf879f7b3, 
    0xfb1e9f07, 0x73fb06ca, 0x215afb79, 0xfb1b82fb, 0xf753fb9b, 0xf75cf718, 0xd33df74a, 0x1fc56ff7, 0x05cd86f7, 0xf7e4ddf7, 0x085e8260, 0xf71ab188, 
    0xf7cffbf5, 0xfc2ffc7f, 0xfbb6fb34, 0x82dcfb82, 0x87f70e1e, 0x051c0a5d, 0x88f7064c, 0xf76bf7dd, 0xf737f7aa, 0xe54c4b06, 0xfc21fc1e, 0x7afb0595, 
    0xf70758f7, 0x74ccf704, 0x6ffbe5fb, 0x1afb20fb, 0x0ffb88fb, 0x3bacad24, 0x92fb2e1f, 0x16f75a05, 0xf77324f7, 0x2df81b18, 0x72f7b9f7, 0xe7f718f8, 
    0x72f779fb, 0x1faa16fc, 0xd7f85cf8, 0xfb47f705, 0xf796fb64, 0x1bbffb24, 0x7ffb3dfc, 0x67fc91fb, 0x0ff70e1f, 0x04820a48, 0x1c1d9f25, 0x54d40af9, 
    0xb22608f5, 0x6ef6061c, 0x1d84060a, 0xf9dff825, 0x831d2603, 0xa6f82627, 0x3060f51c, 0x220a830a, 0x8552adf9, 0x1cac2407, 0x8420eef5, 0x041c261d, 
    0x03f71cf2, 0x080b8423, 0x1c7afa2a, 0x1d28c9f5, 0x071c7af7, 0x1c0a2218, 0xfb062ffb, 0xfb3efbb5, 0x1fa1fb45, 0xa1f725fb, 0x0bf707e5, 0xf708f7b5, 
    0xb3f71e28, 0xf7217782, 0x216e82c8, 0x6e8312f9, 0xf83f8782, 0xc8fb067b, 0x11fb76f7, 0xf71e82f7, 0x3c96f730, 0xfb0efb06, 0x26f7aa03, 0x83071c1f, 
    0x82070a6e, 0xf8310894, 0x5698fb13, 0xf820f71d, 0x26fb052a, 0xa4fac8f7, 0xf994f707, 0x13f8057a, 0xb8fb9ef7, 0x98f7e506, 0x0683fb05, 0x0598fb31, 
    0x9efbb2fe, 0x42fe12f9, 0x23248206, 0x9cbc1511, 0xef823c83, 0x2f03f829, 0x6ff90e1d, 0x830e1d59, 0x36fe2509, 0x1d2b61f7, 0x3d230984, 0x842261f7, 
    0xf4fc2409, 0x84284cf7, 0xe7fe2509, 0x0a2085f7, 0xef211d84, 0x2411845c, 0x94f8e7fb, 0x22098423, 0x843bfdfc, 0xc1fd3807, 0xf71519f7, 0xf719f737, 
    0xf736f717, 0xf719fb36, 0xfb37fb18, 0x8218fb38, 0xfb362201, 0x390d8236, 0x1f38f717, 0x3a042df7, 0xd9ca4f8a, 0xcac7d91a, 0x4cc7dbdc, 0x4d4f3d3d, 
    0x82841e3b, 0xf781fd24, 0x64825a3f, 0x06061c2b, 0xfa1c0a22, 0x0a56f7d6, 0xc15d181c, 0x15280808, 0xb1fb97f7, 0x1e542bf8, 0x2065302b, 0x65082592, 
    0x0a21f71d, 0xf6dae1f1, 0x16f81fd4, 0xf787f7ce, 0x1a09f8ab, 0x0743051c, 0xfe244a84, 0x2603f98f, 0xfb239584, 0x5c94fae7, 0xbf840790, 0x3af7e522, 
    0x4c081884, 0xe4f987fe, 0x72a7fb15, 0xfb02f806, 0x65f705c4, 0xf703f806, 0xfba205c6, 0x57fb07a9, 0xf7053afb, 0x15cafb29, 0xf746ca35, 0xd3c8f601, 
    0xd04be1df, 0x4c01fb23, 0xfd1e3545, 0x36158d0c, 0x00f746c7, 0xe2cdcaf6, 0xfbd04de4, 0x464d2201, 0x26c08533, 0xf8ecfa1c, 0x842ef70a, 0xfb1c255e, 
    0x3261f783, 0x2f27cd82, 0x17fb1c1d, 0x843991f7, 0xe3fe2515, 0xb1daf51c, 0xa7240a85, 0x2ce3f51c, 0xfc240a84, 0xb5f51cf4, 0x23066841, 0xa749f7ea, 
    0xfb241484, 0xf058f8e7, 0xfd213f84, 0x203482c2, 0x3a148420, 0x68f748fd, 0x6ff90a37, 0xfa1c1d59, 0xf715ed86, 0xcaf70683, 0xfb0561f8, 0x850e06cf, 
    0x848d2014, 0x7dfb2114, 0xfb22148b, 0x3386f47b, 0xdad4f924, 0x28841d2c, 0x1c01fb24, 0x53826ff5, 0x081c2031, 0x9c041c43, 0xf98afb15, 0xfdcafbf8, 
    0x8284fef8, 0xfdc92b07, 0xfb90fbf8, 0xfb90f754, 0x5f1806b3, 0xf734103a, 0x078af7b3, 0xfb16c0fc, 0x0a56f79a, 0x0e079af7, 0x0a5b99f7, 0xfb260484, 
    0x3e071cb5, 0x0f831d2c, 0x22fe9629, 0xa8fa1d20, 0x830e0a57, 0x051c2404, 0x840a47f4, 0xb3042408, 0x842b61f7, 0x041c2518, 0x2261f7ab, 0xfa240a84, 
    0x2085f795, 0x05231f85, 0x8581f727, 0x051c3238, 0xfbf51c27, 0x3af71d20, 0x3af70a79, 0xfa931d6c, 0x260c83a2, 0xb2fb1d6c, 0x8220a6fa, 0x2bf72f12, 
    0x4132f70a, 0x068cfb1d, 0x9ff97cfc, 0x12865ef7, 0x72f73e2a, 0x07a7fb1d, 0x86f96dfc, 0x3d821384, 0x386e4008, 0xf8f70e1d, 0x00081cd6, 0x1c8bf915, 
    0xfd053afb, 0xf9c8f7ce, 0xaaf807ce, 0xf7d5f3f9, 0xf79fdd0c, 0xd4196202, 0x6bfb86f7, 0x577afbe8, 0x88fb26fb, 0xfd3cfc19, 0x0673055a, 0x37fabefc, 
    0x82f70e05, 0x3bf82140, 0x0983ad83, 0x4783f923, 0x2107830a, 0xb58390f7, 0xfa250983, 0x2394f891, 0x2025841d, 0x84be83b6, 0x83422009, 0x200984e8, 
    0x051c44b6, 0xf9244482, 0x3768f730, 0x893d3c85, 0x74f71d5c, 0x1c81071c, 0xfb155a06, 0x90f706cc, 0xfb053af8, 0x87fb06f3, 0xfc053afc, 0x850782f2, 
    0x90f7210f, 0xfb2d0f82, 0xf84cfbc5, 0x11f80633, 0xfd0512fd, 0x37ba82b8, 0x11f807b8, 0xf80512f9, 0xfb1c063a, 0x20f8167d, 0xfb4ffb06, 0x067505d9, 
    0x0e2ba984, 0xabf870f9, 0xcffd0a5f, 0x8a39e4fb, 0x3af923a8, 0x158275f8, 0x0afb7e2d, 0xeafa1d30, 0x0a5f25fa, 0x535ffb1c, 0xef3205e2, 0x0a5fbefa, 
    0x84fceefe, 0xc0fa0a2d, 0x0a5ffbf9, 0xbf4f9cfc, 0x21f28409, 0xde843b7a, 0xf932e885, 0x1cb2f877, 0x1d730008, 0x68fc7ffc, 0x5cf90a35, 0x588298f8, 
    0xd4fbca23, 0x2f6e8238, 0xf90a22ce, 0x24fb1c7b, 0x07a5fd05, 0x55271dfb, 0x27097652, 0x9bf7b7f9, 0x4ee40e1d, 0xf8260384, 0xff071cf1, 0x0d821d22, 
    0x1c6df925, 0x83201f08, 0x9ff82509, 0x26a1091c, 0xfa250983, 0xea071c3a, 0x221d8428, 0x8474fd65, 0x1c37081c, 0x5ffcac04, 0xf7e41d23, 0xf6061c37, 
    0x06d5fa15, 0xf91cccfe, 0x62fb05d8, 0xf70796fa, 0x06fbb42a, 0x351f0cfb, 0x21f7a0f7, 0xfba1f707, 0xfb44f73f, 0x1ffd1eb4, 0x18ccfa06, 0x3e085245, 
    0xf7e40e07, 0x051c1640, 0xfe9ef7b8, 0x6ef806d2, 0xf7054af9, 0xfb63f7fb, 0x61f8066d, 0x180537f9, 0x30097645, 0xfbfc38fc, 0xfb01fc05, 0x0673f763, 
    0x86fd97fc, 0x08b38505, 0x90051c46, 0xe815ecfc, 0xbca09ce5, 0x0798f71f, 0x8050547c, 0xb4fb1b3f, 0x62f835fb, 0x1f75fcf5, 0x061cd2fa, 0x5bf70549, 
    0xfb4cfa1c, 0x07cefa9b, 0xf91cc5fe, 0x5cfb05cf, 0xf8070af7, 0xfc33f7a5, 0x1b53f8ec, 0x1d29200e, 0x80220383, 0xfb82051c, 0xf7260c82, 0x3a071cc9, 
    0x09830a2b, 0x071cca24, 0x09847c0c, 0x5f281383, 0x1c5cfc1d, 0x1d20e6f5, 0x0d211a86, 0x24098486, 0x1a071cbe, 0x2409847f, 0x24071cc3, 0x2409837d, 
    0xa1071c2e, 0x24128426, 0xea051cd2, 0x21098328, 0x098229fc, 0x4b845920, 0x50251383, 0xf61c7e0a, 0x244a852a, 0x40071c72, 0x24198458, 0x2e071c87, 
    0x2409844d, 0x06071c68, 0x2137834c, 0x978272fb, 0x13833220, 0x1c49fb25, 0x83202306, 0xdff82409, 0x4532091c, 0x8c83073e, 0x061c0523, 0x224b841f, 
    0x8474fdee, 0xe2f82507, 0x622d091c, 0x87202b83, 0x2b203e82, 0x2e088a84, 0x06061c7f, 0xf407eb15, 0x8ac4f49b, 0xf70817f7, 0x34fb8c37, 0x1bc2fbf2, 
    0x0539fb82, 0x6fe80af7, 0x8c1f8a43, 0xfb6d564f, 0xfb938421, 0x820e1860, 0xdffb2557, 0x392f061c, 0x71823c83, 0x2332072f, 0x1d93201d, 0x1dad47fb, 
    0xf80790fa, 0x61761853, 0x25658344, 0xfc051c7d, 0x5a830a61, 0xb8f76626, 0xee0690fa, 0x0524ad84, 0x76bc051c, 0x70851584, 0xfb241584, 0x85aafc2d, 
    0x89081e83, 0x051c50fb, 0x201d2cec, 0x061c4ffa, 0x92fb1522, 0x15fb23fb, 0x1f5207fb, 0xfb66f77f, 0x0690feb8, 0xf4f753fc, 0xf788f732, 0xf794f7aa, 
    0xefacf704, 0xcbadfb1e, 0x5f01fb05, 0xfb2204fb, 0x55fb1b5d, 0x42f7f028, 0xf707921f, 0x8904f701, 0x1eaba8f7, 0xf7adb7f7, 0xf1f7d7be, 0xfbc2f71a, 
    0xfb3af777, 0xfb4a1eb8, 0x3df71584, 0xfb3f0ef7, 0xfb34fb28, 0x41fb5222, 0x7e2a1f74, 0x60717afb, 0x5af70860, 0xf74af707, 0xf73af725, 0x3e421e8d, 
    0x09354207, 0x2406a741, 0x0a7008fa, 0x2604830e, 0x041c36fc, 0x831d237a, 0x8cfe240a, 0x8422dbf9, 0xbf0e2309, 0x03830a24, 0xc7822f20, 0x821d2221, 
    0x78f7260c, 0x2b27071c, 0x2409830a, 0xf9061c79, 0x8309847c, 0x08754213, 0xfa211a86, 0x242e8486, 0x07071c6d, 0x2409847f, 0x11071c72, 0x2509837d, 
    0x071c42fb, 0x1384268e, 0x051c8124, 0x098328d7, 0x827afc21, 0x84592009, 0x4213834c, 0x4b830776, 0x071c2124, 0x1984582d, 0x071c3624, 0x09844d1b, 
    0x061c1724, 0x4b844cf3, 0x9882c320, 0x13833220, 0x1c9afb25, 0x83201006, 0x8ef82409, 0x421f091c, 0x41820776, 0x061cab24, 0x2c83200c, 0x87fd9d22, 
    0xf8250784, 0x1a091c91, 0x202a8362, 0x203d8236, 0x2489842b, 0xf3051c2e, 0x25128337, 0x061c30fc, 0x1383391c, 0x073b4782, 0xbf1d231f, 0x156d9cf9, 
    0xfba40a54, 0x1c1dad64, 0xbffb0006, 0x07798dfb, 0x820e0a9b, 0x1c2c2459, 0x8361e905, 0x1cab2434, 0x835bc905, 0x21088233, 0x8e8476a9, 0xbdfc7e23, 
    0x37a18485, 0xd9051ca1, 0x7cbf1d2c, 0xf7bf0e1d, 0x08f81d5e, 0x63f7caf7, 0x4af7cafb, 0x4a394882, 0x63fbcafb, 0xf706caf7, 0xb20ffeb9, 0x051cbf1d, 
    0x1c0a228b, 0xf81c56fb, 0xd94d1800, 0x94f82f08, 0xfe0613fa, 0xb29bfe19, 0x56faa71d, 0x3f82156d, 0xbef7a22a, 0x86f885f8, 0xb9f7a6fb, 0x08b46418, 
    0xf7791f2f, 0x26f706f6, 0x0ff7b6f2, 0x8787a9a9, 0xf65318a3, 0xfb65280c, 0x1fcafb11, 0x8497f91c, 0xf7072f55, 0xf7480a50, 0x95fb1593, 0x70f724fb, 
    0x6718d7f7, 0x1f2117d9, 0x24b3820e, 0x81fa66f8, 0x24bc8320, 0xfa1c32f8, 0x080984ee, 0xfe0cfa40, 0xfb1d2391, 0x0e1d5103, 0x051c01fb, 0xfb0a228d, 
    0x57fb0663, 0x970592fc, 0x4e915154, 0xc7fb1d9c, 0x8cfb0bf7, 0x18fb65f7, 0xfd8cfb1f, 0x66f7051e, 0xf86ef706, 0xcb7905d0, 0x1bd682d0, 0x7518fff7, 
    0x641807e4, 0x78080bd5, 0x96916461, 0x04f81f66, 0x5db85bfa, 0x4d9951a8, 0x06b7f719, 0x2552f777, 0x30fb2bf7, 0xa6fb08e3, 0xfb1540fb, 0x0549fefe, 
    0xf75cea37, 0x1a49f724, 0xa5a60a8e, 0x1ea38689, 0x051cb30e, 0x15a4fac9, 0xf70766f7, 0xf7bddf2e, 0x86a8ab11, 0xf71ea487, 0x5f990776, 0x1b578d55, 
    0x29fb46fb, 0x472efb38, 0xfb23cf1f, 0x2afbb118, 0xfb45fc1b, 0xfcdafbac, 0xf763fc69, 0xf8ddfba2, 0x088e9552, 0xfb91fb4c, 0xf767f737, 0xf70a8ee3, 
    0x1f0ab852, 0xf900fb0e, 0xf7156ce7, 0xf78af7f9, 0x1fa3f74e, 0xfb8a65f7, 0xfb1ff722, 0x74fb1b9f, 0xfb2655fb, 0x1f36fb19, 0xd781cf77, 0xddf71adf, 
    0x63f73bf7, 0x53f78df7, 0xf71e0ab8, 0x0a7ff7b7, 0x708444fc, 0xfb634708, 0x2bfbaf40, 0x1f10fbce, 0x3648333c, 0x5cf74652, 0xb91832fb, 0xccd1c4c4, 
    0xf72c08d2, 0x552df709, 0xfb1b47f7, 0x15edf791, 0x23f714f7, 0xf7ef30f7, 0xd8c81b1a, 0x1f8a3663, 0xfb8a07fb, 0x4dfb3817, 0xac35271b, 0x8b8248c9, 
    0x1df5032c, 0x1d5103fb, 0x061c15fb, 0x0a8422ec, 0x1c5cf725, 0x8428d706, 0x1c86240a, 0x84200c07, 0x67fb2509, 0x268e081c, 0xfa240a82, 0xf7157035, 
    0x09016318, 0xfc0abf22, 0x0dd96218, 0x1c5dfb24, 0x48851707, 0x58830e20, 0x56bf0e30, 0x6bbf0e0a, 0x7b061c0a, 0x63f761f7, 0xab4261fb, 0x33fc3c05, 
    0x33f863fb, 0x0a6608fc, 0x061ca70e, 0x15d4fc8f, 0x968dc7cb, 0x1db2f7b3, 0x188d081c, 0x36078559, 0xfc9d0a54, 0x1e0ab410, 0xb5f9d9fd, 0xf9c70aa3, 
    0xf7156d9c, 0x1801f7ad, 0x080af462, 0x066b0623, 0x08f733f7, 0xa209f7a3, 0xa5838bae, 0x0788f71e, 0x91496496, 0x7dfb1b51, 0x10fb70fb, 0xfb1fccfb, 
    0x055f43f8, 0xeaf72108, 0x8dfb0a22, 0x94fc14fa, 0x1d480779, 0x060a5af7, 0xfb1cbafb, 0x1d791500, 0x0e1e0aa8, 0x9ef9cdf7, 0xac225c82, 0x5c8402f7, 
    0xfb9a5008, 0xdbfb06ab, 0x38f7c9fb, 0x65f751fb, 0xfb0558f7, 0x18f7ca1a, 0x1b79f727, 0x36f7a8f7, 0x6df725f7, 0x41fb73f7, 0x94fb29f7, 0x7a834f50, 
    0x071c1f51, 0x1d25f77b, 0xe9fb49f9, 0xc8b0c515, 0x0883cba0, 0x51bd82e5, 0x4e381a3d, 0x3a2f324e, 0x8212f7cb, 0x56903161, 0x1c07fa0a, 0x1d647905, 
    0x6b0a56bf, 0x200c071c, 0x9b220883, 0x078487fd, 0xfc79f824, 0x10832372, 0xfe8afb25, 0x820a3015, 0x72f72c22, 0x1d28acfd, 0xf72d051c, 0x820e1d00, 
    0x061c3206, 0x69f71673, 0xfab5f90a, 0x6ef705a8, 0xf8d8fa1c, 0x09274194, 0x83fba436, 0x041cb8f7, 0x7d46fafc, 0xfed4fd06, 0xbdfd05b5, 0x0aa8159f, 
    0x07187418, 0x40831f20, 0x54084782, 0x1cb9041c, 0x1d268e07, 0x6b39061c, 0xfd041c0a, 0xfd0647fa, 0xfb1de2c9, 0xf730fb03, 0xf71dfb68, 0x05b9f767, 
    0xf806c5f7, 0xf732f740, 0x8c58f7a6, 0x8a5cf71f, 0x20f73afb, 0xfb1b59fb, 0xfb3bfb7c, 0xfbf9fb56, 0x48fb1f95, 0xfac5f906, 0x64f705c1, 0xf8d3fa1c, 
    0x08f98294, 0x9e061c34, 0x56f715ad, 0xebd91df7, 0xc6c71bf5, 0x1f8c496a, 0x2c288a2b, 0x0e1b64fb, 0x051c90fa, 0x041c16ee, 0x0743f9fe, 0x31fd8ffc, 
    0xf77bfb05, 0xa9f70758, 0x4f8236f7, 0xfb673b08, 0xfb2ffb60, 0xfb8bfb3a, 0xf729fb71, 0x6822f704, 0x06b4fb1f, 0xf7cc09fc, 0xf70bfbc2, 0x2ff81bdd, 
    0x75f7acf7, 0xe3f70df8, 0x84f767fb, 0x1fad1afc, 0x6df9c1f8, 0x0560f788, 0xfe84b8fe, 0x067b723d, 0x00fb56e6, 0x9cfb2bf7, 0xfb05fc1b, 0xfcb9fba7, 
    0xf786fc86, 0xf8bdfba3, 0x829af707, 0x2b2d0851, 0xa21fc0e8, 0xfd066afb, 0x1594f9b4, 0x1cf7c8f7, 0xa7f776f7, 0x16f7a1f7, 0xcefb70fb, 0x17fbcffb, 
    0xa0fb78fb, 0x1ffba4fb, 0xcbf77cf7, 0x1ca8421e, 0xfc32f929, 0x531d9a44, 0x820e0a26, 0x48fd2603, 0x0a20fff9, 0x0ab14457, 0x9905943e, 0x4f915051, 
    0xfb40fc1b, 0xfcdafbae, 0xf7ccfb6c, 0xf786fb0b, 0x1f15fb65, 0x1ffd8cfb, 0x3106b844, 0xd07905d1, 0x1bdb81d5, 0x81f7e3f7, 0x8ef739f7, 0x51181fcf, 
    0x54080c5b, 0x97915d5b, 0x3df71f61, 0xf90550f8, 0xf706f503, 0xf71bfbf6, 0xf750fb6c, 0x3bfc1e03, 0xfb15c7fc, 0x6ef706ed, 0xf732f797, 0x1b87f751, 
    0x8688a7a9, 0x82fb1fa6, 0xfb1503fd, 0x3deefb18, 0x09f75cda, 0x192af787, 0xabf835f9, 0xb842db15, 0xfb8c01fb, 0x88fb0815, 0x25af8306, 0xdbf997fc, 
    0xb8821d2b, 0xf99efc24, 0x088322db, 0xf955fb24, 0x088328c6, 0x041cd724, 0x1184237a, 0x041c5e25, 0x830a2b82, 0xf9223e24, 0x531d20fb, 0xd5fc29fa, 
    0x0a21f715, 0xf7dbe2f2, 0xf71fd301, 0x2df7c270, 0xf7bf22f7, 0x18b38255, 0x36228f67, 0xfb76f742, 0x550cf8bc, 0x6832321e, 0xac289124, 0x1c7afc0a, 
    0x8615c705, 0x0aaf21c1, 0xf0249784, 0x26e9041c, 0xfd247d83, 0x32dbf972, 0xfd287c83, 0x390bfade, 0x1df2531d, 0xfd241f83, 0xba18faf7, 0xfa22a584, 
    0x1d83a6f3, 0x1c55fb24, 0xb78443fa, 0x1c08fd25, 0x832c71fa, 0x89fb2028, 0x1c2323b8, 0xb98268fa, 0xfb0a2626, 0x37e2f9a9, 0x50224e84, 0x7a18c8f9, 
    0x53273274, 0x28fe0a26, 0x8459c6f9, 0x1cb52473, 0x84588804, 0x1ca02409, 0x844d7604, 0xfac02309, 0x98834ce2, 0xf955fb29, 0x1c0a50c6, 0x42612af6, 
    0x6b41071b, 0x05244208, 0xa0874982, 0x0a943708, 0x19f72efd, 0x33fd0e0a, 0x0e1d35f7, 0xfad064fd, 0x4bf71575, 0xb7fe05cd, 0x041cc0f7, 0x9bf70790, 
    0xa4f705eb, 0x2c9bfb07, 0x077df705, 0x12fc1dc2, 0x494bfb07, 0x35840e05, 0xf8a1f725, 0x841d20cf, 0xfdfb353a, 0x1d2071fa, 0x041c61f9, 0xfb0ad5d4, 
    0xfb0a2ac4, 0xf71ef7df, 0x46200682, 0x10d55b18, 0xa70e2208, 0xbf0e0a43, 0x65f7e3f9, 0x07f48a0a, 0xb6f226f7, 0x9faa0ef7, 0x1eae8787, 0x960785f7, 
    0x4a8d5360, 0x0833821b, 0x13fb5f3e, 0xfb1fc8fb, 0x3ffb8c4b, 0xa70e0ac3, 0x7af7e1f9, 0xf75af90a, 0xfb63f7cd, 0xfb21f9cd, 0xcf8dfbb9, 0xf77af70a, 
    0xfb3afb1d, 0xfb1fa791, 0xf763fbc5, 0x93fb06c6, 0xfb1efb6e, 0x1b79fb2a, 0xf7266483, 0xa9051c77, 0x6e821d28, 0x1c6ef726, 0x0a2bf906, 0xa1240982, 
    0x20de051c, 0x20081283, 0x051c15fb, 0xb6f715c0, 0x3cf78d06, 0xa814f705, 0x1ef0c5f0, 0x0af743fb, 0x203f2a05, 0x4afb45fb, 0x2541831a, 0x071c4cfb, 
    0x2e832660, 0x051c2624, 0x088322be, 0x1c85f836, 0x1d23f106, 0x0e1d457c, 0x0a13f77c, 0xbbfb8ef9, 0xca00f81c, 0x3a081753, 0x7c0e06b3, 0xcd7e0add, 
    0xf7cefe1d, 0x1bcc0a51, 0x1ddb8af7, 0x25f7f2fa, 0x8520f80a, 0x33f727bc, 0x33fbbbfb, 0xb082cbfb, 0xf91ccb33, 0x06bff76e, 0x0a886f0e, 0xbff741fe, 
    0x36f765fa, 0x340b831d, 0x26fb07ce, 0x0dfb6027, 0x8f8f6d6c, 0x85fb1e73, 0xc4b48007, 0x2d4a8889, 0x70fa1d36, 0x24fa1d43, 0xf789f706, 0x6e18f72f, 
    0x35080b60, 0xfc07e4fb, 0xfb77f740, 0xf8d5f761, 0xf8bdf75c, 0x1e4efa33, 0xc0fb57f7, 0xfd0757fb, 0xfb54fbb4, 0xfb89fbcd, 0xce2afb07, 0xf81ecaf7, 
    0x13f80708, 0x58f766fb, 0x7f18d0fb, 0xbe820dc4, 0xab041c25, 0x821504f9, 0x2f2e082b, 0x69fb20fb, 0x0ffb62fb, 0x75f717f7, 0xfb41fa1e, 0x0765febf, 
    0x66f713fc, 0xd0f758fb, 0x24f783f7, 0xd33af7f3, 0x8efd9e1e, 0x081cbbf7, 0xc982fb00, 0xf758f726, 0xcefd1d6a, 0x40200f83, 0x24212d82, 0x20458206, 
    0x24458230, 0xfb64fb68, 0x2445840d, 0xf707a2f8, 0x2b3f82c1, 0x4b8bfb1a, 0x61808952, 0x84f70e1e, 0x23083382, 0xfb061bfc, 0xfb55f7c1, 0xcc8bf71a, 
    0xb6968dc3, 0x0785f71e, 0x876b7387, 0x0efb1b6d, 0x26f7b626, 0x8d061c1f, 0x07205083, 0x7c2b50a2, 0x457c0add, 0x081cc31d, 0x821d28b8, 0xf7fb2508, 
    0x266f0a1c, 0x29240984, 0x20ed081c, 0xf7230983, 0x84a6fced, 0x4ffc2508, 0x20f1081c, 0xf8252f83, 0xf711fbb0, 0x231c8377, 0x91fbc7f9, 0x2b05e141, 
    0x5df785fe, 0x0e1d4916, 0x0a3b85fe, 0xfb250484, 0x2085f723, 0x230e830a, 0x5661f9a7, 0x08ba8418, 0xfe29fc23, 0x2916823d, 0x168df728, 0x2afb1d4a, 
    0x21831d5c, 0xf71c3d2b, 0xf80a4ef7, 0xf0081c42, 0x20108820, 0x2609822c, 0xf71d8df7, 0x85b1fa2b, 0xf7ae2314, 0x1d842b61, 0x61f7a723, 0x22088422, 
    0x8447f8f7, 0x06f92461, 0x852394f8, 0x3bef2111, 0xf7350782, 0x15e3fcc9, 0x1c1d34f7, 0xfb071afa, 0xfb532625, 0x0ffb9315, 0x229782ac, 0x94c3f77d, 
    0x1cb62319, 0x64853c09, 0x03f95423, 0x24498426, 0x61f74cfb, 0x245d8432, 0x91f7b8fb, 0x24138439, 0x68f7a5f7, 0x84138237, 0x1c8c23ea, 0x338501f7, 
    0x822cf722, 0xa2201482, 0x85225f82, 0x28823ef7, 0x1d43f725, 0x82522bfb, 0x410d8512, 0x12410817, 0xc8fb3105, 0x1d911afa, 0xfa1c7cfe, 0x1d491500, 
    0x42164ef9, 0x9a3e3883, 0xf7fcfc0a, 0x25f71d4c, 0x3b1588f8, 0x24643707, 0x4f3b03fb, 0x1e8cd9c0, 0xe4c2cddc, 0x1c850e1e, 0x091cbd2a, 0xfb0a3333, 
    0xc1f81c2c, 0xfe252493, 0xc10aa285, 0x218a8447, 0xc785f9fb, 0x0d829a20, 0x0a9a4608, 0x07facdfb, 0x3efd1d91, 0xfb1594f8, 0x00f81cbf, 0xf806bff7, 
    0xed061ca7, 0x23fb1d20, 0xfb0e0a60, 0x8f041c3c, 0x06edf716, 0x04fa1efd, 0x24f9e8f8, 0x0602fc05, 0x15fdd0fc, 0x7ef97705, 0xee26f706, 0xa90ef7b6, 
    0x084b4caa, 0x4d8d4f3a, 0xfb80fb1b, 0xfb13fb62, 0xf91c1fc8, 0xf8bff797, 0x40f70771, 0x0e054ff7, 0xf7264e83, 0x60f51ceb, 0x0a830a30, 0x84835420, 
    0xa7230883, 0x842261f7, 0xf1f8246b, 0x85eef51c, 0xccfa2576, 0x2303f71c, 0x2a081582, 0x2a56051c, 0xfcbffb0a, 0x28fb06b5, 0x9ffc28fb, 0xfc0549f9, 
    0x2cf90603, 0x02fd01fe, 0xf70527fd, 0xf8f806fa, 0xa5051ef9, 0x8276fb1c, 0xfe0e24b8, 0x820a4985, 0xf9260804, 0x12051c5a, 0x4066fb15, 0xfbcdf905, 
    0x0738febf, 0x054067fb, 0xf70758fb, 0xfe05d667, 0xfabff72c, 0x66f70797, 0x298205d6, 0x2288f822, 0xfe215e82, 0x05624d0a, 0x824ffe21, 0x4d4f201b, 
    0x0625057a, 0xf8d0fd0e, 0x2e1d83e6, 0x8d06ccfd, 0x798d7a7b, 0x960a49f7, 0x8284fe1e, 0x07013222, 0x8a9c9b89, 0x0a4bf79d, 0x8d8c8080, 0xfe0e1f80, 
    0x3c48851c, 0xd873f71c, 0x8dc4cc1d, 0xf71eb496, 0xfc0e1dbb, 0xd1041c57, 0xf715b6f9, 0xfabdfb86, 0x08c68280, 0x96079141, 0x56915b60, 0xfbaafb1b, 
    0xfb3efb31, 0xf777fb68, 0xf725fb47, 0x2ef71f8a, 0xbff7b6fd, 0xfb06b6f9, 0x15f6f7bf, 0x1efb04fb, 0xc94e2e07, 0xd51f8cd3, 0xdcccc98a, 0x44baf11b, 
    0xfd0e1f31, 0x8380f834, 0x1c4f0890, 0x7906edf7, 0x7a7d7a7d, 0xfbaffb7c, 0x40f718a8, 0x64f74cfb, 0xfb055ff7, 0x28f7d02c, 0x1b63f722, 0x36f796f7, 
    0x6bf73af7, 0x3afb6df7, 0x79fb2ff7, 0x757f484e, 0x8cfb1f48, 0xbebca604, 0xe81bc79b, 0x8c3b53c7, 0x528a391f, 0x291b374c, 0x82e8d341, 0xf8703859, 
    0x1dd1f78b, 0x53fad0f7, 0x0e0a4215, 0x0a4985fe, 0x081ca7fb, 0x831d22cd, 0x30fc2f0a, 0x0a3034fd, 0x0a49a5fd, 0x061c50f7, 0x1484645a, 0x692afb23, 
    0x2c1c830a, 0x0a1cd7f7, 0xfc0a2e00, 0xc0f41c6d, 0x24198420, 0x91fbd9f7, 0x24098423, 0x28cbfcc3, 0x05cc651d, 0xf9383808, 0x12051c61, 0x4163fb15, 
    0xfbccf905, 0x0737febf, 0x053f6afb, 0xf70758fb, 0xfc05d76a, 0xf81d6dc7, 0x63f707f4, 0xfe0e05d5, 0x225df742, 0xfb05fe0a, 0xf763fbc9, 0x82eefcc9, 
    0xe6b02519, 0x0705fa1d, 0xfd2e1986, 0x7b8e07c6, 0xf77a8c7a, 0x1e950a49, 0x1e8224fd, 0x89076332, 0x9e8a9c9b, 0x7f0a4bf7, 0x808d8c80, 0x0746fa1f, 
    0x2c0b7941, 0xfb80fabb, 0x0792fcbf, 0x915b5f97, 0x12794155, 0x50fc302b, 0xf787fb06, 0xf716fb11, 0x6c801897, 0x12f82a19, 0xf7c1fb07, 0x1efb1586, 
    0x12984106, 0x60f77032, 0xf91c0a22, 0x1c1d6d66, 0xf7075c06, 0x20d5fed0, 0xfb24f784, 0x2261f7a7, 0xdc2e0985, 0x3060f51c, 0x45a5fd0a, 0xfc50f70a, 
    0x1484643a, 0xf51c4923, 0x272885ee, 0x94f8d7f7, 0x19fc0a2e, 0x28054441, 0xf80a4542, 0x03f71c2d, 0x2f258423, 0xf51c20f7, 0xfe1d28c9, 0x0e0a294b, 
    0x1d699ef9, 0xf7320482, 0xfb1c1d55, 0x0a51f789, 0x8bf71bcb, 0x041c1ddb, 0x81180793, 0x40822adf, 0xef081c2b, 0x0acd0a2a, 0xb3f78efb, 0x2b0e8306, 
    0xd4fcd007, 0x1cb3f715, 0x0acd4008, 0x69231083, 0x832cfa1d, 0x256f83ba, 0x81f7a8fa, 0x09851d20, 0x82f71c21, 0x3f6f23b0, 0x03820e0a, 0x061cb42f, 
    0x7e1d2cba, 0xcefe0a88, 0xf7c1fb07, 0x0d754657, 0x87776823, 0x5856186c, 0xfa920807, 0x0e1db8f2, 0xd588f878, 0x71f80e0a, 0x7cfd0a88, 0x7d7e7e07, 
    0xfb7c7e7e, 0x18bbfbae, 0x3bfb40f7, 0x57f74bf7, 0xc62cfb05, 0x01fb20f7, 0xf71b70f7, 0xf73df7a1, 0x1f75f730, 0xfb8a77f7, 0xfb2cf741, 0x4d4c1b7a, 
    0x1f4d7c85, 0x1db8f6f8, 0x15a16bfa, 0xbea407ed, 0x1bbe98c0, 0x3157cce9, 0x344d5134, 0xe1d03d30, 0xf8a00e1f, 0x0a0ef7b9, 0x0676f91c, 0x5c3425fb, 
    0x6b6810fb, 0x1e71918f, 0x058dfb82, 0x8bc6ba7e, 0x97f71bc3, 0x2ff753f7, 0x0e1fb5f7, 0xc184366f, 0x1c6ef726, 0x1d22cd06, 0xdb24cb82, 0x0a3034fd, 
    0xf7250782, 0x6f081c1c, 0x21118326, 0x1b8275f7, 0x09842b20, 0x061cea24, 0x098420ed, 0x8369e921, 0xc4f92424, 0x832391fb, 0xb7f8320f, 0x1d28cbfc, 
    0x0a3f35f9, 0xa967051c, 0x1d257d1d, 0x2603820e, 0x061cbbfb, 0x830a2015, 0x1cc22b09, 0x1d2cde05, 0x0e1df17d, 0x1b855891, 0x051c0924, 0x29832bf1, 
    0x8210fb21, 0x83222009, 0x60f72509, 0x28dc051c, 0xf8250983, 0x24071c6e, 0x24138423, 0x2c071c57, 0x2443832b, 0xcf051ccb, 0x284c845a, 0x93071c63, 
    0xf77d1d26, 0x82498201, 0x212c8904, 0x4a82e4fb, 0x23833220, 0x1c50fc25, 0x86392106, 0x2409214a, 0x8207de52, 0xc4f73a8a, 0x8764071c, 0xfb2ffb0a, 
    0x5cf71f5c, 0x8cdb0582, 0x94d0cbc4, 0x13f8721d, 0x249884e0, 0x11061c8a, 0x24388420, 0x1f091c70, 0x25bd8862, 0x0ff80a4e, 0xa785a1f8, 0x2d254286, 
    0xf71f5efb, 0x8242825d, 0x1e250841, 0x73fe1d94, 0x35159bf7, 0x02f740ca, 0xd3c900f7, 0xd249e4e4, 0x44482123, 0x07f91e32, 0xcb331587, 0xcdf6f647, 
    0x211483cf, 0x5d83ec20, 0x1c6afc25, 0x84ba2e06, 0x1c6e2467, 0x83a60907, 0xfd8a2267, 0x25798482, 0x051c0df7, 0xc68437f8, 0x051c9a24, 0x098359dc, 
    0x1c00f725, 0x84583207, 0x1c152409, 0x834d2007, 0x1ced2409, 0x414cf806, 0x502a0838, 0xf61c8c0a, 0x911d202a, 0x52411d58, 0x41098306, 0x09820566, 
    0x09825486, 0x8c41fb20, 0x85098205, 0x1df12570, 0x81f8dffb, 0x0e28d984, 0x291d257d, 0x39da051c, 0x71246884, 0x34d4071c, 0xfb255f83, 0x5e071c56, 
    0x20098330, 0x20128236, 0x24bf8431, 0x5d071c5a, 0x2026832c, 0x201282b4, 0x24258436, 0xe3051c1b, 0x2412832d, 0xe4051c78, 0x0dd07615, 0x1da27d22, 
    0x18420283, 0xfa9f080c, 0x6ce6f9bd, 0xf789f715, 0x42f7f15a, 0xfb1f10f7, 0xf712f743, 0x96f7265d, 0x1d5af71b, 0x57fb86fb, 0xfb44fb23, 0x45f71e10, 
    0x5afb11fb, 0x1b8bfbf2, 0xf78c1d97, 0xf90ab98f, 0xf63ef963, 0x051c0e0a, 0x1c0ac2f7, 0xb5fca004, 0xfb1c1da8, 0xb9b0f961, 0x84a70e0a, 0xf7930e1d, 
    0x15d4fc60, 0xc3f9bff7, 0x50f7069d, 0xa2ebf30a, 0xf71fdfb8, 0xf739fb24, 0xfb21f730, 0x052ef71b, 0x1df70df7, 0xf75ff7d3, 0x1dd61a95, 0x8df7721e, 
    0xf906b8fb, 0x1555fee9, 0x21fb2ffb, 0x44fb2ef7, 0x565d7505, 0x531b5080, 0x2e0818f2, 0x16fb6c25, 0x0e1f2b4e, 0x2a81f8a7, 0xbed3eb0a, 0x1e8a19f7, 
    0x8585b1ac, 0x78f71fa4, 0x4e6f9307, 0xfb1b4093, 0xfb2bfbaa, 0x1f8ffb13, 0x84c0f71c, 0x9607298a, 0x8c06721d, 0x1db29bfc, 0xf724a382, 0x2261fac6, 
    0xf8240883, 0x2081fa41, 0x0e240883, 0xd6041ca7, 0x1c38b684, 0xb8fb4008, 0x06728dfb, 0x0a541d48, 0x20fc069d, 0xf70aa37d, 0x01061c34, 0x1b821d82, 
    0x6f9e0720, 0x07203982, 0xfd2b3984, 0x1c9006c3, 0x79154005, 0x189ffb1d, 0x2a082375, 0xd5fb0a7b, 0x19f70e1e, 0x828f061c, 0xc8ca2c4e, 0x1fb3968d, 
    0x870785f7, 0x18876d72, 0x2208fd5a, 0x848d061c, 0x52468580, 0x29080a9f, 0x071ca8f8, 0xfb0a2290, 0x75cafbb9, 0x2762f706, 0x18f76efb, 0xfc1babfb, 
    0xfcf9fb90, 0xfcf0fc4e, 0xfcf9f7fe, 0xf790f84f, 0x1882f7a8, 0xf26cf72a, 0x5efc9b1f, 0xc7cb0ab4, 0x7f4b6482, 0x836c2005, 0x0f300864, 0x26f7b629, 
    0xf807fe1f, 0xeffb151f, 0xb9f781fb, 0x5bf874f8, 0xd2f778f7, 0x20f8fbf7, 0xe6fb50f7, 0x4ffc47fc, 0xdefb3ffb, 0x0e1f34fc, 0x0a4108fd, 0xf72c0482, 
    0x5df70a33, 0x25f72ff7, 0xd1c968f7, 0x10a36218, 0x1c0aad27, 0x1dd873f9, 0x2728821e, 0x0ff91d43, 0x06eb1de6, 0xfd222d9c, 0x5483b54a, 0x05fa5208, 
    0xbffb0a2a, 0xfb063efe, 0xfb2ffb5d, 0x4d68fb25, 0x73929645, 0x07b2fb1e, 0x88c6a987, 0x48f71bb1, 0xf7f12ef7, 0x9b1fc339, 0xb5f788fb, 0xb6fc0e06, 
    0xecfc9cfa, 0x90c7c515, 0xf71fb997, 0x7184076c, 0x1b718a69, 0xd23f2cfb, 0xf71f22f7, 0x061c8a36, 0x204e8300, 0x2a4ea007, 0xfb0631fc, 0xfb55f7c2, 
    0x828bf715, 0xae5608b3, 0xd3fc62f9, 0xa4061c15, 0xfbc9f707, 0xfb0ef774, 0x834c5381, 0xfb1e5f7f, 0xa48f077d, 0x1ba68fac, 0x0df70ff7, 0x1f2dfb5e, 
    0x0768f91c, 0xf8a3fd0e, 0xedfa1681, 0xf72df707, 0x11f7b80c, 0x8787a9a7, 0x7df71ea6, 0x4b5f9707, 0xfb1b5293, 0xfb73fb81, 0x1fc9fb0e, 0x2a82f9fe, 
    0x6af70834, 0xea051c0a, 0x0e1d67f7, 0x0a4108fd, 0x61f7a4f7, 0x09831d22, 0x1c05fb26, 0x0a3060f7, 0x52231484, 0x842603f9, 0xf7c82314, 0x12843261, 
    0x91f75c23, 0x22118439, 0x845220f8, 0x28f72210, 0x2b078482, 0x94f8faf9, 0x66fd0a2e, 0x20c0f61c, 0xf9312084, 0x03f91c03, 0xfb49fe15, 0x0649fa66, 
    0x42e6fc0e, 0x2904821d, 0xf70a33f7, 0xf72ff75c, 0x6418f725, 0x25201497, 0x08f76218, 0x2106b441, 0xb441e6fc, 0x25369a08, 0x4afd0aad, 0x5e830ab5, 
    0x6520d385, 0x42236a83, 0x83a5f71d, 0x867983d3, 0x210a83d3, 0xd38353f7, 0xc9200983, 0x0883d383, 0x0883d384, 0x5221f823, 0x8223840a, 0x210783d3, 
    0xd384fbf9, 0xd3846720, 0xd38c1084, 0x5dfb5008, 0xfb0e1d3e, 0xf819f75d, 0x57fc151e, 0xf7a7fb07, 0xf72efb48, 0x8fc2be8c, 0xf71eb797, 0x7283077a, 
    0x1b718b67, 0x0bfb15fb, 0x1f2ff7b6, 0xef5407f2, 0xf76e14f7, 0x07f81b2a, 0x59f795f7, 0x6df7aaf7, 0x1af71efb, 0x1fccaefb, 0xa3f71d75, 0x18f705bb, 
    0x30355380, 0xb35cfb0e, 0xaa3a9a1d, 0x1950b844, 0x35fc84f7, 0x08928205, 0x0cf70826, 0x5cf721fb, 0xf716f71b, 0xd2cddf0b, 0x49f7231f, 0x3f595f05, 
    0x391b3652, 0x9ef7c458, 0x861f2afb, 0xb988b7b5, 0xd2828a94, 0xfc1d3e25, 0x6008f942, 0xec830cd5, 0xf8262308, 0xfb1d28f3, 0xb81db35d, 0x51f78afb, 
    0xb6f728fb, 0xfb691970, 0x7d27f737, 0x328a6ecb, 0x2c8a3219, 0x8b18fb65, 0x942017ec, 0xd128df82, 0xf768f7ab, 0x1a90f74e, 0x1e22f988, 0x6e851d75, 
    0xaafa9423, 0x825a8226, 0x1cd32578, 0x0a3007f9, 0xfb246e83, 0x2028f9c6, 0xfb241484, 0x95f91ccd, 0x29080a85, 0xedf86cfc, 0x0699f715, 0x32f814f8, 
    0x0609fc05, 0xaef7aefb, 0x45cd2e15, 0x04f701f7, 0xe5e8d1cd, 0x08fbd64d, 0x434800fb, 0x58851e2e, 0x8efa9124, 0x4e8800f7, 0x840a3325, 0x8501f71c, 
    0x081f8249, 0x1c31f79e, 0xf7158904, 0xf2055ba3, 0xf7f2e2ad, 0x3ef71b4e, 0xfb3713f7, 0x5243230a, 0x1f633dfb, 0xfb5389fb, 0x1dfb4aae, 0xfb8a1afb, 
    0xaafb196d, 0xfb95f78c, 0x1b06f859, 0x76f7eef7, 0xa4f72df7, 0xb5fb1fbd, 0x2bfb05b7, 0x3e07fb67, 0xfb1b47fb, 0xe813fb58, 0xd0eb0bf7, 0xac28f7cd, 
    0xc497f71f, 0xf7cbb5f7, 0x8a25f718, 0xf7196ef7, 0x8afb8ca4, 0xeffb4bf7, 0xfbe0fb1b, 0xfb30fb4f, 0x0e1f4d83, 0x1675f7c4, 0x051cbff7, 0x4ef706da, 
    0x12f721f7, 0x61f759f7, 0x1efb12f7, 0xfb1e46fb, 0x07fb8a3d, 0x4b2c2682, 0xfb0cfb1b, 0x0640f798, 0x24f77af7, 0x92088982, 0xfb1f8c56, 0xfb17fb4e, 
    0x1e61fb16, 0x9afb6ffb, 0xf80683f7, 0xf78bf705, 0x8ce4f778, 0xfbb2f71f, 0xfb57f747, 0xa01ea29a, 0xc951f707, 0x36f711f7, 0xf71a76f7, 0xf7adfbe8, 
    0xfcfcfb59, 0xfb93fb0a, 0x1eeefb68, 0x9cf8e30e, 0x15ae051c, 0xf6f28ff7, 0x34f746f7, 0xfb350ff7, 0x6cfb1e43, 0xfb754dfb, 0xf8f6fb72, 0x9cfb6963, 
    0xfb18fb1a, 0x41fb4003, 0xc03233fb, 0x281e50ac, 0x560589fb, 0x5b35f7db, 0xf71b44f7, 0xf767f7f9, 0x1faaf740, 0x5bfc29f8, 0x8276f7b8, 0x41280840, 
    0x1a9bf7c2, 0xacfbe7f7, 0xbafb35f7, 0x84fbe4fb, 0x30fc66fb, 0x52fa1c1e, 0x0e07bbf7, 0xc4f71efd, 0x1570071c, 0x0715fa1c, 0x13566618, 0x0a4ff725, 
    0x82ad051c, 0x2b200827, 0xfd0e1d4d, 0xfe1d7422, 0xfb8a061f, 0xfb49f796, 0x7b6af71a, 0x070efb08, 0x00fb31fb, 0x6a0dfb5f, 0x2905a252, 0xb77e0777, 
    0x1bc18ac0, 0xbc8288f7, 0x87833020, 0xfb073335, 0x89057210, 0x7b8a7c7e, 0xab342a1b, 0xf91f41f7, 0x82cff7e1, 0x741e2551, 0x31fa1c1d, 0xab2b4d82, 
    0x1bfb69f7, 0xea8f80f7, 0x189ccb8d, 0x2108cc66, 0x2d845b83, 0x1c1f4024, 0x2e839205, 0xf8c4fb23, 0x08a88321, 0xfb04fc2b, 0xf784fb75, 0x07a9fd75, 
    0x25243c2c, 0x13fb0cfb, 0x4afb38f7, 0xccd8d318, 0x08c3c6cc, 0xf7cd29fb, 0x65f72923, 0xf7b4f71b, 0x08828228, 0x63f76834, 0x30f723fb, 0x4b4897fb, 
    0x1f4b7580, 0xcff7f4f8, 0xcffb84f7, 0x1c0704f8, 0xb30438fa, 0xb59dc0cc, 0xb30cf71b, 0x462b424c, 0x422a3a5a, 0x0e1fe1d0, 0xe58220f9, 0x97820120, 
    0xf7b94008, 0xf727fb46, 0x30f78d91, 0xc31ef78c, 0x08dd0bf7, 0xf70af72b, 0x4af7542d, 0xf7eff71b, 0xf75bf791, 0xfb5cf7a3, 0xfb27f71d, 0xfb6efb97, 
    0x36fb294c, 0x741f4bfb, 0xe6dc7fd1, 0xf70a8e1a, 0x8207f753, 0x2426089c, 0xb8f71eab, 0xfc0a7ff7, 0xfbacfb45, 0xfb69fcda, 0x2bfbaf3d, 0x1f0ffbce, 
    0x6b3f3c53, 0x40371b47, 0x1f24f7bb, 0xe182fef9, 0xfe4df824, 0xb382156e, 0xf7202708, 0x28f7db16, 0x63b4f41b, 0xfb18fb44, 0x36fb4220, 0xc5a93225, 
    0xfd0e1f44, 0x1615f72b, 0x04fccff7, 0x04f8bff7, 0xc68275f7, 0xfa752808, 0xf78c061f, 0xf769fbab, 0x8680fb1b, 0x794b8a2c, 0xfbc17e68, 0x9f8f188b, 
    0x1bbb94b0, 0xfb6be2ec, 0xe1fd1f41, 0x8207cffb, 0xf9da343b, 0x75f715c5, 0x79f740fc, 0xf702f81d, 0xfb52f7cf, 0x41b5f7cf, 0xfb21070c, 0x075641bf, 
    0xfbb5fb23, 0x412e8375, 0x6e2a06e8, 0x16fb16f7, 0x645f3df7, 0x97694ffb, 0xc3962f05, 0x99bd90d3, 0x551996a8, 0xf7058bf7, 0xcb410a4f, 0x4d093306, 
    0xf824fb1d, 0xfd1d6442, 0xfc1d4d2b, 0x50f81ce7, 0x0a840a30, 0x7ff96323, 0x24148420, 0xf81ce1fb, 0x250a85de, 0xf91c22f7, 0x158523f3, 0xf81c1324, 
    0x0a8428b9, 0xf988fd29, 0x670a2083, 0x820e0a28, 0x08fd2303, 0x0c8485f7, 0x5c10fd3c, 0x5e10f71d, 0xe5df0e0a, 0x061cd60a, 0x1571faf9, 0xb7f894fb, 
    0xb7fcc0fb, 0x078236fd, 0xfcbf3408, 0xfb94fbb7, 0xfb94f761, 0x11fc0675, 0x5afb65f7, 0x7bf7bbf7, 0x0ef731f7, 0x1ed238f7, 0xf79efb9b, 0xf7a4f9ba, 
    0xc0fc0694, 0xf71527fb, 0x51f71daa, 0x830736f9, 0x57fc2561, 0x1d2b61f7, 0xfc246a82, 0x2261f75e, 0xfb220883, 0x7e834715, 0xf820f724, 0x0f842394, 
    0x843b1e21, 0xf7e22306, 0x08845b3e, 0x3ff7a23b, 0xf7670a5a, 0x80fb0a09, 0x2529fb06, 0x9316fb52, 0x1d5311fb, 0xfb00061c, 0x235385c0, 0x2603f9b0, 
    0xf7212a83, 0x094e6720, 0x23546284, 0x24168311, 0xf782faad, 0x2483841f, 0xf77ffa46, 0x24098339, 0x61f732fd, 0x23868332, 0x91f79efd, 0xfc251184, 
    0xeef71cef, 0x242584b1, 0xf7f71cb4, 0x248a842c, 0xc9f71c00, 0x222f8428, 0x4c4ef710, 0x528207e0, 0xf829f725, 0x8445f774, 0x82ce2122, 0xfb304683, 
    0x3768f769, 0x5e10f70a, 0x71fb1c0a, 0x1d2217f7, 0x78230a85, 0x842b17f7, 0x2efe230a, 0x84621ef7, 0x233d842a, 0x04f7bffa, 0x8332b658, 0xfe20083b, 
    0xa4f71c93, 0x07fb1d20, 0xfb0e1d6a, 0xf716db07, 0x18f806d5, 0x059e041c, 0x19f8069b, 0x0562fb1c, 0xfc281082, 0x00061cc2, 0x06d4fb05, 0x6a252182, 
    0x7a61fc1d, 0x282e830a, 0x0a6935fb, 0x0a4ff9f8, 0x2404830e, 0x85f7a6f9, 0x220e8220, 0x82fd061c, 0xfb15292b, 0xccfb06c4, 0x7405e9fe, 0xfa390682, 
    0xc5fb05e9, 0x1c57fc06, 0xf70500fa, 0xbff706c9, 0x9a05f7fa, 0xfec0f706, 0x220e84f7, 0x83fcfac2, 0xfec1220e, 0x840e83fc, 0x051c234c, 0x5a844705, 
    0xf757fa25, 0x831d2b61, 0x50fa245f, 0x852261f7, 0xf7cc2309, 0x09852081, 0xf71cc923, 0x270a86ee, 0x5b3ef7cc, 0x5d32fb1d, 0x0482c482, 0x61d7f922, 
    0xfb250c84, 0x20dbf9ba, 0x2516840a, 0xfc38f785, 0x7f8215d4, 0x31f85208, 0x92f7a2f9, 0xfb058bfc, 0xec09f779, 0x1b8cf759, 0x4694f7d0, 0x7414fb06, 
    0x471af794, 0xf9e9fb1f, 0xfacef82b, 0xc9fb05ae, 0xfd32fc06, 0xf892fb94, 0x82f7057c, 0xc23111fb, 0x461b8cfb, 0x06d094fb, 0x859318f7, 0x1fdb2bfb, 
    0x1afde9f7, 0x07fb0e05, 0x82748237, 0x05f72904, 0x2031091c, 0x1af8ce0a, 0x50086883, 0xf736f78b, 0xe286f715, 0x1cc5f81f, 0xf7cd1d06, 0xf4e3bc50, 
    0x8dbc198e, 0x73be78c1, 0x186ef7cf, 0xad2d45bb, 0x8cfb1b24, 0x69fb13fb, 0x1f3e80fb, 0xe5fe01fc, 0xfb0e0ade, 0xe1051c01, 0xfb15c8fa, 0x3bf7062c, 
    0xfb0560f8, 0x2afb06d5, 0xfc0560fc, 0x83078282, 0x06d4230f, 0x0f823af7, 0xfb35fb31, 0x067bf756, 0x1afedaf7, 0xf70a4cf7, 0x8330f78b, 0x1fe4376d, 
    0xd3fa1ff8, 0x0673f705, 0xfb169bfc, 0x05aefc44, 0x44fb067b, 0xa585aef8, 0x1caff726, 0x1d220d09, 0xf825b083, 0xf8081cf8, 0x250a8428, 0x0a1c05fa, 
    0x0a842340, 0x1c2bf825, 0x87202d09, 0xea08220a, 0x210a845b, 0x3682b7f7, 0x0a842b20, 0x83c7f924, 0xa4824215, 0xf826ed82, 0x14091ca5, 0x4c830a37, 
    0x081cf524, 0x1f842cfa, 0x5b840e20, 0x0a1cef24, 0x19842b48, 0x1d415b8a, 0x24208406, 0xeb081c6b, 0x3e20825a, 0x1cb5041c, 0xfb154008, 0xfb30fb8b, 
    0x3286fb15, 0x1c0dfd1f, 0xf70533f9, 0x19f806d5, 0x42a8041c, 0x29080682, 0xd4f70558, 0x1cc6fc06, 0xf1b01406, 0xf660f7d7, 0x5e38f79c, 0x89f7d319, 
    0x3d679b05, 0x0e1b319c, 0xfa0a67e6, 0x0c091c7c, 0x09821d23, 0x1c7cf726, 0x0a20fd07, 0xf8240982, 0xb7071ce2, 0xb2396585, 0xe515d4fc, 0xaf9b9cd9, 
    0x89f7431f, 0x205e38fb, 0x5ff73f9d, 0xf8f16519, 0x085482ca, 0xd5fb0521, 0x1c19fc06, 0x0ade58fb, 0x18f749f7, 0xe819f7d0, 0xe819fb1f, 0xf74618f7, 
    0xfb0e1b49, 0x821d5231, 0xf7630804, 0x69f7163d, 0xf8c1f70a, 0xfaf7051d, 0x5bfb63f7, 0xf8e8f706, 0x0a4ef750, 0x18fcc5fb, 0xfb12fc05, 0x066ff763, 
    0x62fc00fc, 0x38fb0e05, 0xfb9a041c, 0x98f715e6, 0xf7062cf7, 0xf73afb98, 0x1ebafb4d, 0xf9063cfc, 0xf90ab3c5, 0xc9fd07cd, 0xfb05b8fe, 0x07baf96d, 
    0xfbad3af7, 0x1f13fb12, 0xbef8230e, 0x881597f7, 0xe255081f, 0x8c3ef81d, 0x17f8d4fc, 0xf727f71b, 0xd2cfdd02, 0xf700fb1f, 0x5b60055c, 0xfb3b6046, 
    0xcff85478, 0x0e1b89fc, 0x79041c94, 0x073dfb16, 0x45f7a9fb, 0x8cf72efb, 0x988fc2bd, 0x7af71eb7, 0x68728407, 0xfb1b718a, 0xaf00fb0f, 0xf81f30f7, 
    0x99d0fd41, 0xfab4f907, 0x27ac82a8, 0xb5fed4fd, 0x0761fb05, 0xf826d584, 0x00061c76, 0xe0831d22, 0x1cf2f825, 0x85202006, 0x1c24240a, 0x8426a207, 
    0xbff9330a, 0x15eb051c, 0x069aa2f7, 0x3cf8f3fb, 0x068dfb05, 0x9d18f4fb, 0x3a840c4c, 0x73fdec22, 0xfa3b3985, 0x235efcc7, 0x1c04f71d, 0xf8169904, 
    0xf733f73f, 0xf758f7a6, 0xf73bfb5c, 0x6059fb20, 0xc6280e0f, 0xccf90ab3, 0xe2c8fd07, 0x21054c60, 0x4c60fb67, 0x4a250806, 0xf71597f7, 0xda1df757, 
    0xc81bf5ea, 0x2b496ac6, 0x65fb2c28, 0xf7f30e1f, 0xf7371d2a, 0x99f70a47, 0x071c16d1, 0xb5461827, 0xd1fb2d09, 0x150af91c, 0x051c7cf8, 0x069b0582, 
    0x84080782, 0x0e057efa, 0x1d2a59f8, 0x0cf767fb, 0xfbbffd15, 0x06bff984, 0x29f7390e, 0x32051c16, 0xfa1c9af7, 0x1c9a06ce, 0x1c15f205, 0x9cf70105, 
    0x06fffa1c, 0xfb1c0ef7, 0xb1fa158e, 0xb1fe97f7, 0xfff70e06, 0xf41d89f7, 0xf755061c, 0x83f81d5b, 0x22e8041c, 0xfbbefb0a, 0x62fc069b, 0xfbecfb82, 
    0x1a58fcc6, 0xe5f752fc, 0x69f8bffb, 0x9bfb1e81, 0x9bf7bef7, 0x9766f807, 0xc0f7dff7, 0xf81a53f8, 0xf7e5fb57, 0x9660fcc1, 0x2f33821e, 0x5bfe15a9, 
    0x94c2fb07, 0x45f762fb, 0x8a1ab7f7, 0x46082b82, 0xf74cf767, 0xf70893be, 0xbbf716be, 0xfb62f782, 0x1abefb47, 0x5afbb6fb, 0xc3fb48fb, 0xf80e1e80, 
    0x1d1df7a4, 0x2ef756f8, 0xf80e0a31, 0x16bcf7e2, 0xe4f788f9, 0xf38cfb06, 0xb0f75efb, 0xf81af7f7, 0xf796f727, 0x82fef7cb, 0xfb9530a3, 0xfb27fccb, 
    0xfb5efbf7, 0x238cfbb0, 0x82e4fb1e, 0xfc9e372a, 0xf7079b31, 0xf738f792, 0xf8a4f733, 0xd6f81a08, 0x2cf815fc, 0x0182b1fc, 0x2cfc153e, 0x08fcd6fc, 
    0xa4fb33f7, 0x38fb92f7, 0x31fc7b1e, 0x1c70fb07, 0x0a38b605, 0x5cf783f8, 0x330868de, 0xa6051c91, 0xbff80a39, 0x0a3198f7, 0xf6061cb2, 0x30f91d34, 
    0x0a3109f8, 0x061ccbfb, 0xfa1d3080, 0x31c8f9ef, 0x1c91fc0a, 0x1d31fc06, 0x68f98efa, 0x9ffd0a31, 0x2c251982, 0xf969fa0a, 0x20198243, 0x2533820c, 
    0x96fa1d36, 0x0c8270f9, 0x051cab3e, 0xf90a2d06, 0x31b8f8df, 0x081cb80a, 0xfb1d2740, 0x34d1fb99, 0xf8f4f90a, 0xa30a31cd, 0xfc291184, 0x3536fc77, 
    0xf843f91d, 0x2464821c, 0x22051c12, 0x277d8635, 0x46feb5fa, 0x8efe1d24, 0x8405ae7f, 0x25128584, 0x1ca8fa1c, 0x8b87320a, 0xf9241386, 0xae0a1ce2, 
    0xfa219287, 0x223a83b4, 0x82d5f81c, 0x86998727, 0x67fa2127, 0xa0874f82, 0xf9242786, 0xb8081cc9, 0xf92ca78d, 0x38f41cfe, 0xfb1c1d24, 0x8b0a1c91, 
    0xfa21b08d, 0x211a8513, 0xa47f9efa, 0xf7562405, 0x850a312e, 0xf80e215d, 0xfa2a0c82, 0xd6fc1552, 0x2cfc15f8, 0x0182b1f8, 0xf8152b08, 0xf8d6f82c, 
    0xf733fb08, 0xf792fba7, 0xf89b1e35, 0xfd9ef731, 0x07e4fb88, 0xf7238cf7, 0xfbb0fb5e, 0x27fc1af7, 0xcbfb96fb, 0x0182fefb, 0xcbf79630, 0xf7f727f8, 
    0xb0f75ef7, 0x1ef38cf7, 0x2a82e4f7, 0x31f89e3c, 0x92fb077b, 0x33fb38fb, 0x08fca4fb, 0x58f70e1a, 0x0e1d10f7, 0xebfa8ef8, 0xa28212f7, 0x22fa9024, 
    0x13840a39, 0x20fb3008, 0x20ff051c, 0xbd41f70a, 0x74f90a22, 0x05a5f91c, 0x2efc4bfb, 0xfb23fb3b, 0x74fb1a10, 0x14fb36f7, 0x93f795f7, 0x17f733f7, 
    0x12f76ef7, 0x824ef727, 0xfba80896, 0x1c75f91e, 0xfb056406, 0xbafc06ec, 0xfc06fb1c, 0xfa041cb8, 0x1cbbf805, 0xcf1547f8, 0x2db12efb, 0x614e1a42, 
    0x61494a5c, 0xb4d2cbb7, 0x2cf7cfed, 0x1ff70e1e, 0x391d2ff7, 0x061c0a5d, 0xf95efaf6, 0xfcc2fb74, 0x0665fe6a, 0xa3f7370e, 0xf7c5f71d, 0xb8fb1d72, 
    0x1d5046f9, 0x5cfafbf8, 0x4cf80e07, 0x1583fcd1, 0x83f8bcf7, 0xfc5f051c, 0xf9bcf780, 0x1c7cfb86, 0xfb1cfa06, 0xfd5b0611, 0xcefc6cf5, 0x7ffb0dfb, 
    0x08fb1dfb, 0x061bfb19, 0xf71687f8, 0xda4ff709, 0xf8a4c1f7, 0xebf8ab45, 0x1c43f918, 0x0e0610fa, 0x1da4d6fa, 0x1c250482, 0x0a221106, 0x6d9318fb, 
    0x4022082f, 0x94fb1d41, 0xf98bfc06, 0xfaf4f8cd, 0x0dfc0566, 0xfe8cfc06, 0x88fb050a, 0xf0f30e06, 0x1c3cf71d, 0x827da005, 0x348b0808, 0xf954f70a, 
    0xdd051c42, 0xfbeffb15, 0xfb12fa2d, 0x00f81cc8, 0xf2f9c8f7, 0xd4fb2df7, 0xd4f776f7, 0x6cf807f0, 0xf705f2fd, 0xd8fc06f9, 0xaef8a7fa, 0xfb0581fa, 
    0x53fc06fe, 0x3c0512fe, 0x0e06eff7, 0x75f76cf7, 0xfac5f716, 0x061ff811, 0x5ef7dff7, 0xedfb67fb, 0xd4fb1f8a, 0xfb2dfb8a, 0x1b8dfb57, 0x0595fb8e, 
    0x9ff74bf8, 0x78f8bbf7, 0x58f81f8a, 0xb7f79bfb, 0x1ebb4cfc, 0x25fa63f9, 0x060ffc05, 0x02fe2cfd, 0xfa61fb05, 0x82c5fb02, 0xce23084c, 0xf70a46f7, 
    0x00081cc5, 0x06f1fa1c, 0x7556fe68, 0xfb43e5fc, 0x8589fb6d, 0x05894f19, 0x7b59f80e, 0x82d5f71d, 0x11f9296f, 0xc7f784fc, 0x11f984f8, 0xfb292a82, 
    0x0cf91cc7, 0x061c5dfe, 0x084283f4, 0x0a67e630, 0xfadef80e, 0x14071c58, 0xfb67fc15, 0xfcdffbe6, 0xf779fc7e, 0xf8d9fbe4, 0xfbad1f69, 0xf7c3f79d, 
    0xf806ab9d, 0xf7e4f768, 0xf878f8dd, 0x0782fb7d, 0x68fc4c08, 0xa4f76b1f, 0xa4fbc3fb, 0x9ffb6906, 0xddfead15, 0xd2fb0669, 0x61f750fb, 0xeff7e6f7, 
    0x63f74ef7, 0xf71fd4f7, 0x06ac16e5, 0x4cf7d3f7, 0xebfb64fb, 0x4cfbe8fb, 0xd3fb62fb, 0x0e066a1f, 0x071c52f8, 0x15a5f7fa, 0x061c80fb, 0x83bdfbef, 
    0x8370208c, 0x1cbc318c, 0x051c00f8, 0xf778fcca, 0xf90e06c8, 0xac051cef, 0x152aac82, 0xfbd0fa1c, 0x1c96f897, 0x1b8703f9, 0x89f9a623, 0x2a3b8c05, 
    0x9af8f105, 0xf1f70e06, 0x831d38f7, 0x24500805, 0xfa01f81d, 0x89051cf1, 0xfc76fb15, 0x61fb0630, 0xef07fba1, 0xf91a89f7, 0xfdc5fb38, 0xfc8a0738, 
    0xfb81f73a, 0x7119f84e, 0xf7d2fb08, 0x07d3f776, 0xf79324f7, 0x06f7a215, 0xb6fd08ab, 0x081cc6f7, 0xfec6fb00, 0x08fb076a, 0x751dfb6c, 0x08821afb, 
    0x1c3d5482, 0xf9160107, 0x5df80738, 0xf7a9fb8c, 0x1b54fc48, 0x3efb59fb, 0x27fb6172, 0xfbb6f91f, 0x35b882c6, 0x6afac6f7, 0x2df7b407, 0xf7a452f7, 
    0x9ff71b3f, 0xfb312cf7, 0x6e821fae, 0xd9f90e31, 0x2296061c, 0xe6f91c0a, 0xe9f89afb, 0x8306f91c, 0x9206202a, 0xc5f7212a, 0xf8296195, 0x0727f9b0, 
    0xf7b9fa0e, 0x24458290, 0x081c00f8, 0x28a283db, 0x0cf91cc5, 0x061c36fd, 0x827e82f4, 0x82382009, 0x2c248209, 0xa60a1cfe, 0xfb1596f7, 0xfe061c63, 
    0x842292fb, 0x081c35ab, 0xf777fc69, 0xf80e06b9, 0x1c10f7df, 0xf815fd06, 0x03f91cc0, 0x18f78518, 0xfdcef934, 0xf6f906f6, 0x0a84d2fe, 0xadf868f9, 
    0x0e1d1ef7, 0x07822cf7, 0x1d753d08, 0x98fb5dfc, 0x051c0a84, 0xe116dd63, 0xf75af806, 0xf9b4f70b, 0xae1fac60, 0xf905a1f9, 0x07f91c2b, 0x1c0a3bf7, 
    0x68060cfb, 0xfd7356fe, 0x22fb2134, 0x198968fb, 0x1c058a54, 0x49f9a406, 0xb6283783, 0x56fa0a5d, 0x56fe91fa, 0xfb2b2882, 0xfecefdca, 0xfbcef991, 
    0x821c06c9, 0x086c8231, 0xf762f738, 0x1c0e1d0b, 0xaaf89c04, 0xfaf90a8b, 0xfc06fcf7, 0x06f8c3c6, 0x7df8e4fb, 0xf90ab01b, 0xf81cfc23, 0xfca6fc21, 
    0xfb0dfc8b, 0x63e4fcf7, 0x06f7fb1f, 0x2263071c, 0x9f826715, 0x061c5430, 0x081c168d, 0x076ffd00, 0x7dfb6ffc, 0x24829dfb, 0xf7a74408, 0xf765fb11, 
    0xfc1f2e8f, 0x05d1fd5a, 0xf806f3f7, 0x059bf935, 0x918b9291, 0xfd38f81b, 0xa5fa069b, 0x061bfc04, 0x12fbc1fb, 0x7bf71af7, 0x12f77cf7, 0xc4f725f7, 
    0x0618f81f, 0xbff7f10e, 0xf708fa1d, 0x18f706c8, 0x31238b79, 0x13f9c8fb, 0x0e065cfa, 0x1c75051c, 0x0a22da06, 0x7618f91c, 0xdb080fdb, 0xaef707fa, 
    0xfb1d6bf7, 0xf70e06ae, 0x6f5efa54, 0xf756f815, 0xf895f7cd, 0xfb1fa339, 0x93fb06cf, 0xfb62fb77, 0x1b8afb30, 0x60fbb8fb, 0x0cf897f7, 0x86f91f82, 
    0x85fda0f7, 0x981df806, 0xa1f766f7, 0xf71bc1f7, 0xfb5bf780, 0x9c98fb32, 0x06cff71f, 0xfb7141f8, 0xfc99f7c6, 0x81fc1b47, 0x28fce6fb, 0xfb1fe0fc, 
    0xc3fc073d, 0x14fcddf7, 0x0e1e76f8, 0x081c00f9, 0x1580f74a, 0x9d952e26, 0x3cf71f35, 0xf7eb43f7, 0x1aa4f785, 0xf807e8f7, 0xf785fb5e, 0xfbf9fbda, 
    0xfb7dfbf4, 0x1e40fcdc, 0xfb07e4fb, 0xfb08f7bb, 0xfb5ff78e, 0x61841e46, 0x1b5e8760, 0x87fbeffb, 0x12f8b4f7, 0x07c3f71f, 0x2df7dbf7, 0x60f78cf7, 
    0x07adf71e, 0xa1fb26fc, 0x7afc09fc, 0x07c0fb1f, 0xfff7abfc, 0xb1f831fc, 0x29085d82, 0xf7c8ad2c, 0xf74b1e18, 0x6850f736, 0xfc1b64f7, 0x1537f8dd, 
    0x17f75ffb, 0x65f705fb, 0xf71a92f7, 0xa9f707eb, 0x59f715f7, 0x228235f7, 0xfb122509, 0x1ebbfb52, 0xfb07fdfb, 0x5ffb2a80, 0x12fb39fb, 0xfff80e1e, 
    0xfc1da7f7, 0xfbe3f7ad, 0xf7bbf8db, 0xbb6df76b, 0x1e0af7d6, 0x0597f749, 0xfb2bfb4c, 0x23fb664d, 0xfb07fc1b, 0xf86ef76b, 0x1ce71f00, 0x48f7df04, 
    0xfbf2f807, 0xfc02f8b5, 0xfb73fc72, 0xfcecfbc5, 0xfb1e8ab6, 0xf742b313, 0x1a32f701, 0xd3fb8df8, 0xf8079315, 0xf74df70e, 0xf7bbf77e, 0xfb41f7b4, 
    0x1ef8fb6c, 0xf70e075b, 0x1d06f791, 0x0ad0df0e, 0x0aefd4f7, 0x1cf2f80e, 0x0a22ad06, 0xfbcff91c, 0x1c12f99e, 0xc8f70af9, 0xaa0635fa, 0x15f70bf7, 
    0x1b06f79d, 0x3af7a4f7, 0x7ffb27fb, 0x30fb74fb, 0xa0fb1bfb, 0x94fb8f1f, 0x877df805, 0x92f787f7, 0xf81a08f8, 0xf7b9fb26, 0xfb55fc74, 0x7716fb09, 
    0x1e0ffb6a, 0x13f9f2f8, 0x1c500e07, 0x071c2a05, 0xf7541596, 0xfbf2fb37, 0xf017fb40, 0xfbdb21fb, 0x3819c421, 0x5af050fb, 0x51dc55e5, 0xfbb1fb19, 
    0x38fbc120, 0x4ef70df8, 0x38fb49f7, 0x48fb06f7, 0x1934fbca, 0x04f70677, 0xf720fb43, 0x1b6dfb0e, 0x4e083a82, 0xfcc4fb9e, 0xf743fc3e, 0xf8c5fba2, 
    0xf73af839, 0xf8bff7a6, 0xfb49f885, 0xfbf7f756, 0x1f94f79f, 0xf91c7bfb, 0xabfb15c6, 0x7af70ffb, 0xa7f79cf7, 0x77f719f7, 0xb3f7a1f7, 0x9afb0df7, 
    0xa7fb90fb, 0x63fb23fb, 0x0e1f9dfb, 0xf30aca94, 0x820e0a25, 0x7ffc2403, 0x833946fa, 0x40fb270c, 0x15ac051c, 0x13831d72, 0x051cdf24, 0x09843036, 
    0x14837220, 0x238ffb25, 0x1817fb06, 0x82283fa8, 0xe4fd2541, 0x2c35051c, 0xf5205684, 0xcb204183, 0xfc240a83, 0x2d4ffaa4, 0x22230883, 0x49be061c, 
    0x2c8207e6, 0x842efb21, 0x05e4490f, 0xfc240f82, 0x3550fa30, 0xbb2b3b84, 0x2454fa1c, 0x1c0ff71d, 0x8334580b, 0x85fb208e, 0xb8fb2410, 0x84e20a1c, 
    0x2010879f, 0x2021824b, 0x24218a31, 0x0a1cbdfc, 0x857f85e1, 0x82512032, 0x8a362020, 0x7dfb2420, 0x8b67091c, 0x1cdc2a8c, 0x1d24c0f3, 0x030b1cce, 
    0x857a8434, 0xabfb2193, 0xfb251684, 0x9e0a1c60, 0x243e8435, 0x04051c5a, 0x2421832b, 0xfc041cdb, 0x23518b23, 0x68091c09, 0x0e20b68b, 0x9f87ca82, 
    0x1b825320, 0x35833820, 0xfa4bfd24, 0x35832cf2, 0x80080883, 0xedf80a4e, 0x24f0f51c, 0xf9710e1d, 0x1c081cd7, 0xfbfefb15, 0xfb82fba4, 0xf71c1fe8, 
    0xf9baf7e6, 0x929a0765, 0xf71dfb05, 0x6227f705, 0xf71b24f7, 0xf7a0f7fd, 0xf7f3f79a, 0x61f72d64, 0x1ff659fb, 0x02f71bf7, 0xf737f7cf, 0xb7f71a2d, 
    0x90f78cfb, 0xfb1e08fc, 0x1510fe01, 0x42f77bfb, 0xf763f707, 0xfb37fb23, 0xfb56fb53, 0xfb39fb27, 0xfb7bfb81, 0xf732f720, 0x1dfa1f4f, 0xf753f707, 
    0xf711f72c, 0x08018250, 0x11fb20ab, 0x2cfb3ffb, 0x30fb04fb, 0x231e71fb, 0x56fb0e06, 0x381d66f7, 0x061cbef7, 0x3ffb15cc, 0xf715fbf1, 0x8c1e3f41, 
    0x8afb0583, 0xfb5cfb4e, 0x1accfb93, 0x35fc076f, 0xcbfb95f7, 0x3cf845f8, 0xcef798f7, 0xa71e3af8, 0xfb08f807, 0xfc96f750, 0x1e27f73a, 0x59dc74fb, 
    0xe11acdda, 0x30f7c6dd, 0x25f719f7, 0x1edb6b61, 0xb9079bf7, 0xa22113fb, 0xfb1b1ffb, 0xfb62fbe7, 0x8c86fb34, 0xfe2df71f, 0x9df7157a, 0x71f709f7, 
    0xf71e8ef7, 0x24f75f6d, 0x6bfb77fb, 0xfb07711a, 0xfb07fba2, 0xfb8afb6c, 0xf708fb8f, 0x1ea1f76d, 0x3e2dfb0e, 0x3e04840a, 0xa9faa4fb, 0xf9220a39, 
    0xf8156fa4, 0xf79ff743, 0xf8a0f8ba, 0xf79cfb80, 0xfb49fca6, 0x828bfbff, 0xfbb02dea, 0x23fbc816, 0x1f4c6ef7, 0x454c81fb, 0x3108db82, 0xa1fb1a1f, 
    0x44fba4f7, 0xf71e05f8, 0x1593f917, 0x2afb37f7, 0x2a5dfb07, 0xf708f7d9, 0xe604f710, 0xa5f74df7, 0x45fb2df7, 0x00fcecfb, 0x61fb1ffb, 0x0382a7fb, 
    0xf7e5112e, 0xf71ef713, 0x57f7ed10, 0x062af71f, 0x66087b84, 0xf2f83c0e, 0x491577f9, 0xf70758f7, 0x2b1cf756, 0x1f8c1ffb, 0xfb8a13fb, 0x6cfb301b, 
    0x2069fb1b, 0x6c2cf7d5, 0x06c1fb1f, 0xf7a6bcfb, 0xf746fb9d, 0x08f81bfd, 0x44f7abf7, 0x1f8ca1f7, 0x421ff78a, 0x85fb2cf7, 0x72f708ca, 0x23f7ccca, 
    0xf71a16f7, 0xf792fbb0, 0xfb03fc39, 0xfb89fbf6, 0x6caefb3b, 0x1d82f71e, 0x82c9f922, 0xf70422d9, 0x203688a4, 0x08368246, 0xf7ca823e, 0xf7c8ca6e, 
    0x16f78c23, 0x8ab0f708, 0x39f78afb, 0xfc1bfffb, 0xfb9cfb49, 0xfc80fca6, 0xfb9ff7a0, 0x1f43f8ba, 0xd2f917fb, 0xf714fb15, 0x57f7072a, 0xfb2910f7, 
    0xfb13fb1e, 0x60fb3112, 0x1f2ad182, 0x00f861f7, 0x2df7ecf7, 0xed8245f7, 0x03f74d25, 0x8210fb30, 0x8a0827bd, 0x5dfb3d2b, 0xe182fb1b, 0xf82cf823, 
    0x08ddc0f4, 0xba38f739, 0xeca8e5da, 0xfb1898cc, 0xfbd0b85c, 0x1b86f73c, 0xaa9bcfce, 0xf7601fc3, 0x7987055b, 0x1b5f8976, 0xf7702bfb, 0x648ef738, 
    0x53aafb1f, 0x4559f705, 0x03f776fb, 0x411bc1fb, 0x1f2c0805, 0xfb1d82f7, 0xb90a3e2d, 0x340f061c, 0xfc250984, 0x99051c04, 0x210a8430, 0x158297fb, 
    0x0a843120, 0x1c09fd26, 0x0a2c9805, 0xfb212a83, 0x2015821a, 0x24158436, 0xb2facafb, 0x0814852d, 0xb3fa5672, 0x66fb0a35, 0x0a2212f7, 0xd9f99dfb, 
    0xfceefb07, 0x89fb0536, 0x24fbb5fb, 0xebfb62fb, 0xf789fb1a, 0xf751fb39, 0xf71e3eac, 0x0bf76a09, 0x8a56d369, 0x4f8a1956, 0x3339315e, 0x1cfb3bf7, 
    0xf741f718, 0x32f7f318, 0xf71a1ff7, 0xf720fb1f, 0xd285fb0d, 0xbb33fb1e, 0xb523fb05, 0x18f7f037, 0xf7a4f71a, 0xf71bf712, 0x1ea6f767, 0xfff878f8, 
    0x0758f705, 0x32053064, 0x89f70a36, 0x39b6061c, 0x0a366f0a, 0x081cc8f8, 0x821d34b0, 0x29f72509, 0x303a081c, 0x96200984, 0x31201382, 0xfb250983, 
    0x39081c03, 0x2027842c, 0x20138213, 0x241d8436, 0xbf061c64, 0x2413832d, 0x091c0cf9, 0x072945c2, 0xf8214182, 0x450f84da, 0x0f820529, 0x1cd8f730, 
    0x0a35c006, 0xf81d446f, 0x580b1cd9, 0x09821d34, 0x1c3af724, 0x6582e20a, 0xf71d4423, 0x821382a7, 0x1d442565, 0xe10a1c2d, 0x26826482, 0x12822420, 
    0x26843620, 0x091c7523, 0x2c648b67, 0xf31ca7fd, 0xf81d24c0, 0x030b1ca2, 0x85908434, 0x75fd216c, 0xf7251784, 0x9e0a1c92, 0x23398435, 0x68091ce9, 
    0x0e207484, 0xa0206e83, 0x38200d82, 0xb4242f83, 0x2c62071c, 0x0883bf83, 0xf70a4e23, 0x05da4423, 0x1c3a6608, 0x041cc005, 0xf9f81582, 0xa9f799fb, 
    0x1efc21fc, 0xaafb9cfb, 0x1e8cf8fc, 0xfc07acfb, 0x9ff78afe, 0x1ff8b0fb, 0xf71ef81b, 0xf8b0f798, 0x90fe1ffe, 0xd11597f7, 0xf712f807, 0xf760f725, 
    0xf76cf76d, 0xfc5bfb24, 0x07451e17, 0xfc04c7fb, 0xfb21fb1b, 0xfb6bfb63, 0xf728fb6e, 0x1e14f86a, 0x0766f9c0, 0x2f22fe0e, 0x2504840a, 0x3af89cfb, 
    0x0e830a7e, 0xf789fb24, 0x0984394a, 0xf74efc24, 0x09842085, 0x44f9d424, 0x1c841d34, 0xcef8e923, 0x23098530, 0x3144f97c, 0xfc240984, 0x2ccdf8ee, 
    0x20232684, 0x843644f9, 0xaffb2412, 0x842d53f7, 0x21f72312, 0x864156fa, 0x20408307, 0x410e83e7, 0x4f840585, 0x54f73b23, 0x21288435, 0x39843bbb, 
    0xf8daf724, 0x09852394, 0x84e34721, 0x55fc2418, 0x842cf6f7, 0xf23d0911, 0x0a9388fa, 0xaa051c62, 0x8ab61575, 0x96b291bd, 0x1887f75b, 0x8872808a, 
    0x753d1b7c, 0x1f6fd5c4, 0x051c8dfc, 0x82f7054b, 0xf734fb32, 0x1b7bfb0b, 0x7b7b4539, 0xfbd31f64, 0xbc53f78d, 0xfbd964d7, 0xfbb8195a, 0x1cbefc08, 
    0xf7052dfa, 0x0df806d1, 0x9c05d7fa, 0xfdb9f706, 0x4dfb05d9, 0x3013f7ce, 0x0e1b39f7, 0x051c31fb, 0xde071c2a, 0xfb27b315, 0x21fba11d, 0xfb27fc1b, 
    0xfb57fba2, 0xf757fbbd, 0xf722fb08, 0xfb1f4062, 0x26fb34a8, 0xb8fb55fb, 0xf7d0fb1a, 0xf848fb45, 0xf71e301e, 0xf705641b, 0x64be6c1e, 0x74591a3e, 
    0xfb05fb47, 0x46f71e0b, 0x35f719fb, 0x01f716f7, 0xf78f42f7, 0x2bf71928, 0x9ffbe622, 0x33fb1ec8, 0x7ffb05af, 0xf70cfbc2, 0x1a5af718, 0x43f7a1f7, 
    0xd7f71cf7, 0xf75af71e, 0x065efb9b, 0x23fb90fb, 0xf73ef7e6, 0xe518f736, 0xe4ee79f7, 0x16f7667c, 0x42f70e1f, 0x2aa6061c, 0xd8f91c0a, 0x7ff78ffb, 
    0xf7fbfa1c, 0x05051cbb, 0x0cfe9ef8, 0x8cc4fb06, 0x04fb27f7, 0xec1b6bf7, 0xbe9a9ed4, 0x078ff71f, 0x815b7085, 0x3c311b5e, 0x1f1df7a6, 0x79f7fbf9, 
    0x95380e07, 0x2603830a, 0x061cd6f8, 0x821d3416, 0x38f7390d, 0x30a0051c, 0x51f7381d, 0xf715d0fc, 0xf78a06bb, 0xcbf70574, 0xccfb63f7, 0xcd080a82, 
    0x0a1ef7bd, 0xcefb3dfe, 0xcef763fb, 0xfab6f707, 0x0a1af78a, 0xf934fb0e, 0x14061cc8, 0xfb36fc15, 0xfcccfb98, 0x07591f6f, 0x69f70ffc, 0x53f87bfb, 
    0x27f71e20, 0x396eb66a, 0x516c471a, 0x1e04fb26, 0x1cfb3df7, 0xf72af705, 0xf710f70c, 0x1a40f73c, 0xe14119f7, 0x1ee2dffb, 0xfbdac6fb, 0xf733f72c, 
    0x07bd1a7b, 0x22f7d1f7, 0x7ff768f7, 0x06f746f7, 0x6dfb0dfb, 0x06c5f71e, 0x7ffb06f8, 0xfbfb76f7, 0xf7f30e1e, 0x156cf93c, 0x90f741fc, 0x48f8dbfb, 
    0x8bf741f8, 0x07f8ddf7, 0xf707a71e, 0x50f72576, 0x08f731fb, 0xf709f81e, 0x06aefd96, 0x8ffb45fc, 0x31fccffb, 0x16d9f71f, 0xf7f390f7, 0xf793f76e, 
    0x6efbef93, 0x6b1e90fb, 0x27a2fb07, 0x1f8278fb, 0x25994108, 0xa2f778f7, 0xbffb0e1e, 0x1c4a051c, 0x1c150006, 0x96fbf0fa, 0xf6fd79f8, 0xf7c9fb06, 
    0xf717fb15, 0x96d9e980, 0x521ee5c4, 0x7b057af7, 0x56776169, 0x973f451b, 0xf91f31f7, 0x0798f8ff, 0x1d32500e, 0xf7250383, 0x7e3af849, 0x230c820a, 
    0x2085f78d, 0xf7240783, 0x394af75b, 0xf8250883, 0x3444f99a, 0x2319821d, 0x30cef8f2, 0xf7240783, 0x3144f968, 0xfb240883, 0x2ccdf831, 0xe6232b84, 
    0x843644f9, 0xf736231a, 0x34842d53, 0x1a43de20, 0x32502409, 0x43acf81d, 0x0e82091a, 0xf7aaf724, 0x26843554, 0x833b8021, 0x97f92436, 0x842394f8, 
    0xe3042108, 0x86231683, 0x832cf6f7, 0xf883080e, 0x9388fab8, 0xfa5bf80a, 0x15d4fc32, 0xbef8b6f7, 0xbcd7f806, 0xfcf768f7, 0xf81a1ef8, 0xf7c3fb57, 
    0xfb1dfcd8, 0xfb22fb87, 0x1e80fb06, 0xfb0759fe, 0x16fbc3eb, 0xa4f78df7, 0x80f7911a, 0xf740f7d9, 0xfb1ff727, 0x1853f751, 0x2cfb6afb, 0x9dfb10fb, 
    0x08d5fb8c, 0x5ff737fc, 0xc9f802fc, 0xb6f71e55, 0xfa1598f7, 0xaecb074c, 0x84f7d1bc, 0x7ffb26f7, 0x1e92b4fb, 0x27fb94fb, 0xf3fb81fb, 0xf70e1e5a, 
    0x8308faec, 0x83b22079, 0xb8622b79, 0xc4f7abf7, 0xf81a4df8, 0x0882fb45, 0x62fc5a08, 0xa6f81eb8, 0xa6fcb2fb, 0x5e61fc07, 0xc5fbacfb, 0xfc1a44fc, 
    0xfbaaf74c, 0x5e63f8c5, 0x1cb2f71e, 0xf7153f05, 0x3bf75fab, 0xaffb76fb, 0xfbb0fb1a, 0xfb7cfb3b, 0xfb1e5eab, 0xaafb16b2, 0xf73bfbb9, 0xaff78a7c, 
    0xf7aef78c, 0xf777f73b, 0x0e08b7aa, 0x0acc53f8, 0x1d2e47f9, 0x2404830e, 0x4af71cf8, 0x250e8439, 0x44f95bf9, 0x13831d34, 0xf8bcf724, 0x098430ce, 
    0xf929f824, 0x09843144, 0xcdf8ae23, 0x2426842c, 0x44f9a6f8, 0x24128436, 0x53f7f7f7, 0x2113842d, 0x85419ef9, 0x21408309, 0x86416df9, 0x23648409, 
    0x3554f76b, 0x00292985, 0x2458f71c, 0x0b1ce61d, 0x206b8558, 0x241085f9, 0x0a1cd8fb, 0x877385e2, 0x826b2011, 0x867b8523, 0xddfc2411, 0x85e10a1c, 
    0x20118684, 0x85228231, 0x2410868b, 0x091c9dfb, 0x2a938c67, 0xc0f31cbc, 0x1cae1d24, 0x8534030b, 0x219a8480, 0x16848bfb, 0x1c80fb25, 0x84359e0a, 
    0x234087cc, 0x68091c29, 0x0e20aa8c, 0xa586d084, 0x1d827320, 0x47843820, 0xf750f724, 0x39842cf6, 0x4e230983, 0x460df90a, 0x2b08056f, 0xfcf9f9a7, 
    0x95f715f4, 0x0ef72ef7, 0x1f8a76f7, 0x52ec7ccb, 0xfb1e02f7, 0xf8e6f741, 0xa3041ceb, 0x06d2fb05, 0xf7fd51fc, 0xf7f950fc, 0xdf080b83, 0xfb1ceef8, 
    0xfb48fb65, 0x6a2d5af2, 0x19418c28, 0x35f776fb, 0x97f70efb, 0x16f9901e, 0x1cfbce15, 0x1a4338ad, 0x4b616150, 0xc7b46347, 0xd1dfb6d3, 0x0e1e1bf7, 
    0x6a051c70, 0x153c081c, 0x06fb4f40, 0x8c33fb8b, 0x8b585c08, 0xfc1f538a, 0x90fb8186, 0x52fdf6fb, 0x072cfb1a, 0xacf7c8fc, 0x41f8bdfb, 0xaaf741f8, 
    0x72f8bef7, 0xa5fb6cf8, 0x06fc99f7, 0x4efb73fb, 0x2752fb2c, 0xad06781e, 0x26f719f8, 0xe0f755f7, 0x94bbf795, 0xf78a4ff7, 0x0812f71d, 0xf91c2efd, 
    0x92fb155d, 0x5ff72ffb, 0xf71fd1f7, 0x2df78fcb, 0x8df746f7, 0xf791f71b, 0xfb46fb2e, 0xfbd2fbcb, 0xfb5efb2e, 0xfb0e1f8e, 0xfc0ac908, 0x1da5f730, 
    0x1c1cfc0e, 0x071cb204, 0xb3fb157e, 0x5efd12fc, 0xf700fa1c, 0xfe041cbb, 0x0e0656f9, 0x31082082, 0x32fc1db4, 0x0601fc8a, 0xf91d80f7, 0x1de1f79f, 
    0xbee50e07, 0xf7154ffc, 0xfa4ff8bc, 0xf74ffcc3, 0xfb52f9b8, 0xfd041c80, 0x5b06a8fe, 0xfc6bd1fc, 0x5f825c17, 0xfb132008, 0x11fb1907, 0x1651f806, 
    0xb123f7f1, 0xf7a982f7, 0xd1f7abd7, 0xfe78f818, 0xf90e0691, 0x820a992e, 0xf7230804, 0x45f70a42, 0xbcfb1d41, 0x32fc0682, 0x24f7baf8, 0xb4fb0e0a, 
    0x0e1d02f7, 0x0e1d717b, 0x5cf74bf7, 0x1807691d, 0x08182587, 0x1ca2fb56, 0xd6fb4a05, 0x3b14fb07, 0xf72cfb1d, 0x6d0e1d61, 0xfaf81d43, 0xf706aef7, 
    0xfb55f7ad, 0x8a74fb2f, 0xfb43fb1f, 0xfb32fb1d, 0xee1e565b, 0xf70576fb, 0x6af7d3cc, 0xb7f78ef7, 0xfbcff71a, 0xfb7bf773, 0xf81ecaec, 0xdc47f9b4, 
    0x06bffb1d, 0x5df7a70e, 0x40f71dde, 0xb0288e82, 0xf833fc06, 0x0a5cf7b4, 0x73201683, 0x2c085484, 0xf7a1fb1c, 0xeda1f76e, 0xfcfaf706, 0xeef705fa, 
    0xf976fc06, 0xf96ff8a9, 0xecfb057f, 0xfd21fc06, 0xf7550518, 0xfb6efba1, 0xf91cfba1, 0x23368318, 0x32f9d0f7, 0x08cd8c18, 0xfd244a82, 0xf897fbea, 
    0x67266582, 0x1c1d91f7, 0x85180006, 0x0e2211c8, 0x1a823bf7, 0xd406692a, 0x07c4fe0a, 0x053cfd70, 0x0ae48518, 0x44f70e3a, 0xf71d9af7, 0xf79efcb8, 
    0xfb78f9bc, 0x26051cbb, 0x0e1daff7, 0x6df737f8, 0xfc254c83, 0xf90e0708, 0x410b8201, 0x28831f2d, 0x2df74e2a, 0xf726f70a, 0xb4f71da9, 0xb834ea82, 
    0xfb0b051c, 0xfd13fdb8, 0xf70e062d, 0xcb071cd1, 0xd8fd0a2a, 0x40080e83, 0xb9fb13f9, 0xf700fa1c, 0xf912f9b9, 0xf712fd2d, 0xfe041cb8, 0x0e06b4f8, 
    0x1db3f74e, 0xfb0679fd, 0xfb352d2d, 0x8f446b00, 0x771e6797, 0x7b0592fb, 0xc987bdc9, 0xf7bef71b, 0xf740f749, 0x061c1fd9, 0x26558567, 0x21f70e07, 
    0x831da1f7, 0x2f1087d6, 0x0a64f753, 0x1c00061c, 0x0e061bfb, 0xdaf74cfb, 0x5b83d782, 0x96f78925, 0x82f0fa1c, 0xf9cc3585, 0x159ffcf2, 0x80f8bff7, 
    0xf746f806, 0xf8d2f7bb, 0xfb71f86e, 0xfc340782, 0x80f81f46, 0x80fcbffb, 0xfb46fc07, 0xfcd2fbbc, 0xf76efc71, 0xf82d0782, 0x90f71f46, 0xfbb3fb04, 
    0xf78df720, 0x350182b7, 0xf790f720, 0xbff71fb3, 0xfa15cffe, 0xb3f707cf, 0x90fb1ff7, 0x0182b7fb, 0xfb1f8208, 0x1fb3fb8d, 0xf246fb0e, 0x06dcf716, 
    0xbbf8e5f7, 0x08fc80f7, 0x44ad2cc6, 0xfb194293, 0x03fba64d, 0x6e1b202c, 0x71969441, 0x98fb771f, 0xbcc67b05, 0xf71bc887, 0xf72ef7c1, 0x9484f765, 
    0x47f7931f, 0x3326f739, 0xaffb21f7, 0xf81859f8, 0x0594f970, 0xfb06dbfb, 0xfbd3fce2, 0x05d3f8df, 0xf806dcfb, 0x0594fd69, 0xf832fb0e, 0x0a38f749, 
    0x1d411af7, 0xfb0695fb, 0xf79ff8dd, 0xf7ee0a68, 0x041c1d9e, 0x231282a0, 0x530e0677, 0x6f080c82, 0x81fc72f8, 0x81f8bbf7, 0x0e0674f8, 0x0a02f73d, 
    0xf717f70e, 0xb6f71d4d, 0xbafb1de5, 0xfa3d0e07, 0x15eafa35, 0x05fc77fb, 0xab18fb06, 0x3ef7e93d, 0xfb8af81a, 0x078afcb7, 0x53f7eafb, 0xcaf74afb, 
    0x50fb1e67, 0x4ef777f7, 0xd291d607, 0x089cce98, 0xb8f793fc, 0xfb00061c, 0x0791fdb8, 0x7e457846, 0x0e088541, 0x5df709f9, 0xfa1c0a2a, 0x95071c00, 
    0xb9291b83, 0xfc03fb1c, 0xfd041ca7, 0x2e0988fb, 0xbaf90e07, 0xf762091c, 0x98fb1596, 0x89fe041c, 0x83098c18, 0xfc582f41, 0x06b9f74c, 0xf80afb0e, 
    0x1584fa82, 0x2042a4f8, 0x1da42c05, 0x96fb0efc, 0xf71d95f7, 0x84adf949, 0x5afd2517, 0x35f897fb, 0xf9336982, 0x0cf80733, 0x6ef766f7, 0xbbf7b5f7, 
    0x62f766fb, 0x861f0cfc, 0x66f82b2c, 0x730e0adf, 0x071c98fa, 0x568215d4, 0xb9fba73c, 0x91fba7fb, 0x91f77cfb, 0xf714f91c, 0x90f90a3f, 0xfc064cf8, 
    0xf792fe4c, 0x26831d8b, 0x82c40621, 0xb7f82526, 0xb7fcb9fb, 0xfa212686, 0x21268224, 0x268480f8, 0x8282fd21, 0xfa320826, 0x1618f729, 0xe3f706eb, 
    0x8cf70cf7, 0x1fa690f8, 0x059ef8a6, 0xfb1c87f8, 0x0633f902, 0xfc1db0f7, 0xf7a4f80e, 0x051c1daf, 0x157ff876, 0xf7060ef8, 0x8b18f740, 0xf9340f10, 
    0x165df7dc, 0x46f9b9f7, 0x46fd2df9, 0xf70a57f7, 0x1b0cfc42, 0xc4203782, 0xe02c7782, 0xe0f82dfd, 0x1c06b9fb, 0xc6fde304, 0x412f3f84, 0xfb440ef7, 
    0xfb1f8c29, 0x0efb8a21, 0x8241fb28, 0x066a0829, 0xc843fb0e, 0xe7f80e0a, 0x061c22f8, 0x1d9d1500, 0xeaf706f9, 0xbc21fc06, 0x98fb9ff7, 0xf81b16f8, 
    0xf7adf742, 0xf86cf8d5, 0xf7adfb70, 0xfc42fcd2, 0xfb9ffb1b, 0x5e2afc9c, 0x06e9fb1f, 0x29fda8fa, 0xfbb5fb15, 0xf788f715, 0xf7baf7b9, 0xf78af715, 
    0xf7b6f7b5, 0xfb8bfb14, 0xfbb8fbb9, 0xfb89fb14, 0xfb0e1fb6, 0x16f1fa06, 0x5f82adf7, 0x061dfd28, 0x6cfbf6fb, 0x34824bfb, 0xf55e2f08, 0x4bf729fb, 
    0xfbfb1f46, 0xf70518fd, 0xe3f706c6, 0xf805edf8, 0x86f70603, 0x0618fc04, 0xe12c37fb, 0x1f8c17f7, 0xf28a18f7, 0x1b43f7e4, 0xa98204f8, 0x1c2d5708, 
    0x0a2a9f04, 0xfa1c6afe, 0xf9bbf700, 0x0631f718, 0x4cf797f7, 0x8bfb32fb, 0xfb8a1f8a, 0xfb21fb4f, 0x4e53fb2e, 0x1879fbeb, 0xf7d8d4f7, 0x8995f767, 
    0xf808bdf7, 0xf7c4fb2a, 0x1e42fc94, 0x0df831fb, 0x0e0643f9, 0x64f70efa, 0xf71bf90a, 0x99f7068c, 0x29fb69f7, 0x3d8392fb, 0xfb522208, 0xfb1ffb0a, 
    0xfbf64376, 0x13f8187c, 0xf726f7e3, 0x1a66f7e3, 0xd2fb3bf8, 0x52fc83f7, 0xf98cfb1e, 0x0500440a, 0xfcf92c36, 0xfc15f4f9, 0x9ff70695, 0xf72bf7a7, 
    0x1b7df73f, 0x03f757f7, 0x64083e82, 0xf71fb022, 0xf705a1b4, 0x8efb5cbd, 0xe4fb57f7, 0xfb43fc1b, 0xfcdbfba9, 0xf76afc61, 0xf8ddfba4, 0xf7edf74a, 
    0xf761f780, 0xfb1fbcac, 0xfb05a1b6, 0x0ffb622e, 0x1b44fb2a, 0x25fb75fb, 0x8ff732f7, 0x91f81f65, 0x44f70e06, 0xf7b9061c, 0x3c35155a, 0x1f429c94, 
    0x18f707f7, 0xf743f7cc, 0x5ff71a5a, 0xfbf4f707, 0x08498247, 0xabfbb0ba, 0x8afb44fb, 0xfb1ee4fb, 0x66fb0761, 0xf74ffbd8, 0x1e20fb27, 0x89727387, 
    0x88fb1b71, 0x85f748fb, 0xf71fbff7, 0x71f7071b, 0xf738f7f2, 0xf71e9110, 0xcffb0799, 0xacfb68fb, 0xfb1f08fc, 0x55fc071b, 0xedfbb6f7, 0x1df746f8, 
    0xbfa80ff7, 0xf7591ef5, 0x702ef717, 0xfc1b44f7, 0x1507f895, 0x3fef1afb, 0x3bf725f7, 0x0763f71a, 0xf7d855f7, 0xf702f71b, 0x24fbd801, 0xfb1e62fb, 
    0x31fb0763, 0x2620fb4d, 0xf70e1e2e, 0x2aedfadc, 0xfb6dfe0a, 0x1cecf797, 0x041c03fb, 0xf74cfc6c, 0xf9a606ba, 0x5cfb054e, 0xfbfe041c, 0x02fb1cb7, 
    0x8ffa31fd, 0x0e06f0f7, 0x66f710f8, 0xa843fc0a, 0xaa24bd82, 0xf71b3ff8, 0x080a4018, 0x1d1af730, 0x8f0ad1df, 0x0e1d31f7, 0xfbd1f9f1, 0xb0821594, 
    0x06752308, 0xf7a642f8, 0xf787f789, 0x0a80f7db, 0xf905a135, 0x57f70715, 0x211af776, 0x083cfb9f, 0x8206bef7, 0x7582caf7, 0xfc793d08, 0xf708a40f, 
    0xfb38fb7a, 0xfffb077c, 0xfb9ffb69, 0x1ad9fb75, 0x60f7b1fb, 0xddf73bfb, 0x71ec1e32, 0x073cfd05, 0xfba05dfb, 0xf77bf532, 0xcafb085a, 0xf1fb9e06, 
    0x73fb92f7, 0x087130f8, 0x36086782, 0x0ef915a6, 0x5266f707, 0xfb4233f7, 0x46fb1a45, 0x10fb2bfb, 0x1e726efb, 0x5afa38fb, 0xb62bfb15, 0x8cda40fb, 
    0xf70844f7, 0xf70ef72d, 0xa65cf709, 0x03fb0e1e, 0x821688f9, 0x7e350839, 0xa6d6f706, 0x64f762f7, 0x08abf7aa, 0x6a06b7fb, 0x2e2822fb, 0x08741cfb, 
    0xf707c2fa, 0xfbe67